tier,case,dataset,algo,run,local_dir,id,role,proxy_acc,params,flops,cuda_time,active_ops
A,C1_triobj,cifar10,moqnas,exp22_repeat_1,moqnas/experiment_cifar10_moqnas_v2/exp22_repeat_1,102_13,strat10,63.5,15402,20654080,22190.9,5
A,C1_triobj,cifar10,moqnas,exp22_repeat_1,moqnas/experiment_cifar10_moqnas_v2/exp22_repeat_1,133_10,front,64.6,18634,20187648,12412.4,7
A,C1_triobj,cifar10,moqnas,exp22_repeat_1,moqnas/experiment_cifar10_moqnas_v2/exp22_repeat_1,109_11,front,60.0,27370,10463232,9557.5,7
A,C1_triobj,cifar10,moqnas,exp22_repeat_1,moqnas/experiment_cifar10_moqnas_v2/exp22_repeat_1,73_2,front,60.7,41162,20648960,7306.9,10
A,C1_triobj,cifar10,moqnas,exp22_repeat_1,moqnas/experiment_cifar10_moqnas_v2/exp22_repeat_1,0_0,front,60.4,59754,88474240,2410.9,10
A,C1_triobj,cifar10,moqnas,exp22_repeat_1,moqnas/experiment_cifar10_moqnas_v2/exp22_repeat_1,106_14,strat10,61.1,61066,54788736,10601.2,10
A,C1_triobj,cifar10,moqnas,exp22_repeat_1,moqnas/experiment_cifar10_moqnas_v2/exp22_repeat_1,106_18,front,65.5,68298,39717376,14350.2,9
A,C1_triobj,cifar10,moqnas,exp22_repeat_1,moqnas/experiment_cifar10_moqnas_v2/exp22_repeat_1,116_5,front,65.8,85354,155068416,14098.9,6
A,C1_triobj,cifar10,moqnas,exp22_repeat_1,moqnas/experiment_cifar10_moqnas_v2/exp22_repeat_1,95_15,front,65.8,98346,117904384,8848.4,11
A,C1_triobj,cifar10,moqnas,exp22_repeat_1,moqnas/experiment_cifar10_moqnas_v2/exp22_repeat_1,125_6,front,67.2,99050,92312576,16469.5,8
A,C1_triobj,cifar10,moqnas,exp22_repeat_1,moqnas/experiment_cifar10_moqnas_v2/exp22_repeat_1,133_3,front,62.3,110314,31810176,7319.2,11
A,C1_triobj,cifar10,moqnas,exp22_repeat_1,moqnas/experiment_cifar10_moqnas_v2/exp22_repeat_1,96_2,strat10,66.9,113322,60162688,15289.8,10
A,C1_triobj,cifar10,moqnas,exp22_repeat_1,moqnas/experiment_cifar10_moqnas_v2/exp22_repeat_1,65_6,front,66.2,118474,165677568,7686.5,8
A,C1_triobj,cifar10,moqnas,exp22_repeat_1,moqnas/experiment_cifar10_moqnas_v2/exp22_repeat_1,61_2,front,68.1,119242,159393792,5596.6,7
A,C1_triobj,cifar10,moqnas,exp22_repeat_1,moqnas/experiment_cifar10_moqnas_v2/exp22_repeat_1,89_5,front,60.6,135050,55837952,5394.4,12
A,C1_triobj,cifar10,moqnas,exp22_repeat_1,moqnas/experiment_cifar10_moqnas_v2/exp22_repeat_1,143_11,front,69.4,135178,94261248,21675.2,9
A,C1_triobj,cifar10,moqnas,exp22_repeat_1,moqnas/experiment_cifar10_moqnas_v2/exp22_repeat_1,34_8,strat10,69.5,150058,150380544,14098.1,7
A,C1_triobj,cifar10,moqnas,exp22_repeat_1,moqnas/experiment_cifar10_moqnas_v2/exp22_repeat_1,135_9,front,66.5,156234,171397120,2445.3,8
A,C1_triobj,cifar10,moqnas,exp22_repeat_1,moqnas/experiment_cifar10_moqnas_v2/exp22_repeat_1,64_3,front,67.8,158538,146080384,2285.9,12
A,C1_triobj,cifar10,moqnas,exp22_repeat_1,moqnas/experiment_cifar10_moqnas_v2/exp22_repeat_1,91_16,front,69.4,162602,170067200,6186.9,11
A,C1_triobj,cifar10,moqnas,exp22_repeat_1,moqnas/experiment_cifar10_moqnas_v2/exp22_repeat_1,128_17,front,68.4,165450,122819584,4566.8,10
A,C1_triobj,cifar10,moqnas,exp22_repeat_1,moqnas/experiment_cifar10_moqnas_v2/exp22_repeat_1,87_10,front,64.9,166794,162628864,2118.4,11
A,C1_triobj,cifar10,moqnas,exp22_repeat_1,moqnas/experiment_cifar10_moqnas_v2/exp22_repeat_1,135_13,strat10,70.6,177738,203428864,6061.5,11
A,C1_triobj,cifar10,moqnas,exp22_repeat_1,moqnas/experiment_cifar10_moqnas_v2/exp22_repeat_1,11_2,knee,71.8,190186,249470976,14172.6,9
A,C1_triobj,cifar10,moqnas,exp22_repeat_1,moqnas/experiment_cifar10_moqnas_v2/exp22_repeat_1,82_2,front,71.5,199658,171246848,6445.9,11
A,C1_triobj,cifar10,moqnas,exp22_repeat_1,moqnas/experiment_cifar10_moqnas_v2/exp22_repeat_1,27_18,front,69.8,203594,256286720,4057.5,9
A,C1_triobj,cifar10,moqnas,exp22_repeat_1,moqnas/experiment_cifar10_moqnas_v2/exp22_repeat_1,140_4,front,68.4,232234,99224064,2739.1,9
A,C1_triobj,cifar10,moqnas,exp22_repeat_1,moqnas/experiment_cifar10_moqnas_v2/exp22_repeat_1,141_2,strat10,71.9,253770,173363200,9254.0,10
A,C1_triobj,cifar10,moqnas,exp22_repeat_1,moqnas/experiment_cifar10_moqnas_v2/exp22_repeat_1,98_1,compact,73.5,254794,210118656,8972.2,10
A,C1_triobj,cifar10,moqnas,exp22_repeat_1,moqnas/experiment_cifar10_moqnas_v2/exp22_repeat_1,125_19,front,71.5,278634,557197312,4965.2,9
A,C1_triobj,cifar10,moqnas,exp22_repeat_1,moqnas/experiment_cifar10_moqnas_v2/exp22_repeat_1,125_10,front,69.9,327242,603259520,891.3,14
A,C1_triobj,cifar10,moqnas,exp22_repeat_1,moqnas/experiment_cifar10_moqnas_v2/exp22_repeat_1,87_15,front,68.0,364746,417682432,845.1,12
A,C1_triobj,cifar10,moqnas,exp22_repeat_1,moqnas/experiment_cifar10_moqnas_v2/exp22_repeat_1,126_18,front,71.7,374730,743133184,5080.4,9
A,C1_triobj,cifar10,moqnas,exp22_repeat_1,moqnas/experiment_cifar10_moqnas_v2/exp22_repeat_1,53_10,strat10,72.1,394538,764417024,3414.4,8
A,C1_triobj,cifar10,moqnas,exp22_repeat_1,moqnas/experiment_cifar10_moqnas_v2/exp22_repeat_1,38_3,front,69.7,411914,557451776,844.3,12
A,C1_triobj,cifar10,moqnas,exp22_repeat_1,moqnas/experiment_cifar10_moqnas_v2/exp22_repeat_1,104_15,front,71.0,454858,803088384,3082.7,8
A,C1_triobj,cifar10,moqnas,exp22_repeat_1,moqnas/experiment_cifar10_moqnas_v2/exp22_repeat_1,107_8,front,75.1,463274,806758400,5337.7,10
A,C1_triobj,cifar10,moqnas,exp22_repeat_1,moqnas/experiment_cifar10_moqnas_v2/exp22_repeat_1,62_14,front,75.4,485674,794034816,5601.0,11
A,C1_triobj,cifar10,moqnas,exp22_repeat_1,moqnas/experiment_cifar10_moqnas_v2/exp22_repeat_1,81_13,front,71.0,487050,894128128,761.3,10
A,C1_triobj,cifar10,moqnas,exp22_repeat_1,moqnas/experiment_cifar10_moqnas_v2/exp22_repeat_1,14_9,front,69.5,487754,794044928,741.0,11
A,C1_triobj,cifar10,moqnas,exp22_repeat_1,moqnas/experiment_cifar10_moqnas_v2/exp22_repeat_1,42_9,front,71.5,502186,880544256,3272.7,12
A,C1_triobj,cifar10,moqnas,exp22_repeat_1,moqnas/experiment_cifar10_moqnas_v2/exp22_repeat_1,127_2,front,74.5,506026,880551936,656.4,11
A,C1_triobj,cifar10,moqnas,exp22_repeat_1,moqnas/experiment_cifar10_moqnas_v2/exp22_repeat_1,140_10,front,69.7,557226,532424704,613.2,9
A,C1_triobj,cifar10,moqnas,exp22_repeat_1,moqnas/experiment_cifar10_moqnas_v2/exp22_repeat_1,143_9,front,75.3,612522,874119808,5152.8,12
A,C1_triobj,cifar10,moqnas,exp22_repeat_1,moqnas/experiment_cifar10_moqnas_v2/exp22_repeat_1,107_14,front,74.8,626026,1070994432,3215.0,13
A,C1_triobj,cifar10,moqnas,exp22_repeat_1,moqnas/experiment_cifar10_moqnas_v2/exp22_repeat_1,122_4,front,76.2,643050,964494592,672.7,12
A,C1_triobj,cifar10,moqnas,exp22_repeat_1,moqnas/experiment_cifar10_moqnas_v2/exp22_repeat_1,47_8,front,63.4,670858,1063031808,499.8,12
A,C1_triobj,cifar10,moqnas,exp22_repeat_1,moqnas/experiment_cifar10_moqnas_v2/exp22_repeat_1,57_1,front,72.2,1272330,2468119168,625.9,10
A,C1_triobj,cifar10,moqnas,exp22_repeat_1,moqnas/experiment_cifar10_moqnas_v2/exp22_repeat_1,102_18,front,77.0,1351306,2211971712,1147.3,16
A,C1_triobj,cifar10,moqnas,exp22_repeat_1,moqnas/experiment_cifar10_moqnas_v2/exp22_repeat_1,130_14,best_acc,77.3,1714474,2235322368,667.5,9
A,C1_triobj,cifar10,moqnas,exp22_repeat_2,moqnas/experiment_cifar10_moqnas_v2/exp22_repeat_2,86_8,strat10,61.3,15402,20654080,14159.3,5
A,C1_triobj,cifar10,moqnas,exp22_repeat_2,moqnas/experiment_cifar10_moqnas_v2/exp22_repeat_2,148_6,front,63.7,22218,31467520,17808.7,6
A,C1_triobj,cifar10,moqnas,exp22_repeat_2,moqnas/experiment_cifar10_moqnas_v2/exp22_repeat_2,140_13,front,63.5,35690,48370688,15855.7,9
A,C1_triobj,cifar10,moqnas,exp22_repeat_2,moqnas/experiment_cifar10_moqnas_v2/exp22_repeat_2,88_14,front,60.7,38186,33882752,2232.3,10
A,C1_triobj,cifar10,moqnas,exp22_repeat_2,moqnas/experiment_cifar10_moqnas_v2/exp22_repeat_2,142_13,knee,67.8,47370,83765248,19287.1,7
A,C1_triobj,cifar10,moqnas,exp22_repeat_2,moqnas/experiment_cifar10_moqnas_v2/exp22_repeat_2,150_18,strat10,62.9,54730,83841024,15676.2,8
A,C1_triobj,cifar10,moqnas,exp22_repeat_2,moqnas/experiment_cifar10_moqnas_v2/exp22_repeat_2,108_8,front,61.6,66186,37749376,9122.9,11
A,C1_triobj,cifar10,moqnas,exp22_repeat_2,moqnas/experiment_cifar10_moqnas_v2/exp22_repeat_2,98_16,front,62.5,80842,25171200,11248.1,10
A,C1_triobj,cifar10,moqnas,exp22_repeat_2,moqnas/experiment_cifar10_moqnas_v2/exp22_repeat_2,116_14,front,67.8,83306,155592704,11880.1,7
A,C1_triobj,cifar10,moqnas,exp22_repeat_2,moqnas/experiment_cifar10_moqnas_v2/exp22_repeat_2,10_3,strat10,66.2,85994,94471424,2081.2,12
A,C1_triobj,cifar10,moqnas,exp22_repeat_2,moqnas/experiment_cifar10_moqnas_v2/exp22_repeat_2,99_0,front,64.7,87210,99131392,723.3,8
A,C1_triobj,cifar10,moqnas,exp22_repeat_2,moqnas/experiment_cifar10_moqnas_v2/exp22_repeat_2,5_10,front,67.7,92938,97195008,6225.8,11
A,C1_triobj,cifar10,moqnas,exp22_repeat_2,moqnas/experiment_cifar10_moqnas_v2/exp22_repeat_2,84_5,front,69.1,111146,51138560,8033.8,8
A,C1_triobj,cifar10,moqnas,exp22_repeat_2,moqnas/experiment_cifar10_moqnas_v2/exp22_repeat_2,42_15,front,67.6,127114,162272256,5699.7,8
A,C1_triobj,cifar10,moqnas,exp22_repeat_2,moqnas/experiment_cifar10_moqnas_v2/exp22_repeat_2,137_5,strat10,69.4,128106,179835904,4780.0,9
A,C1_triobj,cifar10,moqnas,exp22_repeat_2,moqnas/experiment_cifar10_moqnas_v2/exp22_repeat_2,99_14,front,63.3,174154,213688320,656.1,8
A,C1_triobj,cifar10,moqnas,exp22_repeat_2,moqnas/experiment_cifar10_moqnas_v2/exp22_repeat_2,123_2,front,68.5,198442,392374272,3655.5,11
A,C1_triobj,cifar10,moqnas,exp22_repeat_2,moqnas/experiment_cifar10_moqnas_v2/exp22_repeat_2,31_2,front,69.6,212490,392432128,5002.0,11
A,C1_triobj,cifar10,moqnas,exp22_repeat_2,moqnas/experiment_cifar10_moqnas_v2/exp22_repeat_2,8_4,front,68.5,220842,392503936,2837.3,13
A,C1_triobj,cifar10,moqnas,exp22_repeat_2,moqnas/experiment_cifar10_moqnas_v2/exp22_repeat_2,53_15,strat10,71.3,222826,443295744,673.5,9
A,C1_triobj,cifar10,moqnas,exp22_repeat_2,moqnas/experiment_cifar10_moqnas_v2/exp22_repeat_2,89_16,front,71.9,236682,170066560,13800.8,13
A,C1_triobj,cifar10,moqnas,exp22_repeat_2,moqnas/experiment_cifar10_moqnas_v2/exp22_repeat_2,49_9,front,71.4,254698,248251008,12243.7,10
A,C1_triobj,cifar10,moqnas,exp22_repeat_2,moqnas/experiment_cifar10_moqnas_v2/exp22_repeat_2,139_15,compact,72.8,257098,443028480,6444.1,12
A,C1_triobj,cifar10,moqnas,exp22_repeat_2,moqnas/experiment_cifar10_moqnas_v2/exp22_repeat_2,46_12,strat10,74.3,275466,249102976,6280.5,13
A,C1_triobj,cifar10,moqnas,exp22_repeat_2,moqnas/experiment_cifar10_moqnas_v2/exp22_repeat_2,46_11,front,65.6,279658,371917440,673.2,12
A,C1_triobj,cifar10,moqnas,exp22_repeat_2,moqnas/experiment_cifar10_moqnas_v2/exp22_repeat_2,37_3,front,71.4,280618,371919360,764.4,11
A,C1_triobj,cifar10,moqnas,exp22_repeat_2,moqnas/experiment_cifar10_moqnas_v2/exp22_repeat_2,91_14,front,72.4,303146,301995008,4249.8,14
A,C1_triobj,cifar10,moqnas,exp22_repeat_2,moqnas/experiment_cifar10_moqnas_v2/exp22_repeat_2,64_12,front,73.0,338730,245959168,5620.7,14
A,C1_triobj,cifar10,moqnas,exp22_repeat_2,moqnas/experiment_cifar10_moqnas_v2/exp22_repeat_2,116_19,strat10,73.1,372682,391910400,6166.6,11
A,C1_triobj,cifar10,moqnas,exp22_repeat_2,moqnas/experiment_cifar10_moqnas_v2/exp22_repeat_2,75_15,front,72.8,380362,391925760,712.0,10
A,C1_triobj,cifar10,moqnas,exp22_repeat_2,moqnas/experiment_cifar10_moqnas_v2/exp22_repeat_2,138_13,front,73.4,405130,792219648,646.7,9
A,C1_triobj,cifar10,moqnas,exp22_repeat_2,moqnas/experiment_cifar10_moqnas_v2/exp22_repeat_2,147_0,front,74.6,428106,832637440,3059.8,11
A,C1_triobj,cifar10,moqnas,exp22_repeat_2,moqnas/experiment_cifar10_moqnas_v2/exp22_repeat_2,116_2,front,74.8,445866,480510592,801.9,13
A,C1_triobj,cifar10,moqnas,exp22_repeat_2,moqnas/experiment_cifar10_moqnas_v2/exp22_repeat_2,122_9,front,68.6,492330,917505280,606.4,11
A,C1_triobj,cifar10,moqnas,exp22_repeat_2,moqnas/experiment_cifar10_moqnas_v2/exp22_repeat_2,134_17,front,74.5,555850,1123559424,714.1,10
A,C1_triobj,cifar10,moqnas,exp22_repeat_2,moqnas/experiment_cifar10_moqnas_v2/exp22_repeat_2,114_16,front,60.2,608010,1226318464,511.4,9
A,C1_triobj,cifar10,moqnas,exp22_repeat_2,moqnas/experiment_cifar10_moqnas_v2/exp22_repeat_2,31_0,front,75.3,614666,1202326016,846.7,12
A,C1_triobj,cifar10,moqnas,exp22_repeat_2,moqnas/experiment_cifar10_moqnas_v2/exp22_repeat_2,127_10,front,76.2,614858,1202326016,3937.6,13
A,C1_triobj,cifar10,moqnas,exp22_repeat_2,moqnas/experiment_cifar10_moqnas_v2/exp22_repeat_2,131_0,front,77.0,657034,1024984320,3945.9,11
A,C1_triobj,cifar10,moqnas,exp22_repeat_2,moqnas/experiment_cifar10_moqnas_v2/exp22_repeat_2,115_4,front,66.4,668202,1227968512,488.4,7
A,C1_triobj,cifar10,moqnas,exp22_repeat_2,moqnas/experiment_cifar10_moqnas_v2/exp22_repeat_2,76_18,front,76.9,840458,1644037376,859.3,14
A,C1_triobj,cifar10,moqnas,exp22_repeat_2,moqnas/experiment_cifar10_moqnas_v2/exp22_repeat_2,66_5,best_acc,77.4,916106,1798571264,861.0,14
A,C1_triobj,cifar10,moqnas,exp22_repeat_2,moqnas/experiment_cifar10_moqnas_v2/exp22_repeat_2,150_6,front,77.0,977354,1837892864,781.4,12
A,C1_triobj,cifar10,moqnas,exp22_repeat_3,moqnas/experiment_cifar10_moqnas_v2/exp22_repeat_3,97_7,strat10,62.2,14666,12454400,13470.5,7
A,C1_triobj,cifar10,moqnas,exp22_repeat_3,moqnas/experiment_cifar10_moqnas_v2/exp22_repeat_3,83_18,front,61.4,23018,3852800,10055.3,7
A,C1_triobj,cifar10,moqnas,exp22_repeat_3,moqnas/experiment_cifar10_moqnas_v2/exp22_repeat_3,136_9,front,63.4,49130,19091456,7033.4,7
A,C1_triobj,cifar10,moqnas,exp22_repeat_3,moqnas/experiment_cifar10_moqnas_v2/exp22_repeat_3,105_8,front,66.0,50442,52842496,15641.2,7
A,C1_triobj,cifar10,moqnas,exp22_repeat_3,moqnas/experiment_cifar10_moqnas_v2/exp22_repeat_3,92_3,front,64.7,55754,12756992,14945.0,8
A,C1_triobj,cifar10,moqnas,exp22_repeat_3,moqnas/experiment_cifar10_moqnas_v2/exp22_repeat_3,111_19,strat10,66.4,64810,17828352,11800.3,7
A,C1_triobj,cifar10,moqnas,exp22_repeat_3,moqnas/experiment_cifar10_moqnas_v2/exp22_repeat_3,98_10,front,61.5,65098,83962368,3237.3,10
A,C1_triobj,cifar10,moqnas,exp22_repeat_3,moqnas/experiment_cifar10_moqnas_v2/exp22_repeat_3,129_8,front,68.9,76010,65475584,16446.9,10
A,C1_triobj,cifar10,moqnas,exp22_repeat_3,moqnas/experiment_cifar10_moqnas_v2/exp22_repeat_3,89_1,front,64.1,78442,49728000,4988.1,10
A,C1_triobj,cifar10,moqnas,exp22_repeat_3,moqnas/experiment_cifar10_moqnas_v2/exp22_repeat_3,136_14,strat10,62.7,81098,153823232,4897.4,8
A,C1_triobj,cifar10,moqnas,exp22_repeat_3,moqnas/experiment_cifar10_moqnas_v2/exp22_repeat_3,123_11,front,68.7,87498,54022144,11953.0,8
A,C1_triobj,cifar10,moqnas,exp22_repeat_3,moqnas/experiment_cifar10_moqnas_v2/exp22_repeat_3,92_5,front,66.9,101418,200676352,5225.1,8
A,C1_triobj,cifar10,moqnas,exp22_repeat_3,moqnas/experiment_cifar10_moqnas_v2/exp22_repeat_3,142_5,front,62.3,109578,105124864,3807.7,11
A,C1_triobj,cifar10,moqnas,exp22_repeat_3,moqnas/experiment_cifar10_moqnas_v2/exp22_repeat_3,69_13,front,69.6,118474,70715904,16504.6,10
A,C1_triobj,cifar10,moqnas,exp22_repeat_3,moqnas/experiment_cifar10_moqnas_v2/exp22_repeat_3,37_17,strat10,67.6,127114,182326272,11580.2,8
A,C1_triobj,cifar10,moqnas,exp22_repeat_3,moqnas/experiment_cifar10_moqnas_v2/exp22_repeat_3,27_0,front,69.7,132554,55715840,9755.5,8
A,C1_triobj,cifar10,moqnas,exp22_repeat_3,moqnas/experiment_cifar10_moqnas_v2/exp22_repeat_3,86_16,knee,72.9,136554,201852160,3765.7,10
A,C1_triobj,cifar10,moqnas,exp22_repeat_3,moqnas/experiment_cifar10_moqnas_v2/exp22_repeat_3,131_10,front,66.3,187082,374739968,2371.5,10
A,C1_triobj,cifar10,moqnas,exp22_repeat_3,moqnas/experiment_cifar10_moqnas_v2/exp22_repeat_3,79_7,front,72.9,201514,152701440,11128.3,9
A,C1_triobj,cifar10,moqnas,exp22_repeat_3,moqnas/experiment_cifar10_moqnas_v2/exp22_repeat_3,143_6,strat10,70.3,216074,397844480,3179.1,7
A,C1_triobj,cifar10,moqnas,exp22_repeat_3,moqnas/experiment_cifar10_moqnas_v2/exp22_repeat_3,133_2,front,72.6,247754,324801536,675.4,11
A,C1_triobj,cifar10,moqnas,exp22_repeat_3,moqnas/experiment_cifar10_moqnas_v2/exp22_repeat_3,89_6,front,65.0,316746,166462720,421.0,9
A,C1_triobj,cifar10,moqnas,exp22_repeat_3,moqnas/experiment_cifar10_moqnas_v2/exp22_repeat_3,127_14,compact,75.6,318090,362154496,12989.7,10
A,C1_triobj,cifar10,moqnas,exp22_repeat_3,moqnas/experiment_cifar10_moqnas_v2/exp22_repeat_3,143_11,strat10,73.1,331690,241575936,11492.4,9
A,C1_triobj,cifar10,moqnas,exp22_repeat_3,moqnas/experiment_cifar10_moqnas_v2/exp22_repeat_3,115_19,front,70.0,360202,504840192,670.6,9
A,C1_triobj,cifar10,moqnas,exp22_repeat_3,moqnas/experiment_cifar10_moqnas_v2/exp22_repeat_3,126_12,front,74.1,360490,579867648,6034.1,12
A,C1_triobj,cifar10,moqnas,exp22_repeat_3,moqnas/experiment_cifar10_moqnas_v2/exp22_repeat_3,85_12,front,72.8,368170,579883008,751.3,11
A,C1_triobj,cifar10,moqnas,exp22_repeat_3,moqnas/experiment_cifar10_moqnas_v2/exp22_repeat_3,3_14,front,66.1,380938,387661824,659.2,9
A,C1_triobj,cifar10,moqnas,exp22_repeat_3,moqnas/experiment_cifar10_moqnas_v2/exp22_repeat_3,55_16,strat10,65.4,408682,819200640,591.3,10
A,C1_triobj,cifar10,moqnas,exp22_repeat_3,moqnas/experiment_cifar10_moqnas_v2/exp22_repeat_3,105_4,front,73.0,411818,761924096,669.6,12
A,C1_triobj,cifar10,moqnas,exp22_repeat_3,moqnas/experiment_cifar10_moqnas_v2/exp22_repeat_3,137_12,front,73.2,466186,410391552,4883.9,12
A,C1_triobj,cifar10,moqnas,exp22_repeat_3,moqnas/experiment_cifar10_moqnas_v2/exp22_repeat_3,76_6,front,67.8,470314,930873984,522.8,10
A,C1_triobj,cifar10,moqnas,exp22_repeat_3,moqnas/experiment_cifar10_moqnas_v2/exp22_repeat_3,118_1,front,73.3,530282,381046784,744.9,12
A,C1_triobj,cifar10,moqnas,exp22_repeat_3,moqnas/experiment_cifar10_moqnas_v2/exp22_repeat_3,79_15,front,74.4,545770,813597312,5942.7,13
A,C1_triobj,cifar10,moqnas,exp22_repeat_3,moqnas/experiment_cifar10_moqnas_v2/exp22_repeat_3,147_6,front,75.7,575434,741676032,4348.6,12
A,C1_triobj,cifar10,moqnas,exp22_repeat_3,moqnas/experiment_cifar10_moqnas_v2/exp22_repeat_3,78_12,front,76.6,583274,752620544,3319.4,11
A,C1_triobj,cifar10,moqnas,exp22_repeat_3,moqnas/experiment_cifar10_moqnas_v2/exp22_repeat_3,114_18,front,70.2,687370,822281472,663.8,13
A,C1_triobj,cifar10,moqnas,exp22_repeat_3,moqnas/experiment_cifar10_moqnas_v2/exp22_repeat_3,88_16,front,75.8,689194,822297216,2631.1,14
A,C1_triobj,cifar10,moqnas,exp22_repeat_3,moqnas/experiment_cifar10_moqnas_v2/exp22_repeat_3,138_9,front,74.4,738346,823919232,771.5,12
A,C1_triobj,cifar10,moqnas,exp22_repeat_3,moqnas/experiment_cifar10_moqnas_v2/exp22_repeat_3,134_3,front,71.1,821674,1506544128,532.1,9
A,C1_triobj,cifar10,moqnas,exp22_repeat_3,moqnas/experiment_cifar10_moqnas_v2/exp22_repeat_3,37_7,front,73.4,828042,1680615424,754.6,11
A,C1_triobj,cifar10,moqnas,exp22_repeat_3,moqnas/experiment_cifar10_moqnas_v2/exp22_repeat_3,132_19,front,77.3,858378,1521882112,517.7,9
A,C1_triobj,cifar10,moqnas,exp22_repeat_3,moqnas/experiment_cifar10_moqnas_v2/exp22_repeat_3,79_19,best_acc,78.8,893514,1314260224,614.4,11
A,C1_triobj,cifar10,nsga2,exp4_repeat_1,nsga/experiment_cifar10_nsga2/exp4_repeat_1,144_17,strat10,62.2,75402,32425216,36992.0,17
A,C1_triobj,cifar10,nsga2,exp4_repeat_1,nsga/experiment_cifar10_nsga2/exp4_repeat_1,65_12,front,60.7,106794,15121024,35037.9,20
A,C1_triobj,cifar10,nsga2,exp4_repeat_1,nsga/experiment_cifar10_nsga2/exp4_repeat_1,147_15,front,60.6,125642,61266560,32989.2,17
A,C1_triobj,cifar10,nsga2,exp4_repeat_1,nsga/experiment_cifar10_nsga2/exp4_repeat_1,121_12,front,60.1,189322,19485312,21381.0,19
A,C1_triobj,cifar10,nsga2,exp4_repeat_1,nsga/experiment_cifar10_nsga2/exp4_repeat_1,62_6,front,63.5,231082,115110528,35844.6,20
A,C1_triobj,cifar10,nsga2,exp4_repeat_1,nsga/experiment_cifar10_nsga2/exp4_repeat_1,105_1,front,64.9,253834,505045632,27863.4,17
A,C1_triobj,cifar10,nsga2,exp4_repeat_1,nsga/experiment_cifar10_nsga2/exp4_repeat_1,142_15,front,63.4,259434,410321536,15034.5,19
A,C1_triobj,cifar10,nsga2,exp4_repeat_1,nsga/experiment_cifar10_nsga2/exp4_repeat_1,133_11,strat10,66.4,276554,42883712,34601.9,18
A,C1_triobj,cifar10,nsga2,exp4_repeat_1,nsga/experiment_cifar10_nsga2/exp4_repeat_1,130_6,front,66.7,310346,212132480,35800.3,18
A,C1_triobj,cifar10,nsga2,exp4_repeat_1,nsga/experiment_cifar10_nsga2/exp4_repeat_1,54_10,front,66.5,326634,517278208,33414.1,18
A,C1_triobj,cifar10,nsga2,exp4_repeat_1,nsga/experiment_cifar10_nsga2/exp4_repeat_1,66_14,front,67.5,348682,609948672,23823.3,20
A,C1_triobj,cifar10,nsga2,exp4_repeat_1,nsga/experiment_cifar10_nsga2/exp4_repeat_1,11_18,front,68.8,372586,596182272,22847.5,17
A,C1_triobj,cifar10,nsga2,exp4_repeat_1,nsga/experiment_cifar10_nsga2/exp4_repeat_1,11_14,front,61.6,404650,588619776,14301.0,17
A,C1_triobj,cifar10,nsga2,exp4_repeat_1,nsga/experiment_cifar10_nsga2/exp4_repeat_1,11_7,front,69.2,423914,660570752,21041.1,18
A,C1_triobj,cifar10,nsga2,exp4_repeat_1,nsga/experiment_cifar10_nsga2/exp4_repeat_1,25_9,knee,70.8,516426,880216576,13594.4,18
A,C1_triobj,cifar10,nsga2,exp4_repeat_1,nsga/experiment_cifar10_nsga2/exp4_repeat_1,10_13,front,62.5,554090,968566784,3106.5,18
A,C1_triobj,cifar10,nsga2,exp4_repeat_1,nsga/experiment_cifar10_nsga2/exp4_repeat_1,22_5,front,63.3,590122,993239040,12470.8,18
A,C1_triobj,cifar10,nsga2,exp4_repeat_1,nsga/experiment_cifar10_nsga2/exp4_repeat_1,4_5,front,71.8,683882,748955648,25426.1,20
A,C1_triobj,cifar10,nsga2,exp4_repeat_1,nsga/experiment_cifar10_nsga2/exp4_repeat_1,10_2,front,65.5,685226,840771584,5907.6,17
A,C1_triobj,cifar10,nsga2,exp4_repeat_1,nsga/experiment_cifar10_nsga2/exp4_repeat_1,3_12,front,71.0,695370,511255168,20504.2,20
A,C1_triobj,cifar10,nsga2,exp4_repeat_1,nsga/experiment_cifar10_nsga2/exp4_repeat_1,3_15,front,72.0,705002,737053184,14154.1,20
A,C1_triobj,cifar10,nsga2,exp4_repeat_1,nsga/experiment_cifar10_nsga2/exp4_repeat_1,10_7,front,72.8,730890,775824640,11490.3,20
A,C1_triobj,cifar10,nsga2,exp4_repeat_1,nsga/experiment_cifar10_nsga2/exp4_repeat_1,23_2,strat10,67.7,773002,982520832,7575.9,20
A,C1_triobj,cifar10,nsga2,exp4_repeat_1,nsga/experiment_cifar10_nsga2/exp4_repeat_1,142_9,front,70.5,872010,931086976,10181.6,18
A,C1_triobj,cifar10,nsga2,exp4_repeat_1,nsga/experiment_cifar10_nsga2/exp4_repeat_1,59_7,compact,75.9,914122,1303642752,32136.2,19
A,C1_triobj,cifar10,nsga2,exp4_repeat_1,nsga/experiment_cifar10_nsga2/exp4_repeat_1,124_11,front,73.0,922826,1689322112,23773.3,18
A,C1_triobj,cifar10,nsga2,exp4_repeat_1,nsga/experiment_cifar10_nsga2/exp4_repeat_1,121_7,front,76.0,1008586,1302831744,16488.5,19
A,C1_triobj,cifar10,nsga2,exp4_repeat_1,nsga/experiment_cifar10_nsga2/exp4_repeat_1,127_10,front,72.2,1037066,2092393088,11477.1,18
A,C1_triobj,cifar10,nsga2,exp4_repeat_1,nsga/experiment_cifar10_nsga2/exp4_repeat_1,132_18,front,74.2,1049482,908462592,15936.5,18
A,C1_triobj,cifar10,nsga2,exp4_repeat_1,nsga/experiment_cifar10_nsga2/exp4_repeat_1,121_19,strat10,71.5,1065674,1548749312,6689.4,20
A,C1_triobj,cifar10,nsga2,exp4_repeat_1,nsga/experiment_cifar10_nsga2/exp4_repeat_1,86_3,front,77.2,1149578,1324222976,24825.3,20
A,C1_triobj,cifar10,nsga2,exp4_repeat_1,nsga/experiment_cifar10_nsga2/exp4_repeat_1,103_0,front,77.1,1199818,2246584320,16570.7,19
A,C1_triobj,cifar10,nsga2,exp4_repeat_1,nsga/experiment_cifar10_nsga2/exp4_repeat_1,141_13,front,78.7,1255402,1872235008,23626.8,18
A,C1_triobj,cifar10,nsga2,exp4_repeat_1,nsga/experiment_cifar10_nsga2/exp4_repeat_1,134_4,front,77.5,1277898,2089943680,21416.0,18
A,C1_triobj,cifar10,nsga2,exp4_repeat_1,nsga/experiment_cifar10_nsga2/exp4_repeat_1,80_16,front,66.1,1437418,2842509312,1542.8,20
A,C1_triobj,cifar10,nsga2,exp4_repeat_1,nsga/experiment_cifar10_nsga2/exp4_repeat_1,130_4,front,79.3,1451242,1885110912,24410.0,18
A,C1_triobj,cifar10,nsga2,exp4_repeat_1,nsga/experiment_cifar10_nsga2/exp4_repeat_1,144_0,strat10,78.5,1493802,1888371328,23421.3,17
A,C1_triobj,cifar10,nsga2,exp4_repeat_1,nsga/experiment_cifar10_nsga2/exp4_repeat_1,123_5,front,75.1,1498090,1644956160,13754.7,20
A,C1_triobj,cifar10,nsga2,exp4_repeat_1,nsga/experiment_cifar10_nsga2/exp4_repeat_1,133_2,front,77.4,1527434,2442136064,18342.4,18
A,C1_triobj,cifar10,nsga2,exp4_repeat_1,nsga/experiment_cifar10_nsga2/exp4_repeat_1,131_19,front,77.7,1544330,2158035584,22385.9,18
A,C1_triobj,cifar10,nsga2,exp4_repeat_1,nsga/experiment_cifar10_nsga2/exp4_repeat_1,24_0,front,69.1,1666122,2848172032,3404.6,20
A,C1_triobj,cifar10,nsga2,exp4_repeat_1,nsga/experiment_cifar10_nsga2/exp4_repeat_1,122_13,front,79.5,1716490,2002782720,34332.2,17
A,C1_triobj,cifar10,nsga2,exp4_repeat_1,nsga/experiment_cifar10_nsga2/exp4_repeat_1,109_10,front,73.4,1784874,3396751360,12295.3,20
A,C1_triobj,cifar10,nsga2,exp4_repeat_1,nsga/experiment_cifar10_nsga2/exp4_repeat_1,102_5,strat10,73.7,1788490,3498478080,12041.4,20
A,C1_triobj,cifar10,nsga2,exp4_repeat_1,nsga/experiment_cifar10_nsga2/exp4_repeat_1,38_11,front,75.0,1814442,3684192256,2880.6,20
A,C1_triobj,cifar10,nsga2,exp4_repeat_1,nsga/experiment_cifar10_nsga2/exp4_repeat_1,149_12,front,75.8,1856266,3543552000,11114.1,17
A,C1_triobj,cifar10,nsga2,exp4_repeat_1,nsga/experiment_cifar10_nsga2/exp4_repeat_1,24_2,front,73.3,1883818,3810394752,1326.0,19
A,C1_triobj,cifar10,nsga2,exp4_repeat_1,nsga/experiment_cifar10_nsga2/exp4_repeat_1,12_18,front,74.7,1996010,3242721920,2291.7,20
A,C1_triobj,cifar10,nsga2,exp4_repeat_1,nsga/experiment_cifar10_nsga2/exp4_repeat_1,30_1,front,78.0,2005802,3235386368,11926.0,20
A,C1_triobj,cifar10,nsga2,exp4_repeat_1,nsga/experiment_cifar10_nsga2/exp4_repeat_1,115_4,front,75.1,2034250,4070326272,1391.1,17
A,C1_triobj,cifar10,nsga2,exp4_repeat_1,nsga/experiment_cifar10_nsga2/exp4_repeat_1,86_13,front,75.6,2059818,3053851648,2957.2,20
A,C1_triobj,cifar10,nsga2,exp4_repeat_1,nsga/experiment_cifar10_nsga2/exp4_repeat_1,95_19,strat10,78.5,2080106,3960869888,7925.1,18
A,C1_triobj,cifar10,nsga2,exp4_repeat_1,nsga/experiment_cifar10_nsga2/exp4_repeat_1,90_18,front,79.4,2174122,3288732672,5963.6,17
A,C1_triobj,cifar10,nsga2,exp4_repeat_1,nsga/experiment_cifar10_nsga2/exp4_repeat_1,103_1,front,63.0,2274538,4594900992,1311.2,17
A,C1_triobj,cifar10,nsga2,exp4_repeat_1,nsga/experiment_cifar10_nsga2/exp4_repeat_1,39_12,front,80.1,2345770,3931640832,19427.0,19
A,C1_triobj,cifar10,nsga2,exp4_repeat_1,nsga/experiment_cifar10_nsga2/exp4_repeat_1,98_12,front,75.9,2423178,4930097152,1379.5,18
A,C1_triobj,cifar10,nsga2,exp4_repeat_1,nsga/experiment_cifar10_nsga2/exp4_repeat_1,89_16,front,77.0,2438026,3306820608,3084.6,20
A,C1_triobj,cifar10,nsga2,exp4_repeat_1,nsga/experiment_cifar10_nsga2/exp4_repeat_1,74_9,front,73.6,2439914,4833805568,1365.7,20
A,C1_triobj,cifar10,nsga2,exp4_repeat_1,nsga/experiment_cifar10_nsga2/exp4_repeat_1,127_6,front,71.7,2456362,4960198656,1323.4,17
A,C1_triobj,cifar10,nsga2,exp4_repeat_1,nsga/experiment_cifar10_nsga2/exp4_repeat_1,99_14,front,73.2,2475338,4722151424,1263.6,17
A,C1_triobj,cifar10,nsga2,exp4_repeat_1,nsga/experiment_cifar10_nsga2/exp4_repeat_1,119_12,front,73.7,2625226,5280055296,1298.0,17
A,C1_triobj,cifar10,nsga2,exp4_repeat_1,nsga/experiment_cifar10_nsga2/exp4_repeat_1,39_6,front,77.8,2743754,4745335808,2340.3,20
A,C1_triobj,cifar10,nsga2,exp4_repeat_1,nsga/experiment_cifar10_nsga2/exp4_repeat_1,90_12,front,79.4,2923178,5653271552,1268.6,18
A,C1_triobj,cifar10,nsga2,exp4_repeat_1,nsga/experiment_cifar10_nsga2/exp4_repeat_1,97_12,front,80.4,3115786,3788903424,12783.1,20
A,C1_triobj,cifar10,nsga2,exp4_repeat_1,nsga/experiment_cifar10_nsga2/exp4_repeat_1,82_0,best_acc,80.5,3148554,3856012288,16161.3,20
A,C1_triobj,cifar10,nsga2,exp4_repeat_1,nsga/experiment_cifar10_nsga2/exp4_repeat_1,109_4,front,79.6,3304586,4174779392,7780.6,20
A,C1_triobj,cifar10,nsga2,exp4_repeat_2,nsga/experiment_cifar10_nsga2/exp4_repeat_2,57_19,strat10,61.5,54602,63112448,34517.0,16
A,C1_triobj,cifar10,nsga2,exp4_repeat_2,nsga/experiment_cifar10_nsga2/exp4_repeat_2,51_18,front,62.2,115114,79299840,31800.8,16
A,C1_triobj,cifar10,nsga2,exp4_repeat_2,nsga/experiment_cifar10_nsga2/exp4_repeat_2,13_7,front,62.2,121578,122201344,28926.8,16
A,C1_triobj,cifar10,nsga2,exp4_repeat_2,nsga/experiment_cifar10_nsga2/exp4_repeat_2,24_19,front,62.4,121578,122201344,33774.9,15
A,C1_triobj,cifar10,nsga2,exp4_repeat_2,nsga/experiment_cifar10_nsga2/exp4_repeat_2,45_0,front,60.9,147914,238486784,26296.3,17
A,C1_triobj,cifar10,nsga2,exp4_repeat_2,nsga/experiment_cifar10_nsga2/exp4_repeat_2,62_17,front,62.9,150410,241895936,33378.9,17
A,C1_triobj,cifar10,nsga2,exp4_repeat_2,nsga/experiment_cifar10_nsga2/exp4_repeat_2,10_18,front,64.1,154538,124245248,31244.2,17
A,C1_triobj,cifar10,nsga2,exp4_repeat_2,nsga/experiment_cifar10_nsga2/exp4_repeat_2,90_0,front,68.3,180938,327009536,24397.3,16
A,C1_triobj,cifar10,nsga2,exp4_repeat_2,nsga/experiment_cifar10_nsga2/exp4_repeat_2,13_18,strat10,65.4,182186,123913472,23978.1,17
A,C1_triobj,cifar10,nsga2,exp4_repeat_2,nsga/experiment_cifar10_nsga2/exp4_repeat_2,61_19,front,71.0,230058,214893184,34112.5,17
A,C1_triobj,cifar10,nsga2,exp4_repeat_2,nsga/experiment_cifar10_nsga2/exp4_repeat_2,37_18,front,71.3,231786,225641728,38393.5,16
A,C1_triobj,cifar10,nsga2,exp4_repeat_2,nsga/experiment_cifar10_nsga2/exp4_repeat_2,36_12,front,70.5,234538,231674880,27603.0,15
A,C1_triobj,cifar10,nsga2,exp4_repeat_2,nsga/experiment_cifar10_nsga2/exp4_repeat_2,26_18,front,61.5,261290,429298688,2475.7,17
A,C1_triobj,cifar10,nsga2,exp4_repeat_2,nsga/experiment_cifar10_nsga2/exp4_repeat_2,23_7,front,66.7,261386,429347840,11781.2,18
A,C1_triobj,cifar10,nsga2,exp4_repeat_2,nsga/experiment_cifar10_nsga2/exp4_repeat_2,53_4,front,72.6,264554,418579712,19935.9,16
A,C1_triobj,cifar10,nsga2,exp4_repeat_2,nsga/experiment_cifar10_nsga2/exp4_repeat_2,26_7,front,66.6,328682,567956480,4129.1,18
A,C1_triobj,cifar10,nsga2,exp4_repeat_2,nsga/experiment_cifar10_nsga2/exp4_repeat_2,38_19,strat10,72.7,351338,443745536,28869.1,17
A,C1_triobj,cifar10,nsga2,exp4_repeat_2,nsga/experiment_cifar10_nsga2/exp4_repeat_2,3_17,front,61.9,376842,522735616,2723.8,15
A,C1_triobj,cifar10,nsga2,exp4_repeat_2,nsga/experiment_cifar10_nsga2/exp4_repeat_2,90_9,knee,77.7,384298,242681088,28562.3,18
A,C1_triobj,cifar10,nsga2,exp4_repeat_2,nsga/experiment_cifar10_nsga2/exp4_repeat_2,136_18,front,69.0,384490,770540160,17258.5,18
A,C1_triobj,cifar10,nsga2,exp4_repeat_2,nsga/experiment_cifar10_nsga2/exp4_repeat_2,3_4,front,66.9,424170,274812928,7560.6,16
A,C1_triobj,cifar10,nsga2,exp4_repeat_2,nsga/experiment_cifar10_nsga2/exp4_repeat_2,6_15,front,67.7,525130,188515584,13689.6,18
A,C1_triobj,cifar10,nsga2,exp4_repeat_2,nsga/experiment_cifar10_nsga2/exp4_repeat_2,14_4,front,69.9,525418,962929920,16410.3,16
A,C1_triobj,cifar10,nsga2,exp4_repeat_2,nsga/experiment_cifar10_nsga2/exp4_repeat_2,5_6,front,67.3,535146,737683456,10338.0,18
A,C1_triobj,cifar10,nsga2,exp4_repeat_2,nsga/experiment_cifar10_nsga2/exp4_repeat_2,97_11,strat10,73.3,537162,872875264,24797.2,17
A,C1_triobj,cifar10,nsga2,exp4_repeat_2,nsga/experiment_cifar10_nsga2/exp4_repeat_2,43_2,front,73.0,546314,871629440,24032.3,14
A,C1_triobj,cifar10,nsga2,exp4_repeat_2,nsga/experiment_cifar10_nsga2/exp4_repeat_2,38_8,front,76.6,548874,873661696,22149.5,15
A,C1_triobj,cifar10,nsga2,exp4_repeat_2,nsga/experiment_cifar10_nsga2/exp4_repeat_2,69_16,front,71.4,578282,1079972864,12530.4,16
A,C1_triobj,cifar10,nsga2,exp4_repeat_2,nsga/experiment_cifar10_nsga2/exp4_repeat_2,3_12,front,67.0,646090,783667200,2825.5,16
A,C1_triobj,cifar10,nsga2,exp4_repeat_2,nsga/experiment_cifar10_nsga2/exp4_repeat_2,1_9,front,69.0,738442,484724736,6398.9,16
A,C1_triobj,cifar10,nsga2,exp4_repeat_2,nsga/experiment_cifar10_nsga2/exp4_repeat_2,61_10,front,77.8,787210,766248192,25605.9,16
A,C1_triobj,cifar10,nsga2,exp4_repeat_2,nsga/experiment_cifar10_nsga2/exp4_repeat_2,27_19,front,77.1,796426,1479019008,18589.2,16
A,C1_triobj,cifar10,nsga2,exp4_repeat_2,nsga/experiment_cifar10_nsga2/exp4_repeat_2,16_8,strat10,72.4,808266,871302400,15944.8,19
A,C1_triobj,cifar10,nsga2,exp4_repeat_2,nsga/experiment_cifar10_nsga2/exp4_repeat_2,31_14,front,77.8,816074,1365443840,16558.0,16
A,C1_triobj,cifar10,nsga2,exp4_repeat_2,nsga/experiment_cifar10_nsga2/exp4_repeat_2,2_4,front,65.5,825642,829762048,1396.0,20
A,C1_triobj,cifar10,nsga2,exp4_repeat_2,nsga/experiment_cifar10_nsga2/exp4_repeat_2,48_1,front,78.5,826410,1326253312,22248.8,17
A,C1_triobj,cifar10,nsga2,exp4_repeat_2,nsga/experiment_cifar10_nsga2/exp4_repeat_2,44_18,front,78.7,865130,1331627264,15771.7,17
A,C1_triobj,cifar10,nsga2,exp4_repeat_2,nsga/experiment_cifar10_nsga2/exp4_repeat_2,2_11,front,69.8,865386,418482688,9062.8,18
A,C1_triobj,cifar10,nsga2,exp4_repeat_2,nsga/experiment_cifar10_nsga2/exp4_repeat_2,12_7,front,68.0,866730,1474365952,2712.7,17
A,C1_triobj,cifar10,nsga2,exp4_repeat_2,nsga/experiment_cifar10_nsga2/exp4_repeat_2,2_17,strat10,71.7,875882,582603776,2832.4,18
A,C1_triobj,cifar10,nsga2,exp4_repeat_2,nsga/experiment_cifar10_nsga2/exp4_repeat_2,51_6,front,77.1,896618,1773405440,13491.3,17
A,C1_triobj,cifar10,nsga2,exp4_repeat_2,nsga/experiment_cifar10_nsga2/exp4_repeat_2,36_7,front,78.2,978218,1169425664,12077.5,15
A,C1_triobj,cifar10,nsga2,exp4_repeat_2,nsga/experiment_cifar10_nsga2/exp4_repeat_2,4_15,front,75.2,1014890,1427710592,6472.2,16
A,C1_triobj,cifar10,nsga2,exp4_repeat_2,nsga/experiment_cifar10_nsga2/exp4_repeat_2,3_14,front,64.6,1069962,1320632320,1381.3,18
A,C1_triobj,cifar10,nsga2,exp4_repeat_2,nsga/experiment_cifar10_nsga2/exp4_repeat_2,124_14,front,79.7,1105290,1372263424,19761.3,17
A,C1_triobj,cifar10,nsga2,exp4_repeat_2,nsga/experiment_cifar10_nsga2/exp4_repeat_2,8_16,front,68.7,1117162,1951678464,1301.8,17
A,C1_triobj,cifar10,nsga2,exp4_repeat_2,nsga/experiment_cifar10_nsga2/exp4_repeat_2,8_2,front,74.1,1212842,1417169408,5561.2,18
A,C1_triobj,cifar10,nsga2,exp4_repeat_2,nsga/experiment_cifar10_nsga2/exp4_repeat_2,1_7,strat10,69.4,1225898,1758875648,1309.4,18
A,C1_triobj,cifar10,nsga2,exp4_repeat_2,nsga/experiment_cifar10_nsga2/exp4_repeat_2,32_7,front,79.6,1239306,2096760064,16368.9,17
A,C1_triobj,cifar10,nsga2,exp4_repeat_2,nsga/experiment_cifar10_nsga2/exp4_repeat_2,14_6,front,76.6,1320234,1572618880,7255.7,19
A,C1_triobj,cifar10,nsga2,exp4_repeat_2,nsga/experiment_cifar10_nsga2/exp4_repeat_2,44_5,front,78.2,1345994,1872963584,8512.1,16
A,C1_triobj,cifar10,nsga2,exp4_repeat_2,nsga/experiment_cifar10_nsga2/exp4_repeat_2,56_17,front,79.8,1366378,1914906624,28730.3,16
A,C1_triobj,cifar10,nsga2,exp4_repeat_2,nsga/experiment_cifar10_nsga2/exp4_repeat_2,66_5,front,78.3,1426218,2467173376,14761.3,18
A,C1_triobj,cifar10,nsga2,exp4_repeat_2,nsga/experiment_cifar10_nsga2/exp4_repeat_2,22_6,front,72.2,1541770,2553827328,1140.5,16
A,C1_triobj,cifar10,nsga2,exp4_repeat_2,nsga/experiment_cifar10_nsga2/exp4_repeat_2,77_18,front,79.9,1554506,2457797888,14991.4,17
A,C1_triobj,cifar10,nsga2,exp4_repeat_2,nsga/experiment_cifar10_nsga2/exp4_repeat_2,75_15,strat10,80.0,1591370,2533295360,15238.8,17
A,C1_triobj,cifar10,nsga2,exp4_repeat_2,nsga/experiment_cifar10_nsga2/exp4_repeat_2,97_0,front,74.5,1708778,3355136000,1267.5,17
A,C1_triobj,cifar10,nsga2,exp4_repeat_2,nsga/experiment_cifar10_nsga2/exp4_repeat_2,87_8,front,80.3,1814858,2540377088,16948.6,17
A,C1_triobj,cifar10,nsga2,exp4_repeat_2,nsga/experiment_cifar10_nsga2/exp4_repeat_2,13_13,front,75.2,1826858,3003094016,1188.4,17
A,C1_triobj,cifar10,nsga2,exp4_repeat_2,nsga/experiment_cifar10_nsga2/exp4_repeat_2,124_11,front,78.7,1883562,3615167488,1279.2,18
A,C1_triobj,cifar10,nsga2,exp4_repeat_2,nsga/experiment_cifar10_nsga2/exp4_repeat_2,42_4,front,72.5,1899210,3743615488,1180.1,17
A,C1_triobj,cifar10,nsga2,exp4_repeat_2,nsga/experiment_cifar10_nsga2/exp4_repeat_2,51_15,front,79.9,1905802,3462333696,12803.5,18
A,C1_triobj,cifar10,nsga2,exp4_repeat_2,nsga/experiment_cifar10_nsga2/exp4_repeat_2,14_15,front,77.5,2064234,3498050176,1208.2,18
A,C1_triobj,cifar10,nsga2,exp4_repeat_2,nsga/experiment_cifar10_nsga2/exp4_repeat_2,103_12,best_acc,81.3,2146922,3219854336,25900.0,17
A,C1_triobj,cifar10,nsga2,exp4_repeat_2,nsga/experiment_cifar10_nsga2/exp4_repeat_2,32_14,front,79.7,2234922,3850306816,1119.5,18
A,C1_triobj,cifar10,nsga2,exp4_repeat_2,nsga/experiment_cifar10_nsga2/exp4_repeat_2,48_12,front,81.3,2255306,3892249856,10280.3,17
A,C1_triobj,cifar10,nsga2,exp4_repeat_2,nsga/experiment_cifar10_nsga2/exp4_repeat_2,49_16,front,75.7,2291594,3966371072,1110.5,17
A,C1_triobj,cifar10,nsga2,exp4_repeat_2,nsga/experiment_cifar10_nsga2/exp4_repeat_2,28_6,front,78.2,2516810,3976598528,1118.9,17
A,C1_triobj,cifar10,nsga2,exp4_repeat_2,nsga/experiment_cifar10_nsga2/exp4_repeat_2,75_13,front,78.9,2526570,4302112000,1119.4,18
A,C1_triobj,cifar10,nsga2,exp4_repeat_2,nsga/experiment_cifar10_nsga2/exp4_repeat_2,148_19,front,74.2,2577546,4277616640,1093.6,15
A,C1_triobj,cifar10,nsga2,exp4_repeat_2,nsga/experiment_cifar10_nsga2/exp4_repeat_2,142_5,front,78.9,2946858,4868952064,1093.0,16
A,C1_triobj,cifar10,nsga2,exp4_repeat_2,nsga/experiment_cifar10_nsga2/exp4_repeat_2,119_17,front,74.3,2977578,5095505920,1089.8,15
A,C1_triobj,cifar10,nsga2,exp4_repeat_3,nsga/experiment_cifar10_nsga2/exp4_repeat_3,85_17,strat10,60.5,38314,20526336,35206.9,16
A,C1_triobj,cifar10,nsga2,exp4_repeat_3,nsga/experiment_cifar10_nsga2/exp4_repeat_3,48_8,front,60.0,72426,36701440,30153.6,16
A,C1_triobj,cifar10,nsga2,exp4_repeat_3,nsga/experiment_cifar10_nsga2/exp4_repeat_3,35_11,front,61.0,80426,62329856,35453.5,16
A,C1_triobj,cifar10,nsga2,exp4_repeat_3,nsga/experiment_cifar10_nsga2/exp4_repeat_3,75_4,front,60.8,87466,41465088,29599.1,16
A,C1_triobj,cifar10,nsga2,exp4_repeat_3,nsga/experiment_cifar10_nsga2/exp4_repeat_3,93_10,front,62.7,100906,170943744,29665.4,14
A,C1_triobj,cifar10,nsga2,exp4_repeat_3,nsga/experiment_cifar10_nsga2/exp4_repeat_3,69_1,front,61.0,109578,128920192,27103.8,17
A,C1_triobj,cifar10,nsga2,exp4_repeat_3,nsga/experiment_cifar10_nsga2/exp4_repeat_3,35_15,front,66.0,126122,88148480,28302.4,16
A,C1_triobj,cifar10,nsga2,exp4_repeat_3,nsga/experiment_cifar10_nsga2/exp4_repeat_3,30_19,front,60.5,126314,80958464,23909.6,15
A,C1_triobj,cifar10,nsga2,exp4_repeat_3,nsga/experiment_cifar10_nsga2/exp4_repeat_3,83_5,strat10,64.0,140874,140326144,20118.8,18
A,C1_triobj,cifar10,nsga2,exp4_repeat_3,nsga/experiment_cifar10_nsga2/exp4_repeat_3,52_11,front,65.1,152938,65208960,23782.9,16
A,C1_triobj,cifar10,nsga2,exp4_repeat_3,nsga/experiment_cifar10_nsga2/exp4_repeat_3,42_5,knee,70.7,177002,153813632,21434.0,16
A,C1_triobj,cifar10,nsga2,exp4_repeat_3,nsga/experiment_cifar10_nsga2/exp4_repeat_3,50_9,front,61.8,206858,182334080,14072.6,16
A,C1_triobj,cifar10,nsga2,exp4_repeat_3,nsga/experiment_cifar10_nsga2/exp4_repeat_3,50_12,front,69.2,268586,486035456,10149.6,16
A,C1_triobj,cifar10,nsga2,exp4_repeat_3,nsga/experiment_cifar10_nsga2/exp4_repeat_3,116_12,front,71.2,269450,236819072,34636.4,17
A,C1_triobj,cifar10,nsga2,exp4_repeat_3,nsga/experiment_cifar10_nsga2/exp4_repeat_3,50_13,front,70.0,433194,265749760,14601.6,19
A,C1_triobj,cifar10,nsga2,exp4_repeat_3,nsga/experiment_cifar10_nsga2/exp4_repeat_3,42_10,front,72.9,446698,877396608,15654.8,16
A,C1_triobj,cifar10,nsga2,exp4_repeat_3,nsga/experiment_cifar10_nsga2/exp4_repeat_3,1_4,strat10,63.5,469610,638296064,6388.7,18
A,C1_triobj,cifar10,nsga2,exp4_repeat_3,nsga/experiment_cifar10_nsga2/exp4_repeat_3,60_0,front,70.3,475050,913966336,15012.3,17
A,C1_triobj,cifar10,nsga2,exp4_repeat_3,nsga/experiment_cifar10_nsga2/exp4_repeat_3,52_4,front,74.7,550250,479396480,19633.5,20
A,C1_triobj,cifar10,nsga2,exp4_repeat_3,nsga/experiment_cifar10_nsga2/exp4_repeat_3,7_15,front,69.5,588938,1184442368,9475.3,16
A,C1_triobj,cifar10,nsga2,exp4_repeat_3,nsga/experiment_cifar10_nsga2/exp4_repeat_3,55_13,front,73.7,641802,550512640,15181.4,15
A,C1_triobj,cifar10,nsga2,exp4_repeat_3,nsga/experiment_cifar10_nsga2/exp4_repeat_3,2_15,front,62.0,643050,812545024,5999.7,19
A,C1_triobj,cifar10,nsga2,exp4_repeat_3,nsga/experiment_cifar10_nsga2/exp4_repeat_3,16_19,front,69.7,681834,1389038080,13701.0,16
A,C1_triobj,cifar10,nsga2,exp4_repeat_3,nsga/experiment_cifar10_nsga2/exp4_repeat_3,14_13,front,72.8,726570,1290489856,12896.3,19
A,C1_triobj,cifar10,nsga2,exp4_repeat_3,nsga/experiment_cifar10_nsga2/exp4_repeat_3,29_11,strat10,74.2,748874,1523323904,17345.0,16
A,C1_triobj,cifar10,nsga2,exp4_repeat_3,nsga/experiment_cifar10_nsga2/exp4_repeat_3,29_10,front,72.2,756810,1538790400,12866.3,16
A,C1_triobj,cifar10,nsga2,exp4_repeat_3,nsga/experiment_cifar10_nsga2/exp4_repeat_3,50_7,front,65.1,757386,1064058880,7085.0,17
A,C1_triobj,cifar10,nsga2,exp4_repeat_3,nsga/experiment_cifar10_nsga2/exp4_repeat_3,50_0,front,68.0,773450,1552437248,6060.9,17
A,C1_triobj,cifar10,nsga2,exp4_repeat_3,nsga/experiment_cifar10_nsga2/exp4_repeat_3,137_1,compact,76.8,807594,1594493440,40744.9,17
A,C1_triobj,cifar10,nsga2,exp4_repeat_3,nsga/experiment_cifar10_nsga2/exp4_repeat_3,0_6,front,65.9,820298,1175352320,3840.8,19
A,C1_triobj,cifar10,nsga2,exp4_repeat_3,nsga/experiment_cifar10_nsga2/exp4_repeat_3,6_18,front,61.7,835050,1624219648,3556.7,20
A,C1_triobj,cifar10,nsga2,exp4_repeat_3,nsga/experiment_cifar10_nsga2/exp4_repeat_3,29_9,front,75.0,856266,997721344,22306.8,16
A,C1_triobj,cifar10,nsga2,exp4_repeat_3,nsga/experiment_cifar10_nsga2/exp4_repeat_3,69_16,strat10,74.9,858602,1573670912,17136.3,15
A,C1_triobj,cifar10,nsga2,exp4_repeat_3,nsga/experiment_cifar10_nsga2/exp4_repeat_3,50_6,front,70.4,890346,1815610624,1620.2,17
A,C1_triobj,cifar10,nsga2,exp4_repeat_3,nsga/experiment_cifar10_nsga2/exp4_repeat_3,1_10,front,65.0,972426,916258816,1525.8,19
A,C1_triobj,cifar10,nsga2,exp4_repeat_3,nsga/experiment_cifar10_nsga2/exp4_repeat_3,35_13,front,71.3,976490,1836621824,9131.2,16
A,C1_triobj,cifar10,nsga2,exp4_repeat_3,nsga/experiment_cifar10_nsga2/exp4_repeat_3,29_18,front,71.8,1035210,1732315648,4172.3,18
A,C1_triobj,cifar10,nsga2,exp4_repeat_3,nsga/experiment_cifar10_nsga2/exp4_repeat_3,2_18,front,61.9,1041290,1504182272,1508.3,20
A,C1_triobj,cifar10,nsga2,exp4_repeat_3,nsga/experiment_cifar10_nsga2/exp4_repeat_3,122_13,front,75.9,1115914,2176584192,37377.8,16
A,C1_triobj,cifar10,nsga2,exp4_repeat_3,nsga/experiment_cifar10_nsga2/exp4_repeat_3,98_13,front,78.5,1118890,2232027648,46781.9,16
A,C1_triobj,cifar10,nsga2,exp4_repeat_3,nsga/experiment_cifar10_nsga2/exp4_repeat_3,52_13,front,74.5,1139178,2272920832,15984.2,17
A,C1_triobj,cifar10,nsga2,exp4_repeat_3,nsga/experiment_cifar10_nsga2/exp4_repeat_3,23_15,strat10,71.9,1299018,2549748736,9198.5,18
A,C1_triobj,cifar10,nsga2,exp4_repeat_3,nsga/experiment_cifar10_nsga2/exp4_repeat_3,110_0,front,78.2,1304554,854131968,21809.8,16
A,C1_triobj,cifar10,nsga2,exp4_repeat_3,nsga/experiment_cifar10_nsga2/exp4_repeat_3,35_2,front,77.4,1332202,1226770944,19589.7,16
A,C1_triobj,cifar10,nsga2,exp4_repeat_3,nsga/experiment_cifar10_nsga2/exp4_repeat_3,110_17,front,77.2,1360650,2726955520,16421.1,16
A,C1_triobj,cifar10,nsga2,exp4_repeat_3,nsga/experiment_cifar10_nsga2/exp4_repeat_3,35_0,front,74.1,1409962,2878866048,12239.2,17
A,C1_triobj,cifar10,nsga2,exp4_repeat_3,nsga/experiment_cifar10_nsga2/exp4_repeat_3,36_8,front,74.4,1424522,2908226816,6811.0,17
A,C1_triobj,cifar10,nsga2,exp4_repeat_3,nsga/experiment_cifar10_nsga2/exp4_repeat_3,54_8,front,74.7,1480298,2934450176,1794.6,15
A,C1_triobj,cifar10,nsga2,exp4_repeat_3,nsga/experiment_cifar10_nsga2/exp4_repeat_3,124_5,front,78.8,1505322,2410809856,40927.7,16
A,C1_triobj,cifar10,nsga2,exp4_repeat_3,nsga/experiment_cifar10_nsga2/exp4_repeat_3,31_8,strat10,73.1,1520970,2943751168,1173.5,17
A,C1_triobj,cifar10,nsga2,exp4_repeat_3,nsga/experiment_cifar10_nsga2/exp4_repeat_3,137_7,front,79.6,1561834,3137997312,26367.8,16
A,C1_triobj,cifar10,nsga2,exp4_repeat_3,nsga/experiment_cifar10_nsga2/exp4_repeat_3,30_17,front,75.7,1599754,2384332032,12829.5,17
A,C1_triobj,cifar10,nsga2,exp4_repeat_3,nsga/experiment_cifar10_nsga2/exp4_repeat_3,20_19,front,75.8,1648010,2335330304,13096.9,17
A,C1_triobj,cifar10,nsga2,exp4_repeat_3,nsga/experiment_cifar10_nsga2/exp4_repeat_3,29_1,front,76.7,1665290,2431912448,7139.9,19
A,C1_triobj,cifar10,nsga2,exp4_repeat_3,nsga/experiment_cifar10_nsga2/exp4_repeat_3,51_8,front,77.0,1694282,3450868736,12558.6,18
A,C1_triobj,cifar10,nsga2,exp4_repeat_3,nsga/experiment_cifar10_nsga2/exp4_repeat_3,33_16,front,78.8,1709418,2114454784,23890.4,17
A,C1_triobj,cifar10,nsga2,exp4_repeat_3,nsga/experiment_cifar10_nsga2/exp4_repeat_3,68_4,front,77.2,1867754,3762948608,10057.0,18
A,C1_triobj,cifar10,nsga2,exp4_repeat_3,nsga/experiment_cifar10_nsga2/exp4_repeat_3,30_7,front,75.4,1923594,2620934656,4344.9,17
A,C1_triobj,cifar10,nsga2,exp4_repeat_3,nsga/experiment_cifar10_nsga2/exp4_repeat_3,68_5,front,79.8,1966154,2075788544,23819.6,16
A,C1_triobj,cifar10,nsga2,exp4_repeat_3,nsga/experiment_cifar10_nsga2/exp4_repeat_3,38_17,front,72.7,1970826,3595577344,1162.4,16
A,C1_triobj,cifar10,nsga2,exp4_repeat_3,nsga/experiment_cifar10_nsga2/exp4_repeat_3,116_15,front,79.5,1984938,3738700288,12735.3,14
A,C1_triobj,cifar10,nsga2,exp4_repeat_3,nsga/experiment_cifar10_nsga2/exp4_repeat_3,22_16,front,73.7,2026346,3828826112,1221.8,17
A,C1_triobj,cifar10,nsga2,exp4_repeat_3,nsga/experiment_cifar10_nsga2/exp4_repeat_3,116_5,front,79.1,2047370,3769631360,1107.1,17
A,C1_triobj,cifar10,nsga2,exp4_repeat_3,nsga/experiment_cifar10_nsga2/exp4_repeat_3,124_0,front,80.7,2104906,2119959168,46541.4,15
A,C1_triobj,cifar10,nsga2,exp4_repeat_3,nsga/experiment_cifar10_nsga2/exp4_repeat_3,30_13,front,76.5,2183274,2963820544,1102.0,16
A,C1_triobj,cifar10,nsga2,exp4_repeat_3,nsga/experiment_cifar10_nsga2/exp4_repeat_3,43_9,front,73.3,2238282,4531462144,1047.3,14
A,C1_triobj,cifar10,nsga2,exp4_repeat_3,nsga/experiment_cifar10_nsga2/exp4_repeat_3,32_12,front,73.9,2450250,3159894016,1095.2,15
A,C1_triobj,cifar10,nsga2,exp4_repeat_3,nsga/experiment_cifar10_nsga2/exp4_repeat_3,123_7,front,80.8,2477930,2583986816,23435.4,16
A,C1_triobj,cifar10,nsga2,exp4_repeat_3,nsga/experiment_cifar10_nsga2/exp4_repeat_3,117_17,front,75.8,2573322,4934084608,1049.2,14
A,C1_triobj,cifar10,nsga2,exp4_repeat_3,nsga/experiment_cifar10_nsga2/exp4_repeat_3,113_1,best_acc,81.2,2728074,2438726272,58042.0,15
A,C1_triobj,cifar10,nsga2,exp4_repeat_3,nsga/experiment_cifar10_nsga2/exp4_repeat_3,52_15,front,80.3,2842698,2977827328,22722.3,15
A,C1_triobj,cifar10,nsga2,exp4_repeat_3,nsga/experiment_cifar10_nsga2/exp4_repeat_3,137_4,front,79.5,3246858,5766664192,3171.0,16
A,C1_triobj,cifar10,nsga2,exp4_repeat_3,nsga/experiment_cifar10_nsga2/exp4_repeat_3,114_2,front,81.2,3278570,5773202432,10927.9,17
A,C1_triobj,cifar10,nsga2,exp4_repeat_3,nsga/experiment_cifar10_nsga2/exp4_repeat_3,85_15,front,79.7,3475114,6779578368,3626.0,14
A,C1_triobj,cifar10,nsga3,exp1_repeat_1,nsga/experiment_cifar10_nsga3/exp1_repeat_1,68_4,strat10,61.7,39978,72745600,22529.9,14
A,C1_triobj,cifar10,nsga3,exp1_repeat_1,nsga/experiment_cifar10_nsga3/exp1_repeat_1,71_18,front,60.7,43114,64225920,14567.0,14
A,C1_triobj,cifar10,nsga3,exp1_repeat_1,nsga/experiment_cifar10_nsga3/exp1_repeat_1,70_18,front,64.5,47914,64235520,25657.2,12
A,C1_triobj,cifar10,nsga3,exp1_repeat_1,nsga/experiment_cifar10_nsga3/exp1_repeat_1,78_16,front,65.7,54538,73008384,11283.2,14
A,C1_triobj,cifar10,nsga3,exp1_repeat_1,nsga/experiment_cifar10_nsga3/exp1_repeat_1,76_18,front,63.3,60330,90440320,10789.2,14
A,C1_triobj,cifar10,nsga3,exp1_repeat_1,nsga/experiment_cifar10_nsga3/exp1_repeat_1,101_6,front,68.7,64266,45615616,28925.0,11
A,C1_triobj,cifar10,nsga3,exp1_repeat_1,nsga/experiment_cifar10_nsga3/exp1_repeat_1,97_12,strat10,70.7,69386,58851968,36213.9,12
A,C1_triobj,cifar10,nsga3,exp1_repeat_1,nsga/experiment_cifar10_nsga3/exp1_repeat_1,113_18,front,67.8,70442,55708160,11015.2,11
A,C1_triobj,cifar10,nsga3,exp1_repeat_1,nsga/experiment_cifar10_nsga3/exp1_repeat_1,97_18,front,69.8,70442,86379008,21162.3,11
A,C1_triobj,cifar10,nsga3,exp1_repeat_1,nsga/experiment_cifar10_nsga3/exp1_repeat_1,122_17,front,71.1,74282,86386688,16965.9,10
A,C1_triobj,cifar10,nsga3,exp1_repeat_1,nsga/experiment_cifar10_nsga3/exp1_repeat_1,147_18,front,69.0,76490,84806144,9389.7,11
A,C1_triobj,cifar10,nsga3,exp1_repeat_1,nsga/experiment_cifar10_nsga3/exp1_repeat_1,126_14,strat10,61.9,88010,69223040,8613.3,14
A,C1_triobj,cifar10,nsga3,exp1_repeat_1,nsga/experiment_cifar10_nsga3/exp1_repeat_1,53_16,front,66.3,109802,87507584,7553.8,14
A,C1_triobj,cifar10,nsga3,exp1_repeat_1,nsga/experiment_cifar10_nsga3/exp1_repeat_1,88_19,front,68.4,118538,140247680,6507.7,14
A,C1_triobj,cifar10,nsga3,exp1_repeat_1,nsga/experiment_cifar10_nsga3/exp1_repeat_1,144_14,front,64.6,123306,44836864,3034.4,11
A,C1_triobj,cifar10,nsga3,exp1_repeat_1,nsga/experiment_cifar10_nsga3/exp1_repeat_1,101_11,front,72.2,123914,53346944,22671.8,13
A,C1_triobj,cifar10,nsga3,exp1_repeat_1,nsga/experiment_cifar10_nsga3/exp1_repeat_1,111_17,front,69.9,126122,117836288,10791.3,13
A,C1_triobj,cifar10,nsga3,exp1_repeat_1,nsga/experiment_cifar10_nsga3/exp1_repeat_1,122_19,strat10,69.3,132234,98697856,7914.5,13
A,C1_triobj,cifar10,nsga3,exp1_repeat_1,nsga/experiment_cifar10_nsga3/exp1_repeat_1,141_15,front,70.3,133194,132516352,13565.5,12
A,C1_triobj,cifar10,nsga3,exp1_repeat_1,nsga/experiment_cifar10_nsga3/exp1_repeat_1,88_15,front,69.9,139626,137628160,5257.2,14
A,C1_triobj,cifar10,nsga3,exp1_repeat_1,nsga/experiment_cifar10_nsga3/exp1_repeat_1,147_8,front,74.4,142314,162400768,22392.2,11
A,C1_triobj,cifar10,nsga3,exp1_repeat_1,nsga/experiment_cifar10_nsga3/exp1_repeat_1,142_17,front,72.3,148522,72483456,7978.3,12
A,C1_triobj,cifar10,nsga3,exp1_repeat_1,nsga/experiment_cifar10_nsga3/exp1_repeat_1,135_11,compact,75.2,149482,166070784,23315.7,11
A,C1_triobj,cifar10,nsga3,exp1_repeat_1,nsga/experiment_cifar10_nsga3/exp1_repeat_1,132_3,strat10,75.3,150602,132385280,24311.1,12
A,C1_triobj,cifar10,nsga3,exp1_repeat_1,nsga/experiment_cifar10_nsga3/exp1_repeat_1,140_4,knee,75.7,153322,166078464,26958.3,10
A,C1_triobj,cifar10,nsga3,exp1_repeat_1,nsga/experiment_cifar10_nsga3/exp1_repeat_1,130_17,front,69.1,157706,76163072,3075.2,11
A,C1_triobj,cifar10,nsga3,exp1_repeat_1,nsga/experiment_cifar10_nsga3/exp1_repeat_1,104_18,front,68.2,166282,52134528,2944.7,14
A,C1_triobj,cifar10,nsga3,exp1_repeat_1,nsga/experiment_cifar10_nsga3/exp1_repeat_1,122_8,front,76.2,201610,209458176,21958.8,15
A,C1_triobj,cifar10,nsga3,exp1_repeat_1,nsga/experiment_cifar10_nsga3/exp1_repeat_1,76_16,strat10,65.3,229930,78580224,891.4,13
A,C1_triobj,cifar10,nsga3,exp1_repeat_1,nsga/experiment_cifar10_nsga3/exp1_repeat_1,110_17,front,73.6,237194,225577472,4994.5,15
A,C1_triobj,cifar10,nsga3,exp1_repeat_1,nsga/experiment_cifar10_nsga3/exp1_repeat_1,140_18,front,75.6,244362,274074112,13797.8,12
A,C1_triobj,cifar10,nsga3,exp1_repeat_1,nsga/experiment_cifar10_nsga3/exp1_repeat_1,105_14,front,75.2,290442,220730368,12669.0,16
A,C1_triobj,cifar10,nsga3,exp1_repeat_1,nsga/experiment_cifar10_nsga3/exp1_repeat_1,136_7,front,75.9,306890,223216256,19813.1,16
A,C1_triobj,cifar10,nsga3,exp1_repeat_1,nsga/experiment_cifar10_nsga3/exp1_repeat_1,97_1,front,76.4,322954,383920128,30568.4,15
A,C1_triobj,cifar10,nsga3,exp1_repeat_1,nsga/experiment_cifar10_nsga3/exp1_repeat_1,23_14,strat10,73.8,334122,346040320,2261.1,14
A,C1_triobj,cifar10,nsga3,exp1_repeat_1,nsga/experiment_cifar10_nsga3/exp1_repeat_1,72_16,front,75.7,339882,290203648,15201.3,13
A,C1_triobj,cifar10,nsga3,exp1_repeat_1,nsga/experiment_cifar10_nsga3/exp1_repeat_1,140_14,front,79.3,380234,323889152,11885.4,13
A,C1_triobj,cifar10,nsga3,exp1_repeat_1,nsga/experiment_cifar10_nsga3/exp1_repeat_1,72_18,front,75.8,383274,378284032,7185.3,14
A,C1_triobj,cifar10,nsga3,exp1_repeat_1,nsga/experiment_cifar10_nsga3/exp1_repeat_1,81_17,front,69.8,386474,367331840,1053.0,14
A,C1_triobj,cifar10,nsga3,exp1_repeat_1,nsga/experiment_cifar10_nsga3/exp1_repeat_1,123_15,front,75.5,395434,385483392,5955.2,16
A,C1_triobj,cifar10,nsga3,exp1_repeat_1,nsga/experiment_cifar10_nsga3/exp1_repeat_1,132_13,front,79.5,468074,321262592,22244.4,14
A,C1_triobj,cifar10,nsga3,exp1_repeat_1,nsga/experiment_cifar10_nsga3/exp1_repeat_1,130_1,front,76.3,530826,449188864,10093.2,15
A,C1_triobj,cifar10,nsga3,exp1_repeat_1,nsga/experiment_cifar10_nsga3/exp1_repeat_1,116_19,best_acc,79.7,609738,981467776,15014.5,17
A,C1_triobj,cifar10,nsga3,exp1_repeat_1,nsga/experiment_cifar10_nsga3/exp1_repeat_1,105_0,front,77.8,618250,1019349504,8839.3,16
A,C1_triobj,cifar10,nsga3,exp1_repeat_1,nsga/experiment_cifar10_nsga3/exp1_repeat_1,145_15,front,73.1,649290,768541312,1032.9,14
A,C1_triobj,cifar10,nsga3,exp1_repeat_1,nsga/experiment_cifar10_nsga3/exp1_repeat_1,59_15,front,74.1,707018,412488704,2724.9,15
A,C1_triobj,cifar10,nsga3,exp1_repeat_1,nsga/experiment_cifar10_nsga3/exp1_repeat_1,144_19,front,73.4,840010,1248201216,2205.0,17
A,C1_triobj,cifar10,nsga3,exp1_repeat_1,nsga/experiment_cifar10_nsga3/exp1_repeat_1,62_14,front,76.2,882218,683280896,3371.1,17
A,C1_triobj,cifar10,nsga3,exp1_repeat_1,nsga/experiment_cifar10_nsga3/exp1_repeat_1,142_14,front,75.5,912938,822416384,3350.7,17
A,C1_triobj,cifar10,nsga3,exp1_repeat_1,nsga/experiment_cifar10_nsga3/exp1_repeat_1,100_5,front,79.7,1095082,2086537728,11519.8,17
A,C1_triobj,cifar10,nsga3,exp1_repeat_1,nsga/experiment_cifar10_nsga3/exp1_repeat_1,93_3,front,77.5,1182794,2068317440,4328.0,19
A,C1_triobj,cifar10,nsga3,exp1_repeat_1,nsga/experiment_cifar10_nsga3/exp1_repeat_1,135_19,front,76.1,1491146,1270092800,1368.8,18
A,C1_triobj,cifar10,nsga3,exp1_repeat_2,nsga/experiment_cifar10_nsga3/exp1_repeat_2,147_12,strat10,61.2,10762,12323328,18727.5,8
A,C1_triobj,cifar10,nsga3,exp1_repeat_2,nsga/experiment_cifar10_nsga3/exp1_repeat_2,143_1,front,63.4,13162,12456960,26548.1,8
A,C1_triobj,cifar10,nsga3,exp1_repeat_2,nsga/experiment_cifar10_nsga3/exp1_repeat_2,147_6,front,63.9,13802,20908544,25845.6,8
A,C1_triobj,cifar10,nsga3,exp1_repeat_2,nsga/experiment_cifar10_nsga3/exp1_repeat_2,140_14,front,62.7,14282,13767680,6923.3,9
A,C1_triobj,cifar10,nsga3,exp1_repeat_2,nsga/experiment_cifar10_nsga3/exp1_repeat_2,71_17,front,61.0,44106,50137600,2893.6,12
A,C1_triobj,cifar10,nsga3,exp1_repeat_2,nsga/experiment_cifar10_nsga3/exp1_repeat_2,112_18,front,61.3,44490,82772608,5621.6,11
A,C1_triobj,cifar10,nsga3,exp1_repeat_2,nsga/experiment_cifar10_nsga3/exp1_repeat_2,147_5,strat10,63.9,54410,17957504,22606.1,11
A,C1_triobj,cifar10,nsga3,exp1_repeat_2,nsga/experiment_cifar10_nsga3/exp1_repeat_2,144_12,front,63.0,61066,19408896,21463.3,10
A,C1_triobj,cifar10,nsga3,exp1_repeat_2,nsga/experiment_cifar10_nsga3/exp1_repeat_2,69_13,front,63.3,69834,108270592,22282.4,11
A,C1_triobj,cifar10,nsga3,exp1_repeat_2,nsga/experiment_cifar10_nsga3/exp1_repeat_2,82_3,front,64.6,69994,117115392,34668.1,11
A,C1_triobj,cifar10,nsga3,exp1_repeat_2,nsga/experiment_cifar10_nsga3/exp1_repeat_2,134_14,front,64.9,70058,130820096,3038.8,10
A,C1_triobj,cifar10,nsga3,exp1_repeat_2,nsga/experiment_cifar10_nsga3/exp1_repeat_2,96_19,front,65.9,70922,130155776,15760.8,14
A,C1_triobj,cifar10,nsga3,exp1_repeat_2,nsga/experiment_cifar10_nsga3/exp1_repeat_2,86_4,strat10,67.3,84746,163054208,21599.9,11
A,C1_triobj,cifar10,nsga3,exp1_repeat_2,nsga/experiment_cifar10_nsga3/exp1_repeat_2,109_3,front,65.7,85130,167511296,14548.7,11
A,C1_triobj,cifar10,nsga3,exp1_repeat_2,nsga/experiment_cifar10_nsga3/exp1_repeat_2,101_9,front,68.6,87914,168561152,16481.4,10
A,C1_triobj,cifar10,nsga3,exp1_repeat_2,nsga/experiment_cifar10_nsga3/exp1_repeat_2,124_12,front,66.4,88170,167252992,15792.1,10
A,C1_triobj,cifar10,nsga3,exp1_repeat_2,nsga/experiment_cifar10_nsga3/exp1_repeat_2,70_6,front,65.6,90922,117712896,13006.6,11
A,C1_triobj,cifar10,nsga3,exp1_repeat_2,nsga/experiment_cifar10_nsga3/exp1_repeat_2,95_8,front,70.4,93386,178989056,9404.8,10
A,C1_triobj,cifar10,nsga3,exp1_repeat_2,nsga/experiment_cifar10_nsga3/exp1_repeat_2,48_16,strat10,65.6,95658,111486208,8709.4,15
A,C1_triobj,cifar10,nsga3,exp1_repeat_2,nsga/experiment_cifar10_nsga3/exp1_repeat_2,50_16,front,65.4,98282,109137920,7661.5,12
A,C1_triobj,cifar10,nsga3,exp1_repeat_2,nsga/experiment_cifar10_nsga3/exp1_repeat_2,123_14,front,71.8,99018,169627648,14791.3,9
A,C1_triobj,cifar10,nsga3,exp1_repeat_2,nsga/experiment_cifar10_nsga3/exp1_repeat_2,80_17,front,62.7,108042,49152640,2899.5,12
A,C1_triobj,cifar10,nsga3,exp1_repeat_2,nsga/experiment_cifar10_nsga3/exp1_repeat_2,59_17,front,68.0,110314,117441792,9263.1,15
A,C1_triobj,cifar10,nsga3,exp1_repeat_2,nsga/experiment_cifar10_nsga3/exp1_repeat_2,110_14,front,66.1,114602,100074752,8107.5,15
A,C1_triobj,cifar10,nsga3,exp1_repeat_2,nsga/experiment_cifar10_nsga3/exp1_repeat_2,119_16,strat10,68.4,116522,100078592,9069.8,11
A,C1_triobj,cifar10,nsga3,exp1_repeat_2,nsga/experiment_cifar10_nsga3/exp1_repeat_2,36_15,front,65.6,121098,165356800,6687.0,15
A,C1_triobj,cifar10,nsga3,exp1_repeat_2,nsga/experiment_cifar10_nsga3/exp1_repeat_2,127_16,front,67.8,125642,244066304,5313.8,10
A,C1_triobj,cifar10,nsga3,exp1_repeat_2,nsga/experiment_cifar10_nsga3/exp1_repeat_2,141_12,knee,73.5,129130,125309952,17031.6,11
A,C1_triobj,cifar10,nsga3,exp1_repeat_2,nsga/experiment_cifar10_nsga3/exp1_repeat_2,134_16,front,72.7,142154,236978816,11492.2,11
A,C1_triobj,cifar10,nsga3,exp1_repeat_2,nsga/experiment_cifar10_nsga3/exp1_repeat_2,109_10,strat10,73.8,150346,237142656,15764.1,13
A,C1_triobj,cifar10,nsga3,exp1_repeat_2,nsga/experiment_cifar10_nsga3/exp1_repeat_2,109_19,front,71.6,150346,237142656,3212.7,13
A,C1_triobj,cifar10,nsga3,exp1_repeat_2,nsga/experiment_cifar10_nsga3/exp1_repeat_2,110_17,front,71.0,152906,237159680,2171.8,14
A,C1_triobj,cifar10,nsga3,exp1_repeat_2,nsga/experiment_cifar10_nsga3/exp1_repeat_2,71_16,front,63.6,168458,69284480,1216.4,16
A,C1_triobj,cifar10,nsga3,exp1_repeat_2,nsga/experiment_cifar10_nsga3/exp1_repeat_2,109_13,front,75.1,174858,238977664,16200.9,15
A,C1_triobj,cifar10,nsga3,exp1_repeat_2,nsga/experiment_cifar10_nsga3/exp1_repeat_2,95_6,front,72.9,178250,221332736,13588.8,15
A,C1_triobj,cifar10,nsga3,exp1_repeat_2,nsga/experiment_cifar10_nsga3/exp1_repeat_2,118_8,strat10,74.3,183434,242092544,15761.4,11
A,C1_triobj,cifar10,nsga3,exp1_repeat_2,nsga/experiment_cifar10_nsga3/exp1_repeat_2,77_15,front,73.4,191946,251397376,14496.8,16
A,C1_triobj,cifar10,nsga3,exp1_repeat_2,nsga/experiment_cifar10_nsga3/exp1_repeat_2,26_19,front,65.1,220362,268662016,1037.8,17
A,C1_triobj,cifar10,nsga3,exp1_repeat_2,nsga/experiment_cifar10_nsga3/exp1_repeat_2,105_18,front,74.2,227978,347374208,7244.8,15
A,C1_triobj,cifar10,nsga3,exp1_repeat_2,nsga/experiment_cifar10_nsga3/exp1_repeat_2,105_14,front,77.3,238602,417497728,8218.4,15
A,C1_triobj,cifar10,nsga3,exp1_repeat_2,nsga/experiment_cifar10_nsga3/exp1_repeat_2,146_5,front,77.7,272234,160694912,27922.3,12
A,C1_triobj,cifar10,nsga3,exp1_repeat_2,nsga/experiment_cifar10_nsga3/exp1_repeat_2,148_7,strat10,77.4,273194,395053568,19343.2,10
A,C1_triobj,cifar10,nsga3,exp1_repeat_2,nsga/experiment_cifar10_nsga3/exp1_repeat_2,115_16,front,72.1,290314,414921984,5365.5,16
A,C1_triobj,cifar10,nsga3,exp1_repeat_2,nsga/experiment_cifar10_nsga3/exp1_repeat_2,99_19,front,72.3,290762,580651520,3185.7,10
A,C1_triobj,cifar10,nsga3,exp1_repeat_2,nsga/experiment_cifar10_nsga3/exp1_repeat_2,50_19,front,74.9,307210,506860800,3226.7,16
A,C1_triobj,cifar10,nsga3,exp1_repeat_2,nsga/experiment_cifar10_nsga3/exp1_repeat_2,32_16,front,69.2,333834,397355008,1330.4,16
A,C1_triobj,cifar10,nsga3,exp1_repeat_2,nsga/experiment_cifar10_nsga3/exp1_repeat_2,53_16,front,74.5,378698,147260672,1580.2,15
A,C1_triobj,cifar10,nsga3,exp1_repeat_2,nsga/experiment_cifar10_nsga3/exp1_repeat_2,97_16,front,77.1,404490,591200896,7272.1,15
A,C1_triobj,cifar10,nsga3,exp1_repeat_2,nsga/experiment_cifar10_nsga3/exp1_repeat_2,8_14,front,70.2,481770,434579968,1027.4,15
A,C1_triobj,cifar10,nsga3,exp1_repeat_2,nsga/experiment_cifar10_nsga3/exp1_repeat_2,20_16,front,75.1,726634,885171456,5841.9,15
A,C1_triobj,cifar10,nsga3,exp1_repeat_2,nsga/experiment_cifar10_nsga3/exp1_repeat_2,101_1,front,74.0,729354,1125516544,1485.3,16
A,C1_triobj,cifar10,nsga3,exp1_repeat_2,nsga/experiment_cifar10_nsga3/exp1_repeat_2,90_19,front,77.9,950538,1546125952,18551.5,11
A,C1_triobj,cifar10,nsga3,exp1_repeat_2,nsga/experiment_cifar10_nsga3/exp1_repeat_2,90_3,best_acc,78.1,977674,1549337856,24827.6,17
A,C1_triobj,cifar10,nsga3,exp1_repeat_2,nsga/experiment_cifar10_nsga3/exp1_repeat_2,80_3,front,76.9,1212970,1759380096,3594.2,13
A,C1_triobj,cifar10,nsga3,exp1_repeat_3,nsga/experiment_cifar10_nsga3/exp1_repeat_3,135_19,strat10,60.5,33674,54265088,14355.9,16
A,C1_triobj,cifar10,nsga3,exp1_repeat_3,nsga/experiment_cifar10_nsga3/exp1_repeat_3,126_7,front,61.2,34026,10814080,20845.3,14
A,C1_triobj,cifar10,nsga3,exp1_repeat_3,nsga/experiment_cifar10_nsga3/exp1_repeat_3,147_7,front,62.4,43914,72090880,11677.6,12
A,C1_triobj,cifar10,nsga3,exp1_repeat_3,nsga/experiment_cifar10_nsga3/exp1_repeat_3,116_5,front,67.1,48042,91948288,18160.6,13
A,C1_triobj,cifar10,nsga3,exp1_repeat_3,nsga/experiment_cifar10_nsga3/exp1_repeat_3,133_3,front,64.9,63882,54528640,17094.8,17
A,C1_triobj,cifar10,nsga3,exp1_repeat_3,nsga/experiment_cifar10_nsga3/exp1_repeat_3,116_9,strat10,68.4,64874,58590464,28260.7,15
A,C1_triobj,cifar10,nsga3,exp1_repeat_3,nsga/experiment_cifar10_nsga3/exp1_repeat_3,126_14,front,67.4,68842,66323712,2075.5,14
A,C1_triobj,cifar10,nsga3,exp1_repeat_3,nsga/experiment_cifar10_nsga3/exp1_repeat_3,115_7,front,68.2,73194,87687808,20365.2,15
A,C1_triobj,cifar10,nsga3,exp1_repeat_3,nsga/experiment_cifar10_nsga3/exp1_repeat_3,141_18,front,69.9,74314,63046272,13238.0,15
A,C1_triobj,cifar10,nsga3,exp1_repeat_3,nsga/experiment_cifar10_nsga3/exp1_repeat_3,142_19,front,67.6,74314,63046272,10902.5,15
A,C1_triobj,cifar10,nsga3,exp1_repeat_3,nsga/experiment_cifar10_nsga3/exp1_repeat_3,133_12,front,70.5,74634,82928896,23329.7,15
A,C1_triobj,cifar10,nsga3,exp1_repeat_3,nsga/experiment_cifar10_nsga3/exp1_repeat_3,130_4,knee,73.6,92842,86639232,19313.5,16
A,C1_triobj,cifar10,nsga3,exp1_repeat_3,nsga/experiment_cifar10_nsga3/exp1_repeat_3,95_19,front,68.3,111370,86049408,8487.8,16
A,C1_triobj,cifar10,nsga3,exp1_repeat_3,nsga/experiment_cifar10_nsga3/exp1_repeat_3,146_0,front,71.7,121354,138872064,17509.6,16
A,C1_triobj,cifar10,nsga3,exp1_repeat_3,nsga/experiment_cifar10_nsga3/exp1_repeat_3,121_17,front,68.3,126410,149030144,3201.3,16
A,C1_triobj,cifar10,nsga3,exp1_repeat_3,nsga/experiment_cifar10_nsga3/exp1_repeat_3,127_16,front,73.1,130218,107087104,16964.2,15
A,C1_triobj,cifar10,nsga3,exp1_repeat_3,nsga/experiment_cifar10_nsga3/exp1_repeat_3,64_14,strat10,64.9,135402,193462912,1158.5,17
A,C1_triobj,cifar10,nsga3,exp1_repeat_3,nsga/experiment_cifar10_nsga3/exp1_repeat_3,134_14,front,69.3,149002,188090880,7638.8,12
A,C1_triobj,cifar10,nsga3,exp1_repeat_3,nsga/experiment_cifar10_nsga3/exp1_repeat_3,126_2,front,72.1,152490,67043968,16812.9,13
A,C1_triobj,cifar10,nsga3,exp1_repeat_3,nsga/experiment_cifar10_nsga3/exp1_repeat_3,133_0,front,74.7,155978,203555456,14768.4,16
A,C1_triobj,cifar10,nsga3,exp1_repeat_3,nsga/experiment_cifar10_nsga3/exp1_repeat_3,69_18,front,72.8,174378,245637760,12300.2,15
A,C1_triobj,cifar10,nsga3,exp1_repeat_3,nsga/experiment_cifar10_nsga3/exp1_repeat_3,85_14,front,70.8,176138,108790400,948.5,16
A,C1_triobj,cifar10,nsga3,exp1_repeat_3,nsga/experiment_cifar10_nsga3/exp1_repeat_3,132_13,strat10,74.1,198378,360711424,11836.9,14
A,C1_triobj,cifar10,nsga3,exp1_repeat_3,nsga/experiment_cifar10_nsga3/exp1_repeat_3,125_14,front,74.1,201034,252971520,8634.0,14
A,C1_triobj,cifar10,nsga3,exp1_repeat_3,nsga/experiment_cifar10_nsga3/exp1_repeat_3,85_12,front,74.8,211050,126616192,26138.6,16
A,C1_triobj,cifar10,nsga3,exp1_repeat_3,nsga/experiment_cifar10_nsga3/exp1_repeat_3,127_13,front,74.9,216650,149684864,31938.0,17
A,C1_triobj,cifar10,nsga3,exp1_repeat_3,nsga/experiment_cifar10_nsga3/exp1_repeat_3,126_18,front,70.9,241770,228468736,1567.0,12
A,C1_triobj,cifar10,nsga3,exp1_repeat_3,nsga/experiment_cifar10_nsga3/exp1_repeat_3,101_16,strat10,72.2,264234,432016000,6374.8,15
A,C1_triobj,cifar10,nsga3,exp1_repeat_3,nsga/experiment_cifar10_nsga3/exp1_repeat_3,103_12,front,74.4,284810,327320192,13089.4,17
A,C1_triobj,cifar10,nsga3,exp1_repeat_3,nsga/experiment_cifar10_nsga3/exp1_repeat_3,109_10,compact,76.9,295306,139428480,23434.3,16
A,C1_triobj,cifar10,nsga3,exp1_repeat_3,nsga/experiment_cifar10_nsga3/exp1_repeat_3,106_7,front,75.8,303242,154894976,15524.8,16
A,C1_triobj,cifar10,nsga3,exp1_repeat_3,nsga/experiment_cifar10_nsga3/exp1_repeat_3,106_9,front,76.0,303242,154894976,17196.3,16
A,C1_triobj,cifar10,nsga3,exp1_repeat_3,nsga/experiment_cifar10_nsga3/exp1_repeat_3,133_14,front,68.3,364970,389202560,782.9,14
A,C1_triobj,cifar10,nsga3,exp1_repeat_3,nsga/experiment_cifar10_nsga3/exp1_repeat_3,137_19,strat10,71.8,366090,420053632,5596.6,14
A,C1_triobj,cifar10,nsga3,exp1_repeat_3,nsga/experiment_cifar10_nsga3/exp1_repeat_3,80_3,front,76.6,388874,557056640,20762.3,16
A,C1_triobj,cifar10,nsga3,exp1_repeat_3,nsga/experiment_cifar10_nsga3/exp1_repeat_3,81_15,front,73.0,393674,298912256,8449.7,16
A,C1_triobj,cifar10,nsga3,exp1_repeat_3,nsga/experiment_cifar10_nsga3/exp1_repeat_3,97_19,front,72.3,405482,241439744,3374.7,17
A,C1_triobj,cifar10,nsga3,exp1_repeat_3,nsga/experiment_cifar10_nsga3/exp1_repeat_3,129_3,front,75.5,414954,271712896,11417.0,13
A,C1_triobj,cifar10,nsga3,exp1_repeat_3,nsga/experiment_cifar10_nsga3/exp1_repeat_3,131_18,strat10,76.5,415914,271714816,12097.4,12
A,C1_triobj,cifar10,nsga3,exp1_repeat_3,nsga/experiment_cifar10_nsga3/exp1_repeat_3,134_15,front,79.2,422890,287179392,7725.5,16
A,C1_triobj,cifar10,nsga3,exp1_repeat_3,nsga/experiment_cifar10_nsga3/exp1_repeat_3,141_15,front,73.4,466666,272123136,3014.1,14
A,C1_triobj,cifar10,nsga3,exp1_repeat_3,nsga/experiment_cifar10_nsga3/exp1_repeat_3,82_17,front,75.1,475082,689177216,4429.3,16
A,C1_triobj,cifar10,nsga3,exp1_repeat_3,nsga/experiment_cifar10_nsga3/exp1_repeat_3,48_16,front,75.6,492906,1000342144,6119.9,18
A,C1_triobj,cifar10,nsga3,exp1_repeat_3,nsga/experiment_cifar10_nsga3/exp1_repeat_3,109_16,front,77.6,588970,308413056,3256.5,15
A,C1_triobj,cifar10,nsga3,exp1_repeat_3,nsga/experiment_cifar10_nsga3/exp1_repeat_3,127_11,front,79.9,588970,308413056,29224.9,13
A,C1_triobj,cifar10,nsga3,exp1_repeat_3,nsga/experiment_cifar10_nsga3/exp1_repeat_3,51_14,front,73.1,775690,1172908032,1284.2,17
A,C1_triobj,cifar10,nsga3,exp1_repeat_3,nsga/experiment_cifar10_nsga3/exp1_repeat_3,37_16,front,77.7,1029226,1662780672,6236.7,16
A,C1_triobj,cifar10,nsga3,exp1_repeat_3,nsga/experiment_cifar10_nsga3/exp1_repeat_3,133_17,front,78.4,1098218,442762496,6536.1,12
A,C1_triobj,cifar10,nsga3,exp1_repeat_3,nsga/experiment_cifar10_nsga3/exp1_repeat_3,45_0,best_acc,80.0,1267690,2222981760,15444.4,15
A,C1_triobj,cifar10,nsga3,exp1_repeat_3,nsga/experiment_cifar10_nsga3/exp1_repeat_3,33_11,front,75.0,1761130,2565088512,2545.5,19
B,AF_std_biobj,cifar10,moqnas,moqnas_repeat_1,experiment_cifar10_acc_flops/moqnas/moqnas_repeat_1,129_10,strat10,64.66,81130,6951936,5538.1,8
B,AF_std_biobj,cifar10,moqnas,moqnas_repeat_1,experiment_cifar10_acc_flops/moqnas/moqnas_repeat_1,64_15,strat10,65.44,368074,32580864,2475.1,12
B,AF_std_biobj,cifar10,moqnas,moqnas_repeat_1,experiment_cifar10_acc_flops/moqnas/moqnas_repeat_1,65_11,front,68.9,170698,42749952,450.4,7
B,AF_std_biobj,cifar10,moqnas,moqnas_repeat_1,experiment_cifar10_acc_flops/moqnas/moqnas_repeat_1,92_8,strat10,70.06,480138,74450176,541.9,13
B,AF_std_biobj,cifar10,moqnas,moqnas_repeat_1,experiment_cifar10_acc_flops/moqnas/moqnas_repeat_1,86_11,strat10,70.02,803498,115868288,2414.0,8
B,AF_std_biobj,cifar10,moqnas,moqnas_repeat_1,experiment_cifar10_acc_flops/moqnas/moqnas_repeat_1,75_14,front,71.54,523370,128254592,10114.2,13
B,AF_std_biobj,cifar10,moqnas,moqnas_repeat_1,experiment_cifar10_acc_flops/moqnas/moqnas_repeat_1,40_5,knee,73.7,1020202,172197120,2436.1,13
B,AF_std_biobj,cifar10,moqnas,moqnas_repeat_1,experiment_cifar10_acc_flops/moqnas/moqnas_repeat_1,98_12,strat10,73.78,333066,397083904,719.2,11
B,AF_std_biobj,cifar10,moqnas,moqnas_repeat_1,experiment_cifar10_acc_flops/moqnas/moqnas_repeat_1,134_4,front,74.52,360490,414976512,590.3,9
B,AF_std_biobj,cifar10,moqnas,moqnas_repeat_1,experiment_cifar10_acc_flops/moqnas/moqnas_repeat_1,59_19,strat10,74.52,613770,815147008,687.6,10
B,AF_std_biobj,cifar10,moqnas,moqnas_repeat_1,experiment_cifar10_acc_flops/moqnas/moqnas_repeat_1,60_5,strat10,75.1,508170,874255360,888.3,12
B,AF_std_biobj,cifar10,moqnas,moqnas_repeat_1,experiment_cifar10_acc_flops/moqnas/moqnas_repeat_1,48_5,front,75.64,1869130,1072244736,937.2,11
B,AF_std_biobj,cifar10,moqnas,moqnas_repeat_1,experiment_cifar10_acc_flops/moqnas/moqnas_repeat_1,112_15,strat10,76.76,689386,1191908352,817.7,10
B,AF_std_biobj,cifar10,moqnas,moqnas_repeat_1,experiment_cifar10_acc_flops/moqnas/moqnas_repeat_1,127_5,best_acc,78.64,1194570,1750607872,501.9,9
B,AF_std_biobj,cifar10,moqnas,moqnas_repeat_2,experiment_cifar10_acc_flops/moqnas/moqnas_repeat_2,134_2,strat10,62.1,14986,5984256,2154.9,5
B,AF_std_biobj,cifar10,moqnas,moqnas_repeat_2,experiment_cifar10_acc_flops/moqnas/moqnas_repeat_2,30_16,strat10,65.74,345610,18219648,584.7,11
B,AF_std_biobj,cifar10,moqnas,moqnas_repeat_2,experiment_cifar10_acc_flops/moqnas/moqnas_repeat_2,7_15,strat10,67.3,206186,41953280,495.2,8
B,AF_std_biobj,cifar10,moqnas,moqnas_repeat_2,experiment_cifar10_acc_flops/moqnas/moqnas_repeat_2,62_14,knee,68.4,151754,62980736,4838.5,10
B,AF_std_biobj,cifar10,moqnas,moqnas_repeat_2,experiment_cifar10_acc_flops/moqnas/moqnas_repeat_2,132_0,compact,69.72,453738,91032064,5213.6,9
B,AF_std_biobj,cifar10,moqnas,moqnas_repeat_2,experiment_cifar10_acc_flops/moqnas/moqnas_repeat_2,112_5,strat10,70.46,1173514,120194304,621.1,13
B,AF_std_biobj,cifar10,moqnas,moqnas_repeat_2,experiment_cifar10_acc_flops/moqnas/moqnas_repeat_2,14_2,strat10,70.54,460202,131596928,640.7,14
B,AF_std_biobj,cifar10,moqnas,moqnas_repeat_2,experiment_cifar10_acc_flops/moqnas/moqnas_repeat_2,91_14,strat10,71.6,647914,161753088,5648.5,9
B,AF_std_biobj,cifar10,moqnas,moqnas_repeat_2,experiment_cifar10_acc_flops/moqnas/moqnas_repeat_2,140_4,front,71.98,313802,165171200,2281.5,7
B,AF_std_biobj,cifar10,moqnas,moqnas_repeat_2,experiment_cifar10_acc_flops/moqnas/moqnas_repeat_2,105_18,strat10,72.68,481546,227805696,4750.8,10
B,AF_std_biobj,cifar10,moqnas,moqnas_repeat_2,experiment_cifar10_acc_flops/moqnas/moqnas_repeat_2,108_16,front,73.66,1208394,335549440,574.6,9
B,AF_std_biobj,cifar10,moqnas,moqnas_repeat_2,experiment_cifar10_acc_flops/moqnas/moqnas_repeat_2,123_5,best_acc,73.7,252842,510399488,2749.1,9
B,AF_std_biobj,cifar10,moqnas,moqnas_repeat_3,experiment_cifar10_acc_flops/moqnas/moqnas_repeat_3,139_18,strat10,60.74,76842,7277056,1171.1,7
B,AF_std_biobj,cifar10,moqnas,moqnas_repeat_3,experiment_cifar10_acc_flops/moqnas/moqnas_repeat_3,21_6,strat10,62.96,76394,9638912,541.5,8
B,AF_std_biobj,cifar10,moqnas,moqnas_repeat_3,experiment_cifar10_acc_flops/moqnas/moqnas_repeat_3,149_14,front,64.6,99594,19308544,8297.5,5
B,AF_std_biobj,cifar10,moqnas,moqnas_repeat_3,experiment_cifar10_acc_flops/moqnas/moqnas_repeat_3,11_18,strat10,66.7,454090,26085888,7751.3,12
B,AF_std_biobj,cifar10,moqnas,moqnas_repeat_3,experiment_cifar10_acc_flops/moqnas/moqnas_repeat_3,93_13,strat10,68.04,128906,36373760,4437.9,10
B,AF_std_biobj,cifar10,moqnas,moqnas_repeat_3,experiment_cifar10_acc_flops/moqnas/moqnas_repeat_3,91_9,knee,70.34,510538,58463232,1982.0,7
B,AF_std_biobj,cifar10,moqnas,moqnas_repeat_3,experiment_cifar10_acc_flops/moqnas/moqnas_repeat_3,141_18,front,70.9,258602,186404864,4231.3,8
B,AF_std_biobj,cifar10,moqnas,moqnas_repeat_3,experiment_cifar10_acc_flops/moqnas/moqnas_repeat_3,71_3,strat10,71.96,494314,190450176,2848.9,13
B,AF_std_biobj,cifar10,moqnas,moqnas_repeat_3,experiment_cifar10_acc_flops/moqnas/moqnas_repeat_3,118_2,strat10,72.96,824970,269882368,8129.3,12
B,AF_std_biobj,cifar10,moqnas,moqnas_repeat_3,experiment_cifar10_acc_flops/moqnas/moqnas_repeat_3,123_15,strat10,73.14,444394,542386176,2394.7,9
B,AF_std_biobj,cifar10,moqnas,moqnas_repeat_3,experiment_cifar10_acc_flops/moqnas/moqnas_repeat_3,96_8,front,73.84,1197866,622330496,3711.5,10
B,AF_std_biobj,cifar10,moqnas,moqnas_repeat_3,experiment_cifar10_acc_flops/moqnas/moqnas_repeat_3,145_8,strat10,73.94,559594,650904192,525.6,9
B,AF_std_biobj,cifar10,moqnas,moqnas_repeat_3,experiment_cifar10_acc_flops/moqnas/moqnas_repeat_3,103_18,best_acc,75.12,748714,1159464192,613.7,11
B,AF_std_biobj,cifar10,nsga2,nsga2_repeat_1,experiment_cifar10_acc_flops/nsga2/nsga2_repeat_1,40_4,strat10,60.04,285674,20798720,7401.0,18
B,AF_std_biobj,cifar10,nsga2,nsga2_repeat_1,experiment_cifar10_acc_flops/nsga2/nsga2_repeat_1,133_10,front,60.34,827722,20886144,918.2,16
B,AF_std_biobj,cifar10,nsga2,nsga2_repeat_1,experiment_cifar10_acc_flops/nsga2/nsga2_repeat_1,121_12,strat10,61.0,622346,24015488,7518.1,15
B,AF_std_biobj,cifar10,nsga2,nsga2_repeat_1,experiment_cifar10_acc_flops/nsga2/nsga2_repeat_1,77_11,front,61.3,414762,27212416,9168.3,18
B,AF_std_biobj,cifar10,nsga2,nsga2_repeat_1,experiment_cifar10_acc_flops/nsga2/nsga2_repeat_1,56_19,front,61.76,441482,27265664,7785.5,18
B,AF_std_biobj,cifar10,nsga2,nsga2_repeat_1,experiment_cifar10_acc_flops/nsga2/nsga2_repeat_1,23_9,strat10,62.42,496458,27374848,2526.5,18
B,AF_std_biobj,cifar10,nsga2,nsga2_repeat_1,experiment_cifar10_acc_flops/nsga2/nsga2_repeat_1,129_19,front,64.52,659306,37040768,4483.6,15
B,AF_std_biobj,cifar10,nsga2,nsga2_repeat_1,experiment_cifar10_acc_flops/nsga2/nsga2_repeat_1,85_15,strat10,64.68,1371786,46523008,7805.8,19
B,AF_std_biobj,cifar10,nsga2,nsga2_repeat_1,experiment_cifar10_acc_flops/nsga2/nsga2_repeat_1,86_7,front,64.86,1236618,51561088,12211.7,19
B,AF_std_biobj,cifar10,nsga2,nsga2_repeat_1,experiment_cifar10_acc_flops/nsga2/nsga2_repeat_1,148_15,strat10,66.62,1821994,59811072,2560.9,16
B,AF_std_biobj,cifar10,nsga2,nsga2_repeat_1,experiment_cifar10_acc_flops/nsga2/nsga2_repeat_1,111_19,knee,69.1,1323626,65352320,11462.1,15
B,AF_std_biobj,cifar10,nsga2,nsga2_repeat_1,experiment_cifar10_acc_flops/nsga2/nsga2_repeat_1,89_2,front,69.38,1602922,147206784,10910.7,16
B,AF_std_biobj,cifar10,nsga2,nsga2_repeat_1,experiment_cifar10_acc_flops/nsga2/nsga2_repeat_1,128_3,strat10,73.06,974634,182471296,5795.8,16
B,AF_std_biobj,cifar10,nsga2,nsga2_repeat_1,experiment_cifar10_acc_flops/nsga2/nsga2_repeat_1,126_15,front,74.16,1272522,220238464,7421.2,15
B,AF_std_biobj,cifar10,nsga2,nsga2_repeat_1,experiment_cifar10_acc_flops/nsga2/nsga2_repeat_1,86_13,compact,75.52,1176746,277910144,5614.3,16
B,AF_std_biobj,cifar10,nsga2,nsga2_repeat_1,experiment_cifar10_acc_flops/nsga2/nsga2_repeat_1,128_19,front,77.36,1063818,298205824,2795.1,16
B,AF_std_biobj,cifar10,nsga2,nsga2_repeat_1,experiment_cifar10_acc_flops/nsga2/nsga2_repeat_1,148_11,strat10,77.38,1569098,896926976,1102.8,18
B,AF_std_biobj,cifar10,nsga2,nsga2_repeat_1,experiment_cifar10_acc_flops/nsga2/nsga2_repeat_1,74_4,front,77.72,1570922,896942720,1167.2,18
B,AF_std_biobj,cifar10,nsga2,nsga2_repeat_1,experiment_cifar10_acc_flops/nsga2/nsga2_repeat_1,137_17,front,78.26,1679690,1010173184,1005.5,17
B,AF_std_biobj,cifar10,nsga2,nsga2_repeat_1,experiment_cifar10_acc_flops/nsga2/nsga2_repeat_1,102_1,front,78.96,1681514,1010188928,5966.0,17
B,AF_std_biobj,cifar10,nsga2,nsga2_repeat_1,experiment_cifar10_acc_flops/nsga2/nsga2_repeat_1,131_7,front,79.34,1178154,1098719872,7952.1,16
B,AF_std_biobj,cifar10,nsga2,nsga2_repeat_1,experiment_cifar10_acc_flops/nsga2/nsga2_repeat_1,107_18,best_acc,79.6,1476042,1249788544,4006.2,15
B,AF_std_biobj,cifar10,nsga2,nsga2_repeat_2,experiment_cifar10_acc_flops/nsga2/nsga2_repeat_2,123_11,strat10,61.32,295690,19393152,9873.4,16
B,AF_std_biobj,cifar10,nsga2,nsga2_repeat_2,experiment_cifar10_acc_flops/nsga2/nsga2_repeat_2,125_6,front,62.7,668522,22375040,7925.6,16
B,AF_std_biobj,cifar10,nsga2,nsga2_repeat_2,experiment_cifar10_acc_flops/nsga2/nsga2_repeat_2,104_6,strat10,62.76,582442,38765184,11914.8,18
B,AF_std_biobj,cifar10,nsga2,nsga2_repeat_2,experiment_cifar10_acc_flops/nsga2/nsga2_repeat_2,141_2,strat10,65.82,863562,41085568,4834.7,16
B,AF_std_biobj,cifar10,nsga2,nsga2_repeat_2,experiment_cifar10_acc_flops/nsga2/nsga2_repeat_2,117_5,front,66.92,974250,69397120,1963.8,16
B,AF_std_biobj,cifar10,nsga2,nsga2_repeat_2,experiment_cifar10_acc_flops/nsga2/nsga2_repeat_2,88_5,strat10,67.4,1143114,85340800,896.6,16
B,AF_std_biobj,cifar10,nsga2,nsga2_repeat_2,experiment_cifar10_acc_flops/nsga2/nsga2_repeat_2,147_8,knee,68.2,1352202,86323840,4079.7,16
B,AF_std_biobj,cifar10,nsga2,nsga2_repeat_2,experiment_cifar10_acc_flops/nsga2/nsga2_repeat_2,143_8,front,69.06,717322,133370496,3244.8,16
B,AF_std_biobj,cifar10,nsga2,nsga2_repeat_2,experiment_cifar10_acc_flops/nsga2/nsga2_repeat_2,124_15,compact,69.94,882826,141922944,2628.5,15
B,AF_std_biobj,cifar10,nsga2,nsga2_repeat_2,experiment_cifar10_acc_flops/nsga2/nsga2_repeat_2,124_14,strat10,70.48,1203626,144493184,1410.9,15
B,AF_std_biobj,cifar10,nsga2,nsga2_repeat_2,experiment_cifar10_acc_flops/nsga2/nsga2_repeat_2,137_16,front,71.56,973738,193086720,2686.0,15
B,AF_std_biobj,cifar10,nsga2,nsga2_repeat_2,experiment_cifar10_acc_flops/nsga2/nsga2_repeat_2,86_16,strat10,73.5,1449674,207407744,5105.3,16
B,AF_std_biobj,cifar10,nsga2,nsga2_repeat_2,experiment_cifar10_acc_flops/nsga2/nsga2_repeat_2,144_3,strat10,73.82,1440362,263791232,1823.5,17
B,AF_std_biobj,cifar10,nsga2,nsga2_repeat_2,experiment_cifar10_acc_flops/nsga2/nsga2_repeat_2,115_9,front,74.36,1449674,264030848,2564.2,16
B,AF_std_biobj,cifar10,nsga2,nsga2_repeat_2,experiment_cifar10_acc_flops/nsga2/nsga2_repeat_2,65_18,best_acc,74.64,959210,541917824,1198.5,18
B,AF_std_biobj,cifar10,nsga2,nsga2_repeat_3,experiment_cifar10_acc_flops/nsga2/nsga2_repeat_3,142_2,strat10,61.44,142154,6234752,6168.7,15
B,AF_std_biobj,cifar10,nsga2,nsga2_repeat_3,experiment_cifar10_acc_flops/nsga2/nsga2_repeat_3,147_7,front,62.68,127210,7931136,4995.9,13
B,AF_std_biobj,cifar10,nsga2,nsga2_repeat_3,experiment_cifar10_acc_flops/nsga2/nsga2_repeat_3,135_1,strat10,63.08,284778,11747968,1506.0,16
B,AF_std_biobj,cifar10,nsga2,nsga2_repeat_3,experiment_cifar10_acc_flops/nsga2/nsga2_repeat_3,124_16,front,63.48,142154,19628672,635.4,14
B,AF_std_biobj,cifar10,nsga2,nsga2_repeat_3,experiment_cifar10_acc_flops/nsga2/nsga2_repeat_3,107_7,strat10,63.64,170602,22283520,4826.5,15
B,AF_std_biobj,cifar10,nsga2,nsga2_repeat_3,experiment_cifar10_acc_flops/nsga2/nsga2_repeat_3,123_19,front,64.1,83082,23528704,637.1,13
B,AF_std_biobj,cifar10,nsga2,nsga2_repeat_3,experiment_cifar10_acc_flops/nsga2/nsga2_repeat_3,145_9,strat10,64.54,143498,24970496,3571.3,13
B,AF_std_biobj,cifar10,nsga2,nsga2_repeat_3,experiment_cifar10_acc_flops/nsga2/nsga2_repeat_3,149_10,front,66.22,127210,26412288,10998.6,13
B,AF_std_biobj,cifar10,nsga2,nsga2_repeat_3,experiment_cifar10_acc_flops/nsga2/nsga2_repeat_3,124_3,strat10,68.4,231850,30147840,3888.3,13
B,AF_std_biobj,cifar10,nsga2,nsga2_repeat_3,experiment_cifar10_acc_flops/nsga2/nsga2_repeat_3,136_3,knee,71.56,385546,44893440,5719.7,14
B,AF_std_biobj,cifar10,nsga2,nsga2_repeat_3,experiment_cifar10_acc_flops/nsga2/nsga2_repeat_3,113_9,strat10,71.72,405034,84411648,8215.0,15
B,AF_std_biobj,cifar10,nsga2,nsga2_repeat_3,experiment_cifar10_acc_flops/nsga2/nsga2_repeat_3,129_16,front,71.82,507626,87688448,3364.4,15
B,AF_std_biobj,cifar10,nsga2,nsga2_repeat_3,experiment_cifar10_acc_flops/nsga2/nsga2_repeat_3,148_5,compact,72.82,316106,134677760,9030.4,14
B,AF_std_biobj,cifar10,nsga2,nsga2_repeat_3,experiment_cifar10_acc_flops/nsga2/nsga2_repeat_3,93_10,front,73.04,358218,157418752,868.3,15
B,AF_std_biobj,cifar10,nsga2,nsga2_repeat_3,experiment_cifar10_acc_flops/nsga2/nsga2_repeat_3,116_18,strat10,74.38,382122,205980928,4573.0,15
B,AF_std_biobj,cifar10,nsga2,nsga2_repeat_3,experiment_cifar10_acc_flops/nsga2/nsga2_repeat_3,140_14,front,75.0,357738,259065088,3861.4,14
B,AF_std_biobj,cifar10,nsga2,nsga2_repeat_3,experiment_cifar10_acc_flops/nsga2/nsga2_repeat_3,137_4,front,75.98,423274,270992640,2636.8,14
B,AF_std_biobj,cifar10,nsga2,nsga2_repeat_3,experiment_cifar10_acc_flops/nsga2/nsga2_repeat_3,127_1,front,76.96,511434,318047488,808.1,14
B,AF_std_biobj,cifar10,nsga2,nsga2_repeat_3,experiment_cifar10_acc_flops/nsga2/nsga2_repeat_3,112_1,best_acc,77.6,769866,846529792,783.0,15
B,AF_std_biobj,cifar10,nsga3,nsga3_repeat_1,experiment_cifar10_acc_flops/nsga3/nsga3_repeat_1,122_3,strat10,60.34,532074,12248320,4280.7,19
B,AF_std_biobj,cifar10,nsga3,nsga3_repeat_1,experiment_cifar10_acc_flops/nsga3/nsga3_repeat_1,56_4,front,60.44,1285002,12954880,3577.9,20
B,AF_std_biobj,cifar10,nsga3,nsga3_repeat_1,experiment_cifar10_acc_flops/nsga3/nsga3_repeat_1,131_6,strat10,60.54,973386,13130368,19821.2,19
B,AF_std_biobj,cifar10,nsga3,nsga3_repeat_1,experiment_cifar10_acc_flops/nsga3/nsga3_repeat_1,140_17,front,61.62,632362,13396608,10830.2,18
B,AF_std_biobj,cifar10,nsga3,nsga3_repeat_1,experiment_cifar10_acc_flops/nsga3/nsga3_repeat_1,40_10,strat10,61.86,1389226,18913920,3821.4,20
B,AF_std_biobj,cifar10,nsga3,nsga3_repeat_1,experiment_cifar10_acc_flops/nsga3/nsga3_repeat_1,146_18,strat10,62.36,317258,19711232,11086.2,18
B,AF_std_biobj,cifar10,nsga3,nsga3_repeat_1,experiment_cifar10_acc_flops/nsga3/nsga3_repeat_1,139_14,front,64.36,470890,20839680,12186.4,19
B,AF_std_biobj,cifar10,nsga3,nsga3_repeat_1,experiment_cifar10_acc_flops/nsga3/nsga3_repeat_1,124_16,strat10,64.5,549930,41641216,4173.6,18
B,AF_std_biobj,cifar10,nsga3,nsga3_repeat_1,experiment_cifar10_acc_flops/nsga3/nsga3_repeat_1,116_4,knee,66.02,656394,43082368,2747.8,18
B,AF_std_biobj,cifar10,nsga3,nsga3_repeat_1,experiment_cifar10_acc_flops/nsga3/nsga3_repeat_1,112_13,strat10,66.52,554218,50029824,10022.9,19
B,AF_std_biobj,cifar10,nsga3,nsga3_repeat_1,experiment_cifar10_acc_flops/nsga3/nsga3_repeat_1,129_3,compact,66.98,1274346,96897664,16687.3,18
B,AF_std_biobj,cifar10,nsga3,nsga3_repeat_1,experiment_cifar10_acc_flops/nsga3/nsga3_repeat_1,145_5,strat10,67.56,647818,122520192,2488.7,18
B,AF_std_biobj,cifar10,nsga3,nsga3_repeat_1,experiment_cifar10_acc_flops/nsga3/nsga3_repeat_1,141_5,front,69.1,1028298,134646400,4794.7,18
B,AF_std_biobj,cifar10,nsga3,nsga3_repeat_1,experiment_cifar10_acc_flops/nsga3/nsga3_repeat_1,97_8,front,69.2,788970,189094528,18857.0,19
B,AF_std_biobj,cifar10,nsga3,nsga3_repeat_1,experiment_cifar10_acc_flops/nsga3/nsga3_repeat_1,120_18,front,69.9,1438570,209820288,12069.9,19
B,AF_std_biobj,cifar10,nsga3,nsga3_repeat_1,experiment_cifar10_acc_flops/nsga3/nsga3_repeat_1,149_7,front,70.56,716106,224689408,1383.0,19
B,AF_std_biobj,cifar10,nsga3,nsga3_repeat_1,experiment_cifar10_acc_flops/nsga3/nsga3_repeat_1,114_2,best_acc,71.62,1243434,239014528,2744.6,19
B,AF_std_biobj,cifar10,nsga3,nsga3_repeat_2,experiment_cifar10_acc_flops/nsga3/nsga3_repeat_2,36_0,strat10,60.16,197290,9439872,17845.6,17
B,AF_std_biobj,cifar10,nsga3,nsga3_repeat_2,experiment_cifar10_acc_flops/nsga3/nsga3_repeat_2,64_6,front,61.38,237674,13075712,1849.9,13
B,AF_std_biobj,cifar10,nsga3,nsga3_repeat_2,experiment_cifar10_acc_flops/nsga3/nsga3_repeat_2,22_2,strat10,61.46,233226,17068672,21155.6,17
B,AF_std_biobj,cifar10,nsga3,nsga3_repeat_2,experiment_cifar10_acc_flops/nsga3/nsga3_repeat_2,149_19,front,62.04,162666,19157632,4246.9,16
B,AF_std_biobj,cifar10,nsga3,nsga3_repeat_2,experiment_cifar10_acc_flops/nsga3/nsga3_repeat_2,63_19,strat10,62.84,167274,19166464,4394.3,16
B,AF_std_biobj,cifar10,nsga3,nsga3_repeat_2,experiment_cifar10_acc_flops/nsga3/nsga3_repeat_2,86_13,strat10,62.88,188042,19330304,5238.1,15
B,AF_std_biobj,cifar10,nsga3,nsga3_repeat_2,experiment_cifar10_acc_flops/nsga3/nsga3_repeat_2,108_0,front,63.84,257162,26565248,7971.0,15
B,AF_std_biobj,cifar10,nsga3,nsga3_repeat_2,experiment_cifar10_acc_flops/nsga3/nsga3_repeat_2,83_2,strat10,64.94,251786,41686016,10053.5,12
B,AF_std_biobj,cifar10,nsga3,nsga3_repeat_2,experiment_cifar10_acc_flops/nsga3/nsga3_repeat_2,119_2,front,66.62,212266,42844800,10562.0,13
B,AF_std_biobj,cifar10,nsga3,nsga3_repeat_2,experiment_cifar10_acc_flops/nsga3/nsga3_repeat_2,116_0,strat10,70.32,267754,54542976,14755.6,13
B,AF_std_biobj,cifar10,nsga3,nsga3_repeat_2,experiment_cifar10_acc_flops/nsga3/nsga3_repeat_2,58_7,knee,70.48,272138,54662144,19946.3,12
B,AF_std_biobj,cifar10,nsga3,nsga3_repeat_2,experiment_cifar10_acc_flops/nsga3/nsga3_repeat_2,98_12,compact,72.88,288522,218764288,4182.6,12
B,AF_std_biobj,cifar10,nsga3,nsga3_repeat_2,experiment_cifar10_acc_flops/nsga3/nsga3_repeat_2,27_13,strat10,73.1,304906,292819968,912.3,13
B,AF_std_biobj,cifar10,nsga3,nsga3_repeat_2,experiment_cifar10_acc_flops/nsga3/nsga3_repeat_2,74_4,front,73.34,299690,295703552,8136.0,13
B,AF_std_biobj,cifar10,nsga3,nsga3_repeat_2,experiment_cifar10_acc_flops/nsga3/nsga3_repeat_2,102_0,front,73.52,372682,365958144,4860.2,14
B,AF_std_biobj,cifar10,nsga3,nsga3_repeat_2,experiment_cifar10_acc_flops/nsga3/nsga3_repeat_2,102_9,front,75.52,349674,393364096,6573.9,14
B,AF_std_biobj,cifar10,nsga3,nsga3_repeat_2,experiment_cifar10_acc_flops/nsga3/nsga3_repeat_2,29_13,best_acc,75.72,563530,463475712,1103.6,15
B,AF_std_biobj,cifar10,nsga3,nsga3_repeat_3,experiment_cifar10_acc_flops/nsga3/nsga3_repeat_3,129_12,strat10,60.5,39722,6489344,6849.8,14
B,AF_std_biobj,cifar10,nsga3,nsga3_repeat_3,experiment_cifar10_acc_flops/nsga3/nsga3_repeat_3,130_17,front,63.14,76778,7668992,13001.2,14
B,AF_std_biobj,cifar10,nsga3,nsga3_repeat_3,experiment_cifar10_acc_flops/nsga3/nsga3_repeat_3,135_19,strat10,65.76,97514,22418432,9565.4,12
B,AF_std_biobj,cifar10,nsga3,nsga3_repeat_3,experiment_cifar10_acc_flops/nsga3/nsga3_repeat_3,115_18,front,67.0,575370,36864640,15288.0,13
B,AF_std_biobj,cifar10,nsga3,nsga3_repeat_3,experiment_cifar10_acc_flops/nsga3/nsga3_repeat_3,119_8,strat10,68.12,760074,41878144,9932.6,12
B,AF_std_biobj,cifar10,nsga3,nsga3_repeat_3,experiment_cifar10_acc_flops/nsga3/nsga3_repeat_3,149_3,knee,68.36,834218,42468608,2410.5,12
B,AF_std_biobj,cifar10,nsga3,nsga3_repeat_3,experiment_cifar10_acc_flops/nsga3/nsga3_repeat_3,149_4,strat10,69.98,517194,80938240,3797.5,12
B,AF_std_biobj,cifar10,nsga3,nsga3_repeat_3,experiment_cifar10_acc_flops/nsga3/nsga3_repeat_3,122_18,front,71.66,302570,109380224,5371.0,12
B,AF_std_biobj,cifar10,nsga3,nsga3_repeat_3,experiment_cifar10_acc_flops/nsga3/nsga3_repeat_3,91_19,strat10,72.06,487274,129434240,7765.6,12
B,AF_std_biobj,cifar10,nsga3,nsga3_repeat_3,experiment_cifar10_acc_flops/nsga3/nsga3_repeat_3,147_19,strat10,73.2,405514,131204352,11162.0,13
B,AF_std_biobj,cifar10,nsga3,nsga3_repeat_3,experiment_cifar10_acc_flops/nsga3/nsga3_repeat_3,80_8,front,73.78,572778,154862848,15914.1,12
B,AF_std_biobj,cifar10,nsga3,nsga3_repeat_3,experiment_cifar10_acc_flops/nsga3/nsga3_repeat_3,127_1,compact,75.0,447530,186450560,9032.1,13
B,AF_std_biobj,cifar10,nsga3,nsga3_repeat_3,experiment_cifar10_acc_flops/nsga3/nsga3_repeat_3,144_5,front,75.02,653994,221906176,1581.8,13
B,AF_std_biobj,cifar10,nsga3,nsga3_repeat_3,experiment_cifar10_acc_flops/nsga3/nsga3_repeat_3,97_0,strat10,76.12,875562,243139840,6735.7,14
B,AF_std_biobj,cifar10,nsga3,nsga3_repeat_3,experiment_cifar10_acc_flops/nsga3/nsga3_repeat_3,93_13,front,76.86,859178,322831616,6526.8,14
B,AF_std_biobj,cifar10,nsga3,nsga3_repeat_3,experiment_cifar10_acc_flops/nsga3/nsga3_repeat_3,129_16,front,77.64,1030346,446891264,11121.6,13
B,AF_std_biobj,cifar10,nsga3,nsga3_repeat_3,experiment_cifar10_acc_flops/nsga3/nsga3_repeat_3,142_9,front,78.88,713642,729285248,3352.5,14
B,AF_std_biobj,cifar10,nsga3,nsga3_repeat_3,experiment_cifar10_acc_flops/nsga3/nsga3_repeat_3,98_5,best_acc,79.8,1193866,780010752,4902.6,15
C,C2_medmnist,pathmnist,moqnas,exp1_repeat_1,medmnist/moqnas_last/experiment_pathmnist_medmnist/moqnas/exp1_repeat_1,82_0,strat10,87.69,5993,554560,23120.1,11
C,C2_medmnist,pathmnist,moqnas,exp1_repeat_1,medmnist/moqnas_last/experiment_pathmnist_medmnist/moqnas/exp1_repeat_1,145_16,front,89.19,7401,1794176,23079.5,9
C,C2_medmnist,pathmnist,moqnas,exp1_repeat_1,medmnist/moqnas_last/experiment_pathmnist_medmnist/moqnas/exp1_repeat_1,60_1,front,85.69,9545,6647936,18804.8,9
C,C2_medmnist,pathmnist,moqnas,exp1_repeat_1,medmnist/moqnas_last/experiment_pathmnist_medmnist/moqnas/exp1_repeat_1,127_12,front,85.89,10281,1558080,8772.1,11
C,C2_medmnist,pathmnist,moqnas,exp1_repeat_1,medmnist/moqnas_last/experiment_pathmnist_medmnist/moqnas/exp1_repeat_1,95_3,front,88.99,10281,2965056,18559.9,10
C,C2_medmnist,pathmnist,moqnas,exp1_repeat_1,medmnist/moqnas_last/experiment_pathmnist_medmnist/moqnas/exp1_repeat_1,150_2,front,89.59,11401,7378496,22485.3,10
C,C2_medmnist,pathmnist,moqnas,exp1_repeat_1,medmnist/moqnas_last/experiment_pathmnist_medmnist/moqnas/exp1_repeat_1,16_8,strat10,89.59,11401,7378496,19056.5,12
C,C2_medmnist,pathmnist,moqnas,exp1_repeat_1,medmnist/moqnas_last/experiment_pathmnist_medmnist/moqnas/exp1_repeat_1,18_6,front,89.39,11401,7378496,18955.3,12
C,C2_medmnist,pathmnist,moqnas,exp1_repeat_1,medmnist/moqnas_last/experiment_pathmnist_medmnist/moqnas/exp1_repeat_1,52_14,front,89.59,11401,7378496,21166.8,11
C,C2_medmnist,pathmnist,moqnas,exp1_repeat_1,medmnist/moqnas_last/experiment_pathmnist_medmnist/moqnas/exp1_repeat_1,122_13,front,88.09,11593,5042304,15544.0,8
C,C2_medmnist,pathmnist,moqnas,exp1_repeat_1,medmnist/moqnas_last/experiment_pathmnist_medmnist/moqnas/exp1_repeat_1,108_13,front,89.99,12713,2576512,38143.3,10
C,C2_medmnist,pathmnist,moqnas,exp1_repeat_1,medmnist/moqnas_last/experiment_pathmnist_medmnist/moqnas/exp1_repeat_1,137_6,front,88.29,15305,5789248,13343.4,11
C,C2_medmnist,pathmnist,moqnas,exp1_repeat_1,medmnist/moqnas_last/experiment_pathmnist_medmnist/moqnas/exp1_repeat_1,52_10,strat10,89.89,19593,7394880,20410.0,12
C,C2_medmnist,pathmnist,moqnas,exp1_repeat_1,medmnist/moqnas_last/experiment_pathmnist_medmnist/moqnas/exp1_repeat_1,14_1,knee,90.69,20649,18068544,12824.7,9
C,C2_medmnist,pathmnist,moqnas,exp1_repeat_1,medmnist/moqnas_last/experiment_pathmnist_medmnist/moqnas/exp1_repeat_1,144_18,front,88.09,24617,5807680,10021.4,10
C,C2_medmnist,pathmnist,moqnas,exp1_repeat_1,medmnist/moqnas_last/experiment_pathmnist_medmnist/moqnas/exp1_repeat_1,150_15,front,90.89,32169,4848192,26651.8,10
C,C2_medmnist,pathmnist,moqnas,exp1_repeat_1,medmnist/moqnas_last/experiment_pathmnist_medmnist/moqnas/exp1_repeat_1,51_2,front,90.79,32521,10040384,13858.9,8
C,C2_medmnist,pathmnist,moqnas,exp1_repeat_1,medmnist/moqnas_last/experiment_pathmnist_medmnist/moqnas/exp1_repeat_1,126_8,front,88.89,33385,28980288,10758.9,9
C,C2_medmnist,pathmnist,moqnas,exp1_repeat_1,medmnist/moqnas_last/experiment_pathmnist_medmnist/moqnas/exp1_repeat_1,17_9,strat10,90.89,34921,7025792,17551.9,10
C,C2_medmnist,pathmnist,moqnas,exp1_repeat_1,medmnist/moqnas_last/experiment_pathmnist_medmnist/moqnas/exp1_repeat_1,136_2,front,89.79,38889,51690624,9516.1,12
C,C2_medmnist,pathmnist,moqnas,exp1_repeat_1,medmnist/moqnas_last/experiment_pathmnist_medmnist/moqnas/exp1_repeat_1,43_10,front,90.89,41513,35154496,15692.9,8
C,C2_medmnist,pathmnist,moqnas,exp1_repeat_1,medmnist/moqnas_last/experiment_pathmnist_medmnist/moqnas/exp1_repeat_1,90_11,front,86.79,41929,57962048,8742.7,9
C,C2_medmnist,pathmnist,moqnas,exp1_repeat_1,medmnist/moqnas_last/experiment_pathmnist_medmnist/moqnas/exp1_repeat_1,31_15,front,88.19,46345,18529344,9405.8,10
C,C2_medmnist,pathmnist,moqnas,exp1_repeat_1,medmnist/moqnas_last/experiment_pathmnist_medmnist/moqnas/exp1_repeat_1,99_7,front,90.79,47081,60718144,5705.5,12
C,C2_medmnist,pathmnist,moqnas,exp1_repeat_1,medmnist/moqnas_last/experiment_pathmnist_medmnist/moqnas/exp1_repeat_1,110_1,strat10,91.29,52681,20102400,22266.8,11
C,C2_medmnist,pathmnist,moqnas,exp1_repeat_1,medmnist/moqnas_last/experiment_pathmnist_medmnist/moqnas/exp1_repeat_1,109_8,front,91.69,54889,5576832,28752.9,11
C,C2_medmnist,pathmnist,moqnas,exp1_repeat_1,medmnist/moqnas_last/experiment_pathmnist_medmnist/moqnas/exp1_repeat_1,136_14,front,88.89,57673,25075840,5612.6,9
C,C2_medmnist,pathmnist,moqnas,exp1_repeat_1,medmnist/moqnas_last/experiment_pathmnist_medmnist/moqnas/exp1_repeat_1,148_18,front,91.79,59433,7495232,23634.1,10
C,C2_medmnist,pathmnist,moqnas,exp1_repeat_1,medmnist/moqnas_last/experiment_pathmnist_medmnist/moqnas/exp1_repeat_1,4_3,front,91.49,62281,25085056,18240.9,8
C,C2_medmnist,pathmnist,moqnas,exp1_repeat_1,medmnist/moqnas_last/experiment_pathmnist_medmnist/moqnas/exp1_repeat_1,109_1,front,92.69,80521,119925824,20295.8,11
C,C2_medmnist,pathmnist,moqnas,exp1_repeat_1,medmnist/moqnas_last/experiment_pathmnist_medmnist/moqnas/exp1_repeat_1,147_2,strat10,91.89,87625,12599360,10070.4,8
C,C2_medmnist,pathmnist,moqnas,exp1_repeat_1,medmnist/moqnas_last/experiment_pathmnist_medmnist/moqnas/exp1_repeat_1,78_14,front,91.59,89001,95134272,8953.1,10
C,C2_medmnist,pathmnist,moqnas,exp1_repeat_1,medmnist/moqnas_last/experiment_pathmnist_medmnist/moqnas/exp1_repeat_1,118_17,front,91.39,92041,119948864,4889.0,10
C,C2_medmnist,pathmnist,moqnas,exp1_repeat_1,medmnist/moqnas_last/experiment_pathmnist_medmnist/moqnas/exp1_repeat_1,73_4,front,93.19,93065,8851008,31719.4,11
C,C2_medmnist,pathmnist,moqnas,exp1_repeat_1,medmnist/moqnas_last/experiment_pathmnist_medmnist/moqnas/exp1_repeat_1,9_1,front,90.39,98377,17265152,1928.5,8
C,C2_medmnist,pathmnist,moqnas,exp1_repeat_1,medmnist/moqnas_last/experiment_pathmnist_medmnist/moqnas/exp1_repeat_1,122_3,front,92.89,111017,12669056,21386.9,9
C,C2_medmnist,pathmnist,moqnas,exp1_repeat_1,medmnist/moqnas_last/experiment_pathmnist_medmnist/moqnas/exp1_repeat_1,137_10,strat10,93.59,116969,129358912,8184.1,11
C,C2_medmnist,pathmnist,moqnas,exp1_repeat_1,medmnist/moqnas_last/experiment_pathmnist_medmnist/moqnas/exp1_repeat_1,10_15,front,91.99,130441,194592896,5439.5,10
C,C2_medmnist,pathmnist,moqnas,exp1_repeat_1,medmnist/moqnas_last/experiment_pathmnist_medmnist/moqnas/exp1_repeat_1,8_7,front,90.39,135049,201818240,3850.6,10
C,C2_medmnist,pathmnist,moqnas,exp1_repeat_1,medmnist/moqnas_last/experiment_pathmnist_medmnist/moqnas/exp1_repeat_1,113_1,front,91.89,138601,168997952,2206.6,11
C,C2_medmnist,pathmnist,moqnas,exp1_repeat_1,medmnist/moqnas_last/experiment_pathmnist_medmnist/moqnas/exp1_repeat_1,57_7,front,93.29,200681,168200320,7074.4,11
C,C2_medmnist,pathmnist,moqnas,exp1_repeat_1,medmnist/moqnas_last/experiment_pathmnist_medmnist/moqnas/exp1_repeat_1,57_2,front,92.89,207625,310047872,4088.2,9
C,C2_medmnist,pathmnist,moqnas,exp1_repeat_1,medmnist/moqnas_last/experiment_pathmnist_medmnist/moqnas/exp1_repeat_1,52_2,strat10,94.59,211721,289224832,3689.8,9
C,C2_medmnist,pathmnist,moqnas,exp1_repeat_1,medmnist/moqnas_last/experiment_pathmnist_medmnist/moqnas/exp1_repeat_1,139_14,front,90.39,315113,289270912,994.7,11
C,C2_medmnist,pathmnist,moqnas,exp1_repeat_1,medmnist/moqnas_last/experiment_pathmnist_medmnist/moqnas/exp1_repeat_1,45_18,front,91.59,324233,456602176,686.6,11
C,C2_medmnist,pathmnist,moqnas,exp1_repeat_1,medmnist/moqnas_last/experiment_pathmnist_medmnist/moqnas/exp1_repeat_1,99_8,front,92.69,385001,519854656,3199.6,13
C,C2_medmnist,pathmnist,moqnas,exp1_repeat_1,medmnist/moqnas_last/experiment_pathmnist_medmnist/moqnas/exp1_repeat_1,58_5,front,91.89,430345,492792320,2024.3,10
C,C2_medmnist,pathmnist,moqnas,exp1_repeat_1,medmnist/moqnas_last/experiment_pathmnist_medmnist/moqnas/exp1_repeat_1,101_6,front,92.49,585385,636232256,847.3,11
C,C2_medmnist,pathmnist,moqnas,exp1_repeat_1,medmnist/moqnas_last/experiment_pathmnist_medmnist/moqnas/exp1_repeat_1,60_19,front,91.59,624713,586699264,679.6,9
C,C2_medmnist,pathmnist,moqnas,exp1_repeat_1,medmnist/moqnas_last/experiment_pathmnist_medmnist/moqnas/exp1_repeat_1,88_11,front,92.89,720233,983459968,2706.9,11
C,C2_medmnist,pathmnist,moqnas,exp1_repeat_1,medmnist/moqnas_last/experiment_pathmnist_medmnist/moqnas/exp1_repeat_1,70_19,front,93.69,753001,260468288,2552.4,14
C,C2_medmnist,pathmnist,moqnas,exp1_repeat_1,medmnist/moqnas_last/experiment_pathmnist_medmnist/moqnas/exp1_repeat_1,39_6,front,92.49,877609,1361773696,598.0,8
C,C2_medmnist,pathmnist,moqnas,exp1_repeat_1,medmnist/moqnas_last/experiment_pathmnist_medmnist/moqnas/exp1_repeat_1,103_17,best_acc,95.3,1553449,1052898368,17422.7,12
C,C2_medmnist,pathmnist,moqnas,exp1_repeat_1,medmnist/moqnas_last/experiment_pathmnist_medmnist/moqnas/exp1_repeat_1,26_4,front,93.89,1554569,1052916800,1022.7,13
C,C2_medmnist,pathmnist,moqnas,exp1_repeat_1,medmnist/moqnas_last/experiment_pathmnist_medmnist/moqnas/exp1_repeat_1,124_10,front,93.99,1865481,1109352000,1156.4,11
C,C2_medmnist,pathmnist,moqnas,exp1_repeat_2,medmnist/moqnas_last/experiment_pathmnist_medmnist/moqnas/exp1_repeat_2,60_15,strat10,85.19,6025,1511552,19114.1,10
C,C2_medmnist,pathmnist,moqnas,exp1_repeat_2,medmnist/moqnas_last/experiment_pathmnist_medmnist/moqnas/exp1_repeat_2,119_7,front,88.79,7401,1794176,42694.4,9
C,C2_medmnist,pathmnist,moqnas,exp1_repeat_2,medmnist/moqnas_last/experiment_pathmnist_medmnist/moqnas/exp1_repeat_2,75_3,front,85.99,11593,1757312,38396.8,8
C,C2_medmnist,pathmnist,moqnas,exp1_repeat_2,medmnist/moqnas_last/experiment_pathmnist_medmnist/moqnas/exp1_repeat_2,79_18,front,86.69,13449,2664576,28503.6,10
C,C2_medmnist,pathmnist,moqnas,exp1_repeat_2,medmnist/moqnas_last/experiment_pathmnist_medmnist/moqnas/exp1_repeat_2,130_5,front,87.59,17257,5539904,23673.8,7
C,C2_medmnist,pathmnist,moqnas,exp1_repeat_2,medmnist/moqnas_last/experiment_pathmnist_medmnist/moqnas/exp1_repeat_2,88_10,front,85.59,19625,14488128,11395.8,11
C,C2_medmnist,pathmnist,moqnas,exp1_repeat_2,medmnist/moqnas_last/experiment_pathmnist_medmnist/moqnas/exp1_repeat_2,110_13,strat10,86.89,19913,14488704,22677.8,9
C,C2_medmnist,pathmnist,moqnas,exp1_repeat_2,medmnist/moqnas_last/experiment_pathmnist_medmnist/moqnas/exp1_repeat_2,130_19,knee,91.09,20809,25695296,17132.5,7
C,C2_medmnist,pathmnist,moqnas,exp1_repeat_2,medmnist/moqnas_last/experiment_pathmnist_medmnist/moqnas/exp1_repeat_2,4_1,front,85.99,38729,4760128,6617.4,13
C,C2_medmnist,pathmnist,moqnas,exp1_repeat_2,medmnist/moqnas_last/experiment_pathmnist_medmnist/moqnas/exp1_repeat_2,145_5,front,91.39,39273,26223168,28446.0,11
C,C2_medmnist,pathmnist,moqnas,exp1_repeat_2,medmnist/moqnas_last/experiment_pathmnist_medmnist/moqnas/exp1_repeat_2,12_14,front,88.49,44873,6053120,14658.7,10
C,C2_medmnist,pathmnist,moqnas,exp1_repeat_2,medmnist/moqnas_last/experiment_pathmnist_medmnist/moqnas/exp1_repeat_2,73_16,front,87.09,47465,14543424,6500.2,10
C,C2_medmnist,pathmnist,moqnas,exp1_repeat_2,medmnist/moqnas_last/experiment_pathmnist_medmnist/moqnas/exp1_repeat_2,102_17,strat10,91.79,51209,64938112,35433.9,7
C,C2_medmnist,pathmnist,moqnas,exp1_repeat_2,medmnist/moqnas_last/experiment_pathmnist_medmnist/moqnas/exp1_repeat_2,116_9,front,91.59,53385,68651136,26205.8,8
C,C2_medmnist,pathmnist,moqnas,exp1_repeat_2,medmnist/moqnas_last/experiment_pathmnist_medmnist/moqnas/exp1_repeat_2,144_9,front,91.69,64009,39603264,32045.5,9
C,C2_medmnist,pathmnist,moqnas,exp1_repeat_2,medmnist/moqnas_last/experiment_pathmnist_medmnist/moqnas/exp1_repeat_2,53_2,front,89.29,67273,43924544,13797.3,10
C,C2_medmnist,pathmnist,moqnas,exp1_repeat_2,medmnist/moqnas_last/experiment_pathmnist_medmnist/moqnas/exp1_repeat_2,22_0,front,91.89,69321,70452288,13694.5,9
C,C2_medmnist,pathmnist,moqnas,exp1_repeat_2,medmnist/moqnas_last/experiment_pathmnist_medmnist/moqnas/exp1_repeat_2,9_11,front,90.59,78633,70618176,4432.3,10
C,C2_medmnist,pathmnist,moqnas,exp1_repeat_2,medmnist/moqnas_last/experiment_pathmnist_medmnist/moqnas/exp1_repeat_2,122_6,strat10,90.89,79081,108791936,6744.1,9
C,C2_medmnist,pathmnist,moqnas,exp1_repeat_2,medmnist/moqnas_last/experiment_pathmnist_medmnist/moqnas/exp1_repeat_2,61_2,front,91.59,85865,56225344,9331.0,8
C,C2_medmnist,pathmnist,moqnas,exp1_repeat_2,medmnist/moqnas_last/experiment_pathmnist_medmnist/moqnas/exp1_repeat_2,55_5,front,91.79,85929,70780032,11238.6,11
C,C2_medmnist,pathmnist,moqnas,exp1_repeat_2,medmnist/moqnas_last/experiment_pathmnist_medmnist/moqnas/exp1_repeat_2,122_8,front,93.09,92361,123142272,24306.2,7
C,C2_medmnist,pathmnist,moqnas,exp1_repeat_2,medmnist/moqnas_last/experiment_pathmnist_medmnist/moqnas/exp1_repeat_2,2_1,front,87.09,99017,90925184,2631.6,12
C,C2_medmnist,pathmnist,moqnas,exp1_repeat_2,medmnist/moqnas_last/experiment_pathmnist_medmnist/moqnas/exp1_repeat_2,3_6,front,90.79,122921,128177728,2281.3,9
C,C2_medmnist,pathmnist,moqnas,exp1_repeat_2,medmnist/moqnas_last/experiment_pathmnist_medmnist/moqnas/exp1_repeat_2,123_11,strat10,92.89,154025,227809408,13661.4,10
C,C2_medmnist,pathmnist,moqnas,exp1_repeat_2,medmnist/moqnas_last/experiment_pathmnist_medmnist/moqnas/exp1_repeat_2,149_6,front,92.99,155977,175024256,19242.7,9
C,C2_medmnist,pathmnist,moqnas,exp1_repeat_2,medmnist/moqnas_last/experiment_pathmnist_medmnist/moqnas/exp1_repeat_2,142_11,front,93.49,165513,231377472,28115.9,12
C,C2_medmnist,pathmnist,moqnas,exp1_repeat_2,medmnist/moqnas_last/experiment_pathmnist_medmnist/moqnas/exp1_repeat_2,45_6,front,92.69,165513,228520512,10688.9,12
C,C2_medmnist,pathmnist,moqnas,exp1_repeat_2,medmnist/moqnas_last/experiment_pathmnist_medmnist/moqnas/exp1_repeat_2,59_17,front,92.69,165513,228520512,8071.0,13
C,C2_medmnist,pathmnist,moqnas,exp1_repeat_2,medmnist/moqnas_last/experiment_pathmnist_medmnist/moqnas/exp1_repeat_2,146_13,front,92.89,179721,270960768,5966.6,11
C,C2_medmnist,pathmnist,moqnas,exp1_repeat_2,medmnist/moqnas_last/experiment_pathmnist_medmnist/moqnas/exp1_repeat_2,89_7,strat10,92.99,191209,229128768,14874.1,13
C,C2_medmnist,pathmnist,moqnas,exp1_repeat_2,medmnist/moqnas_last/experiment_pathmnist_medmnist/moqnas/exp1_repeat_2,144_14,front,88.39,224969,305499712,741.6,9
C,C2_medmnist,pathmnist,moqnas,exp1_repeat_2,medmnist/moqnas_last/experiment_pathmnist_medmnist/moqnas/exp1_repeat_2,56_9,front,91.69,236361,225657408,2636.9,12
C,C2_medmnist,pathmnist,moqnas,exp1_repeat_2,medmnist/moqnas_last/experiment_pathmnist_medmnist/moqnas/exp1_repeat_2,110_5,front,93.79,257929,270157952,22567.5,12
C,C2_medmnist,pathmnist,moqnas,exp1_repeat_2,medmnist/moqnas_last/experiment_pathmnist_medmnist/moqnas/exp1_repeat_2,146_10,front,91.79,293065,282446400,4024.2,14
C,C2_medmnist,pathmnist,moqnas,exp1_repeat_2,medmnist/moqnas_last/experiment_pathmnist_medmnist/moqnas/exp1_repeat_2,2_9,front,88.69,307465,32514176,1710.8,15
C,C2_medmnist,pathmnist,moqnas,exp1_repeat_2,medmnist/moqnas_last/experiment_pathmnist_medmnist/moqnas/exp1_repeat_2,112_10,strat10,91.89,327689,346471552,5116.1,9
C,C2_medmnist,pathmnist,moqnas,exp1_repeat_2,medmnist/moqnas_last/experiment_pathmnist_medmnist/moqnas/exp1_repeat_2,46_4,front,92.99,333545,87507520,13199.0,13
C,C2_medmnist,pathmnist,moqnas,exp1_repeat_2,medmnist/moqnas_last/experiment_pathmnist_medmnist/moqnas/exp1_repeat_2,106_7,front,94.19,361929,315511872,9807.7,11
C,C2_medmnist,pathmnist,moqnas,exp1_repeat_2,medmnist/moqnas_last/experiment_pathmnist_medmnist/moqnas/exp1_repeat_2,147_1,front,93.19,392393,411448384,5068.3,11
C,C2_medmnist,pathmnist,moqnas,exp1_repeat_2,medmnist/moqnas_last/experiment_pathmnist_medmnist/moqnas/exp1_repeat_2,34_0,front,94.49,453193,484864256,20248.1,10
C,C2_medmnist,pathmnist,moqnas,exp1_repeat_2,medmnist/moqnas_last/experiment_pathmnist_medmnist/moqnas/exp1_repeat_2,145_7,front,92.49,484905,469652544,2699.2,12
C,C2_medmnist,pathmnist,moqnas,exp1_repeat_2,medmnist/moqnas_last/experiment_pathmnist_medmnist/moqnas/exp1_repeat_2,55_1,strat10,93.09,533929,325423232,2803.1,11
C,C2_medmnist,pathmnist,moqnas,exp1_repeat_2,medmnist/moqnas_last/experiment_pathmnist_medmnist/moqnas/exp1_repeat_2,57_15,front,93.79,612457,722940992,4560.7,12
C,C2_medmnist,pathmnist,moqnas,exp1_repeat_2,medmnist/moqnas_last/experiment_pathmnist_medmnist/moqnas/exp1_repeat_2,98_16,front,91.89,624073,834061376,2522.4,10
C,C2_medmnist,pathmnist,moqnas,exp1_repeat_2,medmnist/moqnas_last/experiment_pathmnist_medmnist/moqnas/exp1_repeat_2,18_11,front,93.29,624489,880617024,2590.1,8
C,C2_medmnist,pathmnist,moqnas,exp1_repeat_2,medmnist/moqnas_last/experiment_pathmnist_medmnist/moqnas/exp1_repeat_2,4_18,front,88.49,628041,173905024,1216.4,14
C,C2_medmnist,pathmnist,moqnas,exp1_repeat_2,medmnist/moqnas_last/experiment_pathmnist_medmnist/moqnas/exp1_repeat_2,0_16,front,93.19,629193,954960000,751.5,9
C,C2_medmnist,pathmnist,moqnas,exp1_repeat_2,medmnist/moqnas_last/experiment_pathmnist_medmnist/moqnas/exp1_repeat_2,150_6,front,93.99,689833,414548544,5270.2,14
C,C2_medmnist,pathmnist,moqnas,exp1_repeat_2,medmnist/moqnas_last/experiment_pathmnist_medmnist/moqnas/exp1_repeat_2,123_0,front,93.99,801673,329988608,7182.7,9
C,C2_medmnist,pathmnist,moqnas,exp1_repeat_2,medmnist/moqnas_last/experiment_pathmnist_medmnist/moqnas/exp1_repeat_2,75_10,best_acc,94.89,962313,351489600,20150.0,13
C,C2_medmnist,pathmnist,moqnas,exp1_repeat_2,medmnist/moqnas_last/experiment_pathmnist_medmnist/moqnas/exp1_repeat_2,111_15,front,93.69,1063785,1632631872,3591.5,12
C,C2_medmnist,pathmnist,moqnas,exp1_repeat_2,medmnist/moqnas_last/experiment_pathmnist_medmnist/moqnas/exp1_repeat_2,139_17,front,93.69,1114537,877077632,3039.6,15
C,C2_medmnist,pathmnist,moqnas,exp1_repeat_2,medmnist/moqnas_last/experiment_pathmnist_medmnist/moqnas/exp1_repeat_2,52_12,front,94.09,1299337,1062646912,2805.9,12
C,C2_medmnist,pathmnist,moqnas,exp1_repeat_2,medmnist/moqnas_last/experiment_pathmnist_medmnist/moqnas/exp1_repeat_2,149_5,front,93.99,1411945,1035437120,1215.6,13
C,C2_medmnist,pathmnist,moqnas,exp1_repeat_3,medmnist/moqnas_last/experiment_pathmnist_medmnist/moqnas/exp1_repeat_3,104_13,strat10,86.69,10633,5497920,11831.7,5
C,C2_medmnist,pathmnist,moqnas,exp1_repeat_3,medmnist/moqnas_last/experiment_pathmnist_medmnist/moqnas/exp1_repeat_3,66_16,front,87.59,12329,14803072,34602.3,9
C,C2_medmnist,pathmnist,moqnas,exp1_repeat_3,medmnist/moqnas_last/experiment_pathmnist_medmnist/moqnas/exp1_repeat_3,132_4,front,90.09,16425,3601984,18458.9,11
C,C2_medmnist,pathmnist,moqnas,exp1_repeat_3,medmnist/moqnas_last/experiment_pathmnist_medmnist/moqnas/exp1_repeat_3,132_19,strat10,88.99,19177,21034112,15342.4,8
C,C2_medmnist,pathmnist,moqnas,exp1_repeat_3,medmnist/moqnas_last/experiment_pathmnist_medmnist/moqnas/exp1_repeat_3,144_13,knee,91.89,30569,2217536,13769.0,8
C,C2_medmnist,pathmnist,moqnas,exp1_repeat_3,medmnist/moqnas_last/experiment_pathmnist_medmnist/moqnas/exp1_repeat_3,121_6,front,89.79,41001,18951744,9874.1,11
C,C2_medmnist,pathmnist,moqnas,exp1_repeat_3,medmnist/moqnas_last/experiment_pathmnist_medmnist/moqnas/exp1_repeat_3,149_11,front,90.49,44457,34144384,8797.0,12
C,C2_medmnist,pathmnist,moqnas,exp1_repeat_3,medmnist/moqnas_last/experiment_pathmnist_medmnist/moqnas/exp1_repeat_3,121_15,strat10,92.39,53641,33071168,5876.7,9
C,C2_medmnist,pathmnist,moqnas,exp1_repeat_3,medmnist/moqnas_last/experiment_pathmnist_medmnist/moqnas/exp1_repeat_3,133_12,front,93.39,86217,73618560,15391.6,10
C,C2_medmnist,pathmnist,moqnas,exp1_repeat_3,medmnist/moqnas_last/experiment_pathmnist_medmnist/moqnas/exp1_repeat_3,82_2,front,92.99,96009,132620352,11083.5,8
C,C2_medmnist,pathmnist,moqnas,exp1_repeat_3,medmnist/moqnas_last/experiment_pathmnist_medmnist/moqnas/exp1_repeat_3,122_13,strat10,90.19,105865,131853824,5357.9,7
C,C2_medmnist,pathmnist,moqnas,exp1_repeat_3,medmnist/moqnas_last/experiment_pathmnist_medmnist/moqnas/exp1_repeat_3,71_2,front,90.09,121129,120984704,4716.5,11
C,C2_medmnist,pathmnist,moqnas,exp1_repeat_3,medmnist/moqnas_last/experiment_pathmnist_medmnist/moqnas/exp1_repeat_3,144_2,front,91.49,122281,87858752,2258.3,11
C,C2_medmnist,pathmnist,moqnas,exp1_repeat_3,medmnist/moqnas_last/experiment_pathmnist_medmnist/moqnas/exp1_repeat_3,148_19,strat10,89.09,164105,23030272,2254.4,10
C,C2_medmnist,pathmnist,moqnas,exp1_repeat_3,medmnist/moqnas_last/experiment_pathmnist_medmnist/moqnas/exp1_repeat_3,147_16,front,91.69,173001,104020032,3502.2,11
C,C2_medmnist,pathmnist,moqnas,exp1_repeat_3,medmnist/moqnas_last/experiment_pathmnist_medmnist/moqnas/exp1_repeat_3,139_12,front,94.89,179465,259716160,4868.7,12
C,C2_medmnist,pathmnist,moqnas,exp1_repeat_3,medmnist/moqnas_last/experiment_pathmnist_medmnist/moqnas/exp1_repeat_3,137_19,front,92.89,206569,142671104,4447.4,9
C,C2_medmnist,pathmnist,moqnas,exp1_repeat_3,medmnist/moqnas_last/experiment_pathmnist_medmnist/moqnas/exp1_repeat_3,39_15,strat10,92.39,260649,378131520,2712.3,13
C,C2_medmnist,pathmnist,moqnas,exp1_repeat_3,medmnist/moqnas_last/experiment_pathmnist_medmnist/moqnas/exp1_repeat_3,80_1,front,94.69,262313,351580288,2484.4,11
C,C2_medmnist,pathmnist,moqnas,exp1_repeat_3,medmnist/moqnas_last/experiment_pathmnist_medmnist/moqnas/exp1_repeat_3,137_18,front,92.89,272169,378154560,879.6,12
C,C2_medmnist,pathmnist,moqnas,exp1_repeat_3,medmnist/moqnas_last/experiment_pathmnist_medmnist/moqnas/exp1_repeat_3,149_5,strat10,94.79,302857,290780288,3288.2,9
C,C2_medmnist,pathmnist,moqnas,exp1_repeat_3,medmnist/moqnas_last/experiment_pathmnist_medmnist/moqnas/exp1_repeat_3,148_12,front,92.59,432553,651914816,721.3,10
C,C2_medmnist,pathmnist,moqnas,exp1_repeat_3,medmnist/moqnas_last/experiment_pathmnist_medmnist/moqnas/exp1_repeat_3,24_15,best_acc,96.2,522857,593742976,7842.7,11
C,C2_medmnist,pathmnist,moqnas,exp1_repeat_3,medmnist/moqnas_last/experiment_pathmnist_medmnist/moqnas/exp1_repeat_3,67_9,strat10,93.49,608937,695559296,1102.2,15
C,C2_medmnist,pathmnist,moqnas,exp1_repeat_3,medmnist/moqnas_last/experiment_pathmnist_medmnist/moqnas/exp1_repeat_3,112_4,front,92.89,613033,727275776,792.7,11
C,C2_medmnist,pathmnist,moqnas,exp1_repeat_3,medmnist/moqnas_last/experiment_pathmnist_medmnist/moqnas/exp1_repeat_3,143_8,front,92.69,652553,986013760,771.4,11
C,C2_medmnist,pathmnist,moqnas,exp1_repeat_3,medmnist/moqnas_last/experiment_pathmnist_medmnist/moqnas/exp1_repeat_3,138_13,front,94.29,784297,1112055872,949.2,13
C,C2_medmnist,pathmnist,moqnas,exp1_repeat_3,medmnist/moqnas_last/experiment_pathmnist_medmnist/moqnas/exp1_repeat_3,142_15,front,92.19,813609,374664768,657.7,10
C,C2_medmnist,pathmnist,moqnas,exp1_repeat_3,medmnist/moqnas_last/experiment_pathmnist_medmnist/moqnas/exp1_repeat_3,7_2,front,95.2,859977,325789824,7437.3,11
C,C2_medmnist,pathmnist,moqnas,exp1_repeat_3,medmnist/moqnas_last/experiment_pathmnist_medmnist/moqnas/exp1_repeat_3,144_16,front,91.09,1056425,250270848,589.6,10
C,C2_medmnist,pathmnist,moqnas,exp1_repeat_3,medmnist/moqnas_last/experiment_pathmnist_medmnist/moqnas/exp1_repeat_3,146_10,front,93.29,1269129,1538362944,773.3,12
C,C2_medmnist,pathmnist,nsga2,exp1_repeat_1,medmnist/NSGA/experiment_pathmnist_nsga2/nsga2/exp1_repeat_1,78_18,strat10,86.59,3849,556608,20081.1,16
C,C2_medmnist,pathmnist,nsga2,exp1_repeat_1,medmnist/NSGA/experiment_pathmnist_nsga2/nsga2/exp1_repeat_1,83_2,front,85.79,7209,3521088,19359.1,16
C,C2_medmnist,pathmnist,nsga2,exp1_repeat_1,medmnist/NSGA/experiment_pathmnist_nsga2/nsga2/exp1_repeat_1,131_4,front,85.69,10281,1760832,14870.5,18
C,C2_medmnist,pathmnist,nsga2,exp1_repeat_1,medmnist/NSGA/experiment_pathmnist_nsga2/nsga2/exp1_repeat_1,61_15,front,85.79,10473,3376704,17003.6,17
C,C2_medmnist,pathmnist,nsga2,exp1_repeat_1,medmnist/NSGA/experiment_pathmnist_nsga2/nsga2/exp1_repeat_1,59_17,front,87.99,10569,1315392,15868.4,17
C,C2_medmnist,pathmnist,nsga2,exp1_repeat_1,medmnist/NSGA/experiment_pathmnist_nsga2/nsga2/exp1_repeat_1,76_6,compact,90.29,14569,2973248,18007.6,17
C,C2_medmnist,pathmnist,nsga2,exp1_repeat_1,medmnist/NSGA/experiment_pathmnist_nsga2/nsga2/exp1_repeat_1,109_12,front,85.29,16425,2584128,12621.2,16
C,C2_medmnist,pathmnist,nsga2,exp1_repeat_1,medmnist/NSGA/experiment_pathmnist_nsga2/nsga2/exp1_repeat_1,149_10,front,85.89,17833,19656832,13327.3,16
C,C2_medmnist,pathmnist,nsga2,exp1_repeat_1,medmnist/NSGA/experiment_pathmnist_nsga2/nsga2/exp1_repeat_1,109_16,knee,91.29,18761,8550976,13662.5,16
C,C2_medmnist,pathmnist,nsga2,exp1_repeat_1,medmnist/NSGA/experiment_pathmnist_nsga2/nsga2/exp1_repeat_1,21_16,front,86.59,26121,600192,11286.0,19
C,C2_medmnist,pathmnist,nsga2,exp1_repeat_1,medmnist/NSGA/experiment_pathmnist_nsga2/nsga2/exp1_repeat_1,16_16,front,86.69,32905,613952,7979.1,19
C,C2_medmnist,pathmnist,nsga2,exp1_repeat_1,medmnist/NSGA/experiment_pathmnist_nsga2/nsga2/exp1_repeat_1,74_18,front,85.69,37289,1869376,6900.2,17
C,C2_medmnist,pathmnist,nsga2,exp1_repeat_1,medmnist/NSGA/experiment_pathmnist_nsga2/nsga2/exp1_repeat_1,134_19,front,88.09,39881,628288,12558.8,16
C,C2_medmnist,pathmnist,nsga2,exp1_repeat_1,medmnist/NSGA/experiment_pathmnist_nsga2/nsga2/exp1_repeat_1,53_4,front,88.29,43049,831040,8614.6,18
C,C2_medmnist,pathmnist,nsga2,exp1_repeat_1,medmnist/NSGA/experiment_pathmnist_nsga2/nsga2/exp1_repeat_1,37_12,front,87.69,48073,1044032,6719.3,16
C,C2_medmnist,pathmnist,nsga2,exp1_repeat_1,medmnist/NSGA/experiment_pathmnist_nsga2/nsga2/exp1_repeat_1,56_4,strat10,88.89,57385,1357376,10310.0,15
C,C2_medmnist,pathmnist,nsga2,exp1_repeat_1,medmnist/NSGA/experiment_pathmnist_nsga2/nsga2/exp1_repeat_1,136_12,front,92.29,98857,124602944,16541.5,16
C,C2_medmnist,pathmnist,nsga2,exp1_repeat_1,medmnist/NSGA/experiment_pathmnist_nsga2/nsga2/exp1_repeat_1,16_12,front,90.59,102089,7962176,8801.8,15
C,C2_medmnist,pathmnist,nsga2,exp1_repeat_1,medmnist/NSGA/experiment_pathmnist_nsga2/nsga2/exp1_repeat_1,16_11,front,90.69,123785,7011904,7499.6,14
C,C2_medmnist,pathmnist,nsga2,exp1_repeat_1,medmnist/NSGA/experiment_pathmnist_nsga2/nsga2/exp1_repeat_1,117_14,front,92.39,154793,22781056,20425.1,16
C,C2_medmnist,pathmnist,nsga2,exp1_repeat_1,medmnist/NSGA/experiment_pathmnist_nsga2/nsga2/exp1_repeat_1,88_11,front,88.99,160841,52614720,7071.8,18
C,C2_medmnist,pathmnist,nsga2,exp1_repeat_1,medmnist/NSGA/experiment_pathmnist_nsga2/nsga2/exp1_repeat_1,38_4,front,91.99,217897,19813952,16436.6,16
C,C2_medmnist,pathmnist,nsga2,exp1_repeat_1,medmnist/NSGA/experiment_pathmnist_nsga2/nsga2/exp1_repeat_1,18_5,front,91.09,229833,248864320,11962.5,16
C,C2_medmnist,pathmnist,nsga2,exp1_repeat_1,medmnist/NSGA/experiment_pathmnist_nsga2/nsga2/exp1_repeat_1,16_9,strat10,87.79,252137,264182336,4266.0,16
C,C2_medmnist,pathmnist,nsga2,exp1_repeat_1,medmnist/NSGA/experiment_pathmnist_nsga2/nsga2/exp1_repeat_1,42_11,front,93.09,253097,40109632,16669.2,16
C,C2_medmnist,pathmnist,nsga2,exp1_repeat_1,medmnist/NSGA/experiment_pathmnist_nsga2/nsga2/exp1_repeat_1,34_19,front,85.19,279721,20144192,4095.9,16
C,C2_medmnist,pathmnist,nsga2,exp1_repeat_1,medmnist/NSGA/experiment_pathmnist_nsga2/nsga2/exp1_repeat_1,109_10,front,91.79,289321,23966272,12447.4,18
C,C2_medmnist,pathmnist,nsga2,exp1_repeat_1,medmnist/NSGA/experiment_pathmnist_nsga2/nsga2/exp1_repeat_1,38_1,front,92.59,299849,331865152,6998.2,15
C,C2_medmnist,pathmnist,nsga2,exp1_repeat_1,medmnist/NSGA/experiment_pathmnist_nsga2/nsga2/exp1_repeat_1,5_2,front,92.69,316137,342621760,13438.6,18
C,C2_medmnist,pathmnist,nsga2,exp1_repeat_1,medmnist/NSGA/experiment_pathmnist_nsga2/nsga2/exp1_repeat_1,55_0,front,93.69,342889,252914240,12953.7,16
C,C2_medmnist,pathmnist,nsga2,exp1_repeat_1,medmnist/NSGA/experiment_pathmnist_nsga2/nsga2/exp1_repeat_1,37_4,front,89.69,359433,249907776,5832.3,18
C,C2_medmnist,pathmnist,nsga2,exp1_repeat_1,medmnist/NSGA/experiment_pathmnist_nsga2/nsga2/exp1_repeat_1,16_10,strat10,89.29,366601,243507776,5570.6,17
C,C2_medmnist,pathmnist,nsga2,exp1_repeat_1,medmnist/NSGA/experiment_pathmnist_nsga2/nsga2/exp1_repeat_1,36_15,front,92.89,375113,541094464,9306.7,18
C,C2_medmnist,pathmnist,nsga2,exp1_repeat_1,medmnist/NSGA/experiment_pathmnist_nsga2/nsga2/exp1_repeat_1,18_3,front,91.79,377225,446239872,4721.3,16
C,C2_medmnist,pathmnist,nsga2,exp1_repeat_1,medmnist/NSGA/experiment_pathmnist_nsga2/nsga2/exp1_repeat_1,117_17,front,93.79,413577,299719808,15372.6,16
C,C2_medmnist,pathmnist,nsga2,exp1_repeat_1,medmnist/NSGA/experiment_pathmnist_nsga2/nsga2/exp1_repeat_1,90_8,front,93.09,422665,466965056,6850.5,16
C,C2_medmnist,pathmnist,nsga2,exp1_repeat_1,medmnist/NSGA/experiment_pathmnist_nsga2/nsga2/exp1_repeat_1,16_13,front,89.89,442889,319990336,2730.8,16
C,C2_medmnist,pathmnist,nsga2,exp1_repeat_1,medmnist/NSGA/experiment_pathmnist_nsga2/nsga2/exp1_repeat_1,38_13,front,93.69,445097,347245120,10975.4,16
C,C2_medmnist,pathmnist,nsga2,exp1_repeat_1,medmnist/NSGA/experiment_pathmnist_nsga2/nsga2/exp1_repeat_1,37_15,strat10,91.89,447337,347249216,5581.2,17
C,C2_medmnist,pathmnist,nsga2,exp1_repeat_1,medmnist/NSGA/experiment_pathmnist_nsga2/nsga2/exp1_repeat_1,100_11,front,93.29,493961,209814016,9039.9,17
C,C2_medmnist,pathmnist,nsga2,exp1_repeat_1,medmnist/NSGA/experiment_pathmnist_nsga2/nsga2/exp1_repeat_1,8_3,front,91.79,500105,508422720,2943.3,18
C,C2_medmnist,pathmnist,nsga2,exp1_repeat_1,medmnist/NSGA/experiment_pathmnist_nsga2/nsga2/exp1_repeat_1,51_6,front,92.89,621449,713430592,5184.4,15
C,C2_medmnist,pathmnist,nsga2,exp1_repeat_1,medmnist/NSGA/experiment_pathmnist_nsga2/nsga2/exp1_repeat_1,63_11,front,92.29,632233,873902656,4963.4,18
C,C2_medmnist,pathmnist,nsga2,exp1_repeat_1,medmnist/NSGA/experiment_pathmnist_nsga2/nsga2/exp1_repeat_1,79_4,front,94.69,633065,525169216,17050.7,16
C,C2_medmnist,pathmnist,nsga2,exp1_repeat_1,medmnist/NSGA/experiment_pathmnist_nsga2/nsga2/exp1_repeat_1,77_18,front,93.49,635689,650443328,8672.8,16
C,C2_medmnist,pathmnist,nsga2,exp1_repeat_1,medmnist/NSGA/experiment_pathmnist_nsga2/nsga2/exp1_repeat_1,17_9,front,92.59,670569,947706944,2702.1,15
C,C2_medmnist,pathmnist,nsga2,exp1_repeat_1,medmnist/NSGA/experiment_pathmnist_nsga2/nsga2/exp1_repeat_1,19_10,strat10,93.99,688617,413934656,12206.1,15
C,C2_medmnist,pathmnist,nsga2,exp1_repeat_1,medmnist/NSGA/experiment_pathmnist_nsga2/nsga2/exp1_repeat_1,89_11,front,93.99,696073,980644928,2976.4,17
C,C2_medmnist,pathmnist,nsga2,exp1_repeat_1,medmnist/NSGA/experiment_pathmnist_nsga2/nsga2/exp1_repeat_1,99_11,front,94.09,721769,756245632,11404.0,16
C,C2_medmnist,pathmnist,nsga2,exp1_repeat_1,medmnist/NSGA/experiment_pathmnist_nsga2/nsga2/exp1_repeat_1,58_2,front,94.59,832009,652538432,13507.1,16
C,C2_medmnist,pathmnist,nsga2,exp1_repeat_1,medmnist/NSGA/experiment_pathmnist_nsga2/nsga2/exp1_repeat_1,125_12,front,94.69,881545,483129920,6637.6,17
C,C2_medmnist,pathmnist,nsga2,exp1_repeat_1,medmnist/NSGA/experiment_pathmnist_nsga2/nsga2/exp1_repeat_1,19_6,front,93.49,910697,1264513600,2851.0,16
C,C2_medmnist,pathmnist,nsga2,exp1_repeat_1,medmnist/NSGA/experiment_pathmnist_nsga2/nsga2/exp1_repeat_1,34_15,front,94.09,918313,1364984384,6431.4,16
C,C2_medmnist,pathmnist,nsga2,exp1_repeat_1,medmnist/NSGA/experiment_pathmnist_nsga2/nsga2/exp1_repeat_1,86_13,front,91.99,944937,1363620416,1574.9,18
C,C2_medmnist,pathmnist,nsga2,exp1_repeat_1,medmnist/NSGA/experiment_pathmnist_nsga2/nsga2/exp1_repeat_1,107_2,strat10,91.39,957417,1481744960,1049.4,14
C,C2_medmnist,pathmnist,nsga2,exp1_repeat_1,medmnist/NSGA/experiment_pathmnist_nsga2/nsga2/exp1_repeat_1,38_16,front,92.19,961641,1430011456,2635.2,15
C,C2_medmnist,pathmnist,nsga2,exp1_repeat_1,medmnist/NSGA/experiment_pathmnist_nsga2/nsga2/exp1_repeat_1,90_18,front,92.09,979369,1523745344,1054.6,16
C,C2_medmnist,pathmnist,nsga2,exp1_repeat_1,medmnist/NSGA/experiment_pathmnist_nsga2/nsga2/exp1_repeat_1,13_9,front,93.39,1058889,1503670848,1214.1,16
C,C2_medmnist,pathmnist,nsga2,exp1_repeat_1,medmnist/NSGA/experiment_pathmnist_nsga2/nsga2/exp1_repeat_1,56_6,front,94.49,1081577,556452928,1302.7,15
C,C2_medmnist,pathmnist,nsga2,exp1_repeat_1,medmnist/NSGA/experiment_pathmnist_nsga2/nsga2/exp1_repeat_1,102_19,best_acc,94.89,1203753,560917056,5199.2,17
C,C2_medmnist,pathmnist,nsga2,exp1_repeat_1,medmnist/NSGA/experiment_pathmnist_nsga2/nsga2/exp1_repeat_1,88_16,front,94.89,1281961,682945088,3019.2,17
C,C2_medmnist,pathmnist,nsga2,exp1_repeat_1,medmnist/NSGA/experiment_pathmnist_nsga2/nsga2/exp1_repeat_1,95_3,front,93.49,1322345,2061531712,1130.8,17
C,C2_medmnist,pathmnist,nsga2,exp1_repeat_1,medmnist/NSGA/experiment_pathmnist_nsga2/nsga2/exp1_repeat_1,149_17,front,91.49,1493321,2326159936,684.8,17
C,C2_medmnist,pathmnist,nsga2,exp1_repeat_1,medmnist/NSGA/experiment_pathmnist_nsga2/nsga2/exp1_repeat_1,117_19,front,92.59,1528329,2326639168,865.1,18
C,C2_medmnist,pathmnist,nsga2,exp1_repeat_1,medmnist/NSGA/experiment_pathmnist_nsga2/nsga2/exp1_repeat_1,83_9,front,93.69,1720137,1605298752,1166.3,17
C,C2_medmnist,pathmnist,nsga2,exp1_repeat_1,medmnist/NSGA/experiment_pathmnist_nsga2/nsga2/exp1_repeat_1,69_2,front,93.99,1997289,3012504128,1238.3,17
C,C2_medmnist,pathmnist,nsga2,exp1_repeat_1,medmnist/NSGA/experiment_pathmnist_nsga2/nsga2/exp1_repeat_1,77_8,front,94.69,2068873,1916070464,1182.2,17
C,C2_medmnist,pathmnist,nsga2,exp1_repeat_1,medmnist/NSGA/experiment_pathmnist_nsga2/nsga2/exp1_repeat_1,148_14,front,93.19,2393833,2677797440,1061.7,17
C,C2_medmnist,pathmnist,nsga2,exp1_repeat_1,medmnist/NSGA/experiment_pathmnist_nsga2/nsga2/exp1_repeat_1,134_6,front,93.79,2517001,2617832000,1145.8,17
C,C2_medmnist,pathmnist,nsga2,exp1_repeat_1,medmnist/NSGA/experiment_pathmnist_nsga2/nsga2/exp1_repeat_1,138_1,front,93.59,2863497,2859246144,1038.3,16
C,C2_medmnist,pathmnist,nsga2,exp1_repeat_2,medmnist/NSGA/experiment_pathmnist_nsga2/nsga2/exp1_repeat_2,148_16,strat10,85.69,21609,2993280,14038.2,13
C,C2_medmnist,pathmnist,nsga2,exp1_repeat_2,medmnist/NSGA/experiment_pathmnist_nsga2/nsga2/exp1_repeat_2,109_11,front,87.49,27817,21914752,24984.7,15
C,C2_medmnist,pathmnist,nsga2,exp1_repeat_2,medmnist/NSGA/experiment_pathmnist_nsga2/nsga2/exp1_repeat_2,134_14,front,85.79,29929,27475008,20777.0,13
C,C2_medmnist,pathmnist,nsga2,exp1_repeat_2,medmnist/NSGA/experiment_pathmnist_nsga2/nsga2/exp1_repeat_2,107_16,front,86.89,37481,30284864,12057.6,15
C,C2_medmnist,pathmnist,nsga2,exp1_repeat_2,medmnist/NSGA/experiment_pathmnist_nsga2/nsga2/exp1_repeat_2,107_9,front,87.19,41833,20851840,9345.8,16
C,C2_medmnist,pathmnist,nsga2,exp1_repeat_2,medmnist/NSGA/experiment_pathmnist_nsga2/nsga2/exp1_repeat_2,105_18,knee,89.79,50505,31616064,13926.0,15
C,C2_medmnist,pathmnist,nsga2,exp1_repeat_2,medmnist/NSGA/experiment_pathmnist_nsga2/nsga2/exp1_repeat_2,129_11,front,90.29,88649,42226240,27055.9,16
C,C2_medmnist,pathmnist,nsga2,exp1_repeat_2,medmnist/NSGA/experiment_pathmnist_nsga2/nsga2/exp1_repeat_2,99_14,front,90.29,105289,122339456,21577.2,16
C,C2_medmnist,pathmnist,nsga2,exp1_repeat_2,medmnist/NSGA/experiment_pathmnist_nsga2/nsga2/exp1_repeat_2,101_7,front,90.19,118889,170307712,12496.9,16
C,C2_medmnist,pathmnist,nsga2,exp1_repeat_2,medmnist/NSGA/experiment_pathmnist_nsga2/nsga2/exp1_repeat_2,109_5,compact,90.59,120073,177728576,18473.4,17
C,C2_medmnist,pathmnist,nsga2,exp1_repeat_2,medmnist/NSGA/experiment_pathmnist_nsga2/nsga2/exp1_repeat_2,145_17,front,87.39,121481,88666240,11558.1,14
C,C2_medmnist,pathmnist,nsga2,exp1_repeat_2,medmnist/NSGA/experiment_pathmnist_nsga2/nsga2/exp1_repeat_2,137_9,front,90.79,124521,174741568,13643.8,14
C,C2_medmnist,pathmnist,nsga2,exp1_repeat_2,medmnist/NSGA/experiment_pathmnist_nsga2/nsga2/exp1_repeat_2,87_15,front,90.89,148201,49296512,27487.6,16
C,C2_medmnist,pathmnist,nsga2,exp1_repeat_2,medmnist/NSGA/experiment_pathmnist_nsga2/nsga2/exp1_repeat_2,98_5,front,87.29,173801,156971584,8411.6,15
C,C2_medmnist,pathmnist,nsga2,exp1_repeat_2,medmnist/NSGA/experiment_pathmnist_nsga2/nsga2/exp1_repeat_2,145_3,strat10,90.69,206377,91830848,8971.2,16
C,C2_medmnist,pathmnist,nsga2,exp1_repeat_2,medmnist/NSGA/experiment_pathmnist_nsga2/nsga2/exp1_repeat_2,141_9,front,91.49,235241,193753216,15202.6,14
C,C2_medmnist,pathmnist,nsga2,exp1_repeat_2,medmnist/NSGA/experiment_pathmnist_nsga2/nsga2/exp1_repeat_2,84_2,front,91.49,257545,355958912,12518.4,16
C,C2_medmnist,pathmnist,nsga2,exp1_repeat_2,medmnist/NSGA/experiment_pathmnist_nsga2/nsga2/exp1_repeat_2,90_4,front,93.29,293289,138765440,11261.3,16
C,C2_medmnist,pathmnist,nsga2,exp1_repeat_2,medmnist/NSGA/experiment_pathmnist_nsga2/nsga2/exp1_repeat_2,84_18,strat10,91.09,320425,465017408,10171.2,15
C,C2_medmnist,pathmnist,nsga2,exp1_repeat_2,medmnist/NSGA/experiment_pathmnist_nsga2/nsga2/exp1_repeat_2,137_16,front,92.19,322569,392728704,4422.4,16
C,C2_medmnist,pathmnist,nsga2,exp1_repeat_2,medmnist/NSGA/experiment_pathmnist_nsga2/nsga2/exp1_repeat_2,85_15,front,92.49,349097,154346048,11078.0,18
C,C2_medmnist,pathmnist,nsga2,exp1_repeat_2,medmnist/NSGA/experiment_pathmnist_nsga2/nsga2/exp1_repeat_2,93_4,front,93.99,362185,443383936,10084.0,17
C,C2_medmnist,pathmnist,nsga2,exp1_repeat_2,medmnist/NSGA/experiment_pathmnist_nsga2/nsga2/exp1_repeat_2,84_15,front,94.59,462569,688200256,9881.8,15
C,C2_medmnist,pathmnist,nsga2,exp1_repeat_2,medmnist/NSGA/experiment_pathmnist_nsga2/nsga2/exp1_repeat_2,74_6,strat10,92.49,549097,814079040,5752.6,18
C,C2_medmnist,pathmnist,nsga2,exp1_repeat_2,medmnist/NSGA/experiment_pathmnist_nsga2/nsga2/exp1_repeat_2,145_15,front,87.19,549225,759075072,1414.6,16
C,C2_medmnist,pathmnist,nsga2,exp1_repeat_2,medmnist/NSGA/experiment_pathmnist_nsga2/nsga2/exp1_repeat_2,95_9,front,94.19,552521,721536064,7198.1,14
C,C2_medmnist,pathmnist,nsga2,exp1_repeat_2,medmnist/NSGA/experiment_pathmnist_nsga2/nsga2/exp1_repeat_2,67_18,front,90.19,661865,805280896,3033.2,17
C,C2_medmnist,pathmnist,nsga2,exp1_repeat_2,medmnist/NSGA/experiment_pathmnist_nsga2/nsga2/exp1_repeat_2,118_14,strat10,93.79,683561,943441024,2768.2,18
C,C2_medmnist,pathmnist,nsga2,exp1_repeat_2,medmnist/NSGA/experiment_pathmnist_nsga2/nsga2/exp1_repeat_2,92_5,front,90.59,695945,870855808,1575.9,19
C,C2_medmnist,pathmnist,nsga2,exp1_repeat_2,medmnist/NSGA/experiment_pathmnist_nsga2/nsga2/exp1_repeat_2,74_14,front,91.19,817673,915056768,1525.4,18
C,C2_medmnist,pathmnist,nsga2,exp1_repeat_2,medmnist/NSGA/experiment_pathmnist_nsga2/nsga2/exp1_repeat_2,138_7,front,92.99,874025,1180299840,1313.1,18
C,C2_medmnist,pathmnist,nsga2,exp1_repeat_2,medmnist/NSGA/experiment_pathmnist_nsga2/nsga2/exp1_repeat_2,77_4,front,94.99,922601,368972928,15058.1,16
C,C2_medmnist,pathmnist,nsga2,exp1_repeat_2,medmnist/NSGA/experiment_pathmnist_nsga2/nsga2/exp1_repeat_2,95_18,strat10,92.09,950633,1374823552,1145.8,16
C,C2_medmnist,pathmnist,nsga2,exp1_repeat_2,medmnist/NSGA/experiment_pathmnist_nsga2/nsga2/exp1_repeat_2,99_4,front,90.49,989161,1327457408,1024.1,14
C,C2_medmnist,pathmnist,nsga2,exp1_repeat_2,medmnist/NSGA/experiment_pathmnist_nsga2/nsga2/exp1_repeat_2,97_7,front,93.69,1094153,1600615552,1051.7,15
C,C2_medmnist,pathmnist,nsga2,exp1_repeat_2,medmnist/NSGA/experiment_pathmnist_nsga2/nsga2/exp1_repeat_2,132_17,front,91.59,1173801,1807735936,1003.4,15
C,C2_medmnist,pathmnist,nsga2,exp1_repeat_2,medmnist/NSGA/experiment_pathmnist_nsga2/nsga2/exp1_repeat_2,148_19,best_acc,95.5,1201801,723287168,7683.7,15
C,C2_medmnist,pathmnist,nsga2,exp1_repeat_2,medmnist/NSGA/experiment_pathmnist_nsga2/nsga2/exp1_repeat_2,122_8,front,95.2,1296073,1614185600,2667.5,16
C,C2_medmnist,pathmnist,nsga2,exp1_repeat_2,medmnist/NSGA/experiment_pathmnist_nsga2/nsga2/exp1_repeat_2,124_14,front,92.39,1323177,2041656448,1009.4,15
C,C2_medmnist,pathmnist,nsga2,exp1_repeat_2,medmnist/NSGA/experiment_pathmnist_nsga2/nsga2/exp1_repeat_2,141_19,front,93.09,1454249,2055812224,1013.9,14
C,C2_medmnist,pathmnist,nsga2,exp1_repeat_2,medmnist/NSGA/experiment_pathmnist_nsga2/nsga2/exp1_repeat_2,59_6,front,94.69,1621449,2531585088,1221.5,15
C,C2_medmnist,pathmnist,nsga2,exp1_repeat_2,medmnist/NSGA/experiment_pathmnist_nsga2/nsga2/exp1_repeat_2,107_1,strat10,94.49,1658025,1727541824,1123.4,16
C,C2_medmnist,pathmnist,nsga2,exp1_repeat_3,medmnist/NSGA/experiment_pathmnist_nsga2/nsga2/exp1_repeat_3,135_4,strat10,85.89,7113,360000,15561.2,16
C,C2_medmnist,pathmnist,nsga2,exp1_repeat_3,medmnist/NSGA/experiment_pathmnist_nsga2/nsga2/exp1_repeat_3,136_11,front,87.79,8233,1363520,20565.2,16
C,C2_medmnist,pathmnist,nsga2,exp1_repeat_3,medmnist/NSGA/experiment_pathmnist_nsga2/nsga2/exp1_repeat_3,121_10,front,86.19,9001,2989632,19590.4,15
C,C2_medmnist,pathmnist,nsga2,exp1_repeat_3,medmnist/NSGA/experiment_pathmnist_nsga2/nsga2/exp1_repeat_3,72_8,front,86.09,10473,6878784,17510.0,15
C,C2_medmnist,pathmnist,nsga2,exp1_repeat_3,medmnist/NSGA/experiment_pathmnist_nsga2/nsga2/exp1_repeat_3,118_6,front,87.39,11497,6979136,17873.1,15
C,C2_medmnist,pathmnist,nsga2,exp1_repeat_3,medmnist/NSGA/experiment_pathmnist_nsga2/nsga2/exp1_repeat_3,75_11,strat10,86.69,19785,6897216,4378.4,16
C,C2_medmnist,pathmnist,nsga2,exp1_repeat_3,medmnist/NSGA/experiment_pathmnist_nsga2/nsga2/exp1_repeat_3,88_2,front,88.99,22025,6627904,20128.8,16
C,C2_medmnist,pathmnist,nsga2,exp1_repeat_3,medmnist/NSGA/experiment_pathmnist_nsga2/nsga2/exp1_repeat_3,75_1,front,86.99,48553,10395200,10546.6,15
C,C2_medmnist,pathmnist,nsga2,exp1_repeat_3,medmnist/NSGA/experiment_pathmnist_nsga2/nsga2/exp1_repeat_3,128_15,front,86.89,55145,1111616,6264.4,17
C,C2_medmnist,pathmnist,nsga2,exp1_repeat_3,medmnist/NSGA/experiment_pathmnist_nsga2/nsga2/exp1_repeat_3,72_11,front,88.69,70153,90638912,8507.3,17
C,C2_medmnist,pathmnist,nsga2,exp1_repeat_3,medmnist/NSGA/experiment_pathmnist_nsga2/nsga2/exp1_repeat_3,44_15,front,89.89,75369,48053824,29062.0,15
C,C2_medmnist,pathmnist,nsga2,exp1_repeat_3,medmnist/NSGA/experiment_pathmnist_nsga2/nsga2/exp1_repeat_3,148_9,strat10,88.99,84393,128754240,2244.2,16
C,C2_medmnist,pathmnist,nsga2,exp1_repeat_3,medmnist/NSGA/experiment_pathmnist_nsga2/nsga2/exp1_repeat_3,144_8,front,89.09,95945,738880,25494.8,18
C,C2_medmnist,pathmnist,nsga2,exp1_repeat_3,medmnist/NSGA/experiment_pathmnist_nsga2/nsga2/exp1_repeat_3,74_2,front,89.89,98281,132184640,10332.1,17
C,C2_medmnist,pathmnist,nsga2,exp1_repeat_3,medmnist/NSGA/experiment_pathmnist_nsga2/nsga2/exp1_repeat_3,79_4,front,89.99,99401,133993024,13649.5,17
C,C2_medmnist,pathmnist,nsga2,exp1_repeat_3,medmnist/NSGA/experiment_pathmnist_nsga2/nsga2/exp1_repeat_3,138_14,compact,90.99,138409,211442240,22442.0,14
C,C2_medmnist,pathmnist,nsga2,exp1_repeat_3,medmnist/NSGA/experiment_pathmnist_nsga2/nsga2/exp1_repeat_3,99_6,strat10,91.69,144649,71950912,23437.6,18
C,C2_medmnist,pathmnist,nsga2,exp1_repeat_3,medmnist/NSGA/experiment_pathmnist_nsga2/nsga2/exp1_repeat_3,79_6,front,91.39,160009,134128192,10756.9,17
C,C2_medmnist,pathmnist,nsga2,exp1_repeat_3,medmnist/NSGA/experiment_pathmnist_nsga2/nsga2/exp1_repeat_3,139_16,knee,92.89,177769,225897536,23541.0,14
C,C2_medmnist,pathmnist,nsga2,exp1_repeat_3,medmnist/NSGA/experiment_pathmnist_nsga2/nsga2/exp1_repeat_3,148_18,front,92.19,179081,220277824,5487.5,15
C,C2_medmnist,pathmnist,nsga2,exp1_repeat_3,medmnist/NSGA/experiment_pathmnist_nsga2/nsga2/exp1_repeat_3,76_0,front,93.49,237385,188973632,19369.3,18
C,C2_medmnist,pathmnist,nsga2,exp1_repeat_3,medmnist/NSGA/experiment_pathmnist_nsga2/nsga2/exp1_repeat_3,115_17,front,94.29,247945,316219520,15311.7,16
C,C2_medmnist,pathmnist,nsga2,exp1_repeat_3,medmnist/NSGA/experiment_pathmnist_nsga2/nsga2/exp1_repeat_3,49_19,strat10,90.29,283561,388773440,5437.4,19
C,C2_medmnist,pathmnist,nsga2,exp1_repeat_3,medmnist/NSGA/experiment_pathmnist_nsga2/nsga2/exp1_repeat_3,101_11,front,92.29,338409,404018304,12585.8,20
C,C2_medmnist,pathmnist,nsga2,exp1_repeat_3,medmnist/NSGA/experiment_pathmnist_nsga2/nsga2/exp1_repeat_3,76_7,front,94.19,351177,318134848,12346.6,16
C,C2_medmnist,pathmnist,nsga2,exp1_repeat_3,medmnist/NSGA/experiment_pathmnist_nsga2/nsga2/exp1_repeat_3,79_7,front,93.19,366153,344710272,6934.5,18
C,C2_medmnist,pathmnist,nsga2,exp1_repeat_3,medmnist/NSGA/experiment_pathmnist_nsga2/nsga2/exp1_repeat_3,85_16,front,94.89,400041,542321792,17659.8,17
C,C2_medmnist,pathmnist,nsga2,exp1_repeat_3,medmnist/NSGA/experiment_pathmnist_nsga2/nsga2/exp1_repeat_3,145_4,strat10,95.1,468745,405924992,7361.2,20
C,C2_medmnist,pathmnist,nsga2,exp1_repeat_3,medmnist/NSGA/experiment_pathmnist_nsga2/nsga2/exp1_repeat_3,45_11,front,93.59,481033,422182016,5139.0,18
C,C2_medmnist,pathmnist,nsga2,exp1_repeat_3,medmnist/NSGA/experiment_pathmnist_nsga2/nsga2/exp1_repeat_3,79_9,front,91.49,504489,529158720,4819.8,18
C,C2_medmnist,pathmnist,nsga2,exp1_repeat_3,medmnist/NSGA/experiment_pathmnist_nsga2/nsga2/exp1_repeat_3,29_3,front,94.09,603945,698771712,4495.4,17
C,C2_medmnist,pathmnist,nsga2,exp1_repeat_3,medmnist/NSGA/experiment_pathmnist_nsga2/nsga2/exp1_repeat_3,145_9,front,91.59,614249,913962112,2955.9,18
C,C2_medmnist,pathmnist,nsga2,exp1_repeat_3,medmnist/NSGA/experiment_pathmnist_nsga2/nsga2/exp1_repeat_3,118_13,front,94.69,622633,891829376,6394.5,17
C,C2_medmnist,pathmnist,nsga2,exp1_repeat_3,medmnist/NSGA/experiment_pathmnist_nsga2/nsga2/exp1_repeat_3,45_2,strat10,95.2,772425,1050987648,2948.2,17
C,C2_medmnist,pathmnist,nsga2,exp1_repeat_3,medmnist/NSGA/experiment_pathmnist_nsga2/nsga2/exp1_repeat_3,49_10,front,93.09,801993,1016676480,1449.5,18
C,C2_medmnist,pathmnist,nsga2,exp1_repeat_3,medmnist/NSGA/experiment_pathmnist_nsga2/nsga2/exp1_repeat_3,76_6,front,94.09,844201,1195594880,2900.6,20
C,C2_medmnist,pathmnist,nsga2,exp1_repeat_3,medmnist/NSGA/experiment_pathmnist_nsga2/nsga2/exp1_repeat_3,114_12,front,92.09,1298409,2016022080,1309.3,18
C,C2_medmnist,pathmnist,nsga2,exp1_repeat_3,medmnist/NSGA/experiment_pathmnist_nsga2/nsga2/exp1_repeat_3,133_13,front,93.39,1448873,2203499776,1282.0,16
C,C2_medmnist,pathmnist,nsga2,exp1_repeat_3,medmnist/NSGA/experiment_pathmnist_nsga2/nsga2/exp1_repeat_3,65_15,front,91.69,1659209,2388971008,1278.0,16
C,C2_medmnist,pathmnist,nsga2,exp1_repeat_3,medmnist/NSGA/experiment_pathmnist_nsga2/nsga2/exp1_repeat_3,101_6,front,90.89,1668393,2520704256,1267.5,15
C,C2_medmnist,pathmnist,nsga2,exp1_repeat_3,medmnist/NSGA/experiment_pathmnist_nsga2/nsga2/exp1_repeat_3,31_18,front,93.59,1732169,2645600512,1457.0,18
C,C2_medmnist,pathmnist,nsga2,exp1_repeat_3,medmnist/NSGA/experiment_pathmnist_nsga2/nsga2/exp1_repeat_3,16_15,front,90.19,1801513,2755837184,1119.0,16
C,C2_medmnist,pathmnist,nsga2,exp1_repeat_3,medmnist/NSGA/experiment_pathmnist_nsga2/nsga2/exp1_repeat_3,103_10,front,94.79,1966505,3004448896,1463.2,18
C,C2_medmnist,pathmnist,nsga2,exp1_repeat_3,medmnist/NSGA/experiment_pathmnist_nsga2/nsga2/exp1_repeat_3,64_14,front,94.29,2080329,3191515392,1449.8,18
C,C2_medmnist,pathmnist,nsga2,exp1_repeat_3,medmnist/NSGA/experiment_pathmnist_nsga2/nsga2/exp1_repeat_3,147_18,best_acc,95.5,2105417,2108971584,5964.4,18
C,C2_medmnist,pathmnist,nsga2,exp1_repeat_3,medmnist/NSGA/experiment_pathmnist_nsga2/nsga2/exp1_repeat_3,82_8,front,94.29,2155017,3363402816,1434.6,18
C,C2_medmnist,pathmnist,nsga2,exp1_repeat_3,medmnist/NSGA/experiment_pathmnist_nsga2/nsga2/exp1_repeat_3,147_15,front,93.59,2447465,3381963328,1403.9,19
C,C2_medmnist,pathmnist,nsga2,exp1_repeat_3,medmnist/NSGA/experiment_pathmnist_nsga2/nsga2/exp1_repeat_3,130_2,front,91.49,2467337,3857033728,1217.2,17
C,C2_medmnist,pathmnist,nsga2,exp1_repeat_3,medmnist/NSGA/experiment_pathmnist_nsga2/nsga2/exp1_repeat_3,116_8,front,94.89,2472745,3865062464,1277.9,16
C,C2_medmnist,pathmnist,nsga2,exp1_repeat_3,medmnist/NSGA/experiment_pathmnist_nsga2/nsga2/exp1_repeat_3,118_5,front,94.99,2493513,3855027264,1443.2,18
C,C2_medmnist,pathmnist,nsga3,exp1_repeat_1,medmnist/NSGA/experiment_pathmnist_nsga3/nsga3/exp1_repeat_1,131_8,strat10,89.39,30345,26795136,20714.6,12
C,C2_medmnist,pathmnist,nsga3,exp1_repeat_1,medmnist/NSGA/experiment_pathmnist_nsga3/nsga3/exp1_repeat_1,139_9,front,89.29,30345,30106752,15423.5,12
C,C2_medmnist,pathmnist,nsga3,exp1_repeat_1,medmnist/NSGA/experiment_pathmnist_nsga3/nsga3/exp1_repeat_1,143_7,front,89.59,36009,25621056,28058.4,13
C,C2_medmnist,pathmnist,nsga3,exp1_repeat_1,medmnist/NSGA/experiment_pathmnist_nsga3/nsga3/exp1_repeat_1,145_5,compact,91.59,46761,59920512,27188.9,15
C,C2_medmnist,pathmnist,nsga3,exp1_repeat_1,medmnist/NSGA/experiment_pathmnist_nsga3/nsga3/exp1_repeat_1,130_3,front,91.49,51177,48781440,19049.1,14
C,C2_medmnist,pathmnist,nsga3,exp1_repeat_1,medmnist/NSGA/experiment_pathmnist_nsga3/nsga3/exp1_repeat_1,111_3,strat10,90.79,69801,91531392,15980.3,15
C,C2_medmnist,pathmnist,nsga3,exp1_repeat_1,medmnist/NSGA/experiment_pathmnist_nsga3/nsga3/exp1_repeat_1,123_9,front,91.99,72585,82499712,16755.7,14
C,C2_medmnist,pathmnist,nsga3,exp1_repeat_1,medmnist/NSGA/experiment_pathmnist_nsga3/nsga3/exp1_repeat_1,102_13,front,92.39,83017,115415168,20770.5,16
C,C2_medmnist,pathmnist,nsga3,exp1_repeat_1,medmnist/NSGA/experiment_pathmnist_nsga3/nsga3/exp1_repeat_1,103_4,front,92.59,84137,115515520,21381.9,17
C,C2_medmnist,pathmnist,nsga3,exp1_repeat_1,medmnist/NSGA/experiment_pathmnist_nsga3/nsga3/exp1_repeat_1,101_7,front,92.99,90665,120929344,22255.1,15
C,C2_medmnist,pathmnist,nsga3,exp1_repeat_1,medmnist/NSGA/experiment_pathmnist_nsga3/nsga3/exp1_repeat_1,76_16,strat10,93.09,110729,156755008,29666.0,12
C,C2_medmnist,pathmnist,nsga3,exp1_repeat_1,medmnist/NSGA/experiment_pathmnist_nsga3/nsga3/exp1_repeat_1,93_2,front,93.39,120169,181040192,24312.3,12
C,C2_medmnist,pathmnist,nsga3,exp1_repeat_1,medmnist/NSGA/experiment_pathmnist_nsga3/nsga3/exp1_repeat_1,149_18,front,87.69,121897,171840640,12031.2,16
C,C2_medmnist,pathmnist,nsga3,exp1_repeat_1,medmnist/NSGA/experiment_pathmnist_nsga3/nsga3/exp1_repeat_1,146_7,front,92.09,124937,181441600,16419.6,15
C,C2_medmnist,pathmnist,nsga3,exp1_repeat_1,medmnist/NSGA/experiment_pathmnist_nsga3/nsga3/exp1_repeat_1,141_9,strat10,91.29,125449,186012800,16341.5,13
C,C2_medmnist,pathmnist,nsga3,exp1_repeat_1,medmnist/NSGA/experiment_pathmnist_nsga3/nsga3/exp1_repeat_1,145_3,front,90.09,125961,187563072,7222.3,15
C,C2_medmnist,pathmnist,nsga3,exp1_repeat_1,medmnist/NSGA/experiment_pathmnist_nsga3/nsga3/exp1_repeat_1,142_17,front,91.49,126505,182851712,13755.9,15
C,C2_medmnist,pathmnist,nsga3,exp1_repeat_1,medmnist/NSGA/experiment_pathmnist_nsga3/nsga3/exp1_repeat_1,144_13,front,92.39,129289,187668608,10152.3,13
C,C2_medmnist,pathmnist,nsga3,exp1_repeat_1,medmnist/NSGA/experiment_pathmnist_nsga3/nsga3/exp1_repeat_1,145_14,front,93.39,132009,186659904,9884.8,14
C,C2_medmnist,pathmnist,nsga3,exp1_repeat_1,medmnist/NSGA/experiment_pathmnist_nsga3/nsga3/exp1_repeat_1,131_12,strat10,93.19,132553,192485504,4101.5,14
C,C2_medmnist,pathmnist,nsga3,exp1_repeat_1,medmnist/NSGA/experiment_pathmnist_nsga3/nsga3/exp1_repeat_1,145_12,front,93.99,133769,201913408,7898.3,12
C,C2_medmnist,pathmnist,nsga3,exp1_repeat_1,medmnist/NSGA/experiment_pathmnist_nsga3/nsga3/exp1_repeat_1,133_1,knee,94.39,135049,156960896,17592.4,12
C,C2_medmnist,pathmnist,nsga3,exp1_repeat_1,medmnist/NSGA/experiment_pathmnist_nsga3/nsga3/exp1_repeat_1,130_10,front,94.19,164201,242260096,8803.0,13
C,C2_medmnist,pathmnist,nsga3,exp1_repeat_1,medmnist/NSGA/experiment_pathmnist_nsga3/nsga3/exp1_repeat_1,119_15,front,93.49,180489,270960768,5510.6,12
C,C2_medmnist,pathmnist,nsga3,exp1_repeat_1,medmnist/NSGA/experiment_pathmnist_nsga3/nsga3/exp1_repeat_1,130_18,strat10,93.69,180489,227608704,7628.3,12
C,C2_medmnist,pathmnist,nsga3,exp1_repeat_1,medmnist/NSGA/experiment_pathmnist_nsga3/nsga3/exp1_repeat_1,131_11,front,94.29,226281,325747776,14576.2,12
C,C2_medmnist,pathmnist,nsga3,exp1_repeat_1,medmnist/NSGA/experiment_pathmnist_nsga3/nsga3/exp1_repeat_1,142_1,front,94.29,232169,329566336,13461.4,12
C,C2_medmnist,pathmnist,nsga3,exp1_repeat_1,medmnist/NSGA/experiment_pathmnist_nsga3/nsga3/exp1_repeat_1,133_16,front,94.39,234217,337589312,10827.7,12
C,C2_medmnist,pathmnist,nsga3,exp1_repeat_1,medmnist/NSGA/experiment_pathmnist_nsga3/nsga3/exp1_repeat_1,127_10,front,94.19,255337,344819840,6321.2,12
C,C2_medmnist,pathmnist,nsga3,exp1_repeat_1,medmnist/NSGA/experiment_pathmnist_nsga3/nsga3/exp1_repeat_1,127_18,strat10,94.89,261097,354453632,9109.3,12
C,C2_medmnist,pathmnist,nsga3,exp1_repeat_1,medmnist/NSGA/experiment_pathmnist_nsga3/nsga3/exp1_repeat_1,31_17,front,88.79,275433,377279616,4068.3,15
C,C2_medmnist,pathmnist,nsga3,exp1_repeat_1,medmnist/NSGA/experiment_pathmnist_nsga3/nsga3/exp1_repeat_1,119_13,front,93.09,279753,422090880,3623.2,16
C,C2_medmnist,pathmnist,nsga3,exp1_repeat_1,medmnist/NSGA/experiment_pathmnist_nsga3/nsga3/exp1_repeat_1,139_17,front,93.39,310761,470259840,3437.6,16
C,C2_medmnist,pathmnist,nsga3,exp1_repeat_1,medmnist/NSGA/experiment_pathmnist_nsga3/nsga3/exp1_repeat_1,102_3,front,94.89,318473,442763392,4851.0,12
C,C2_medmnist,pathmnist,nsga3,exp1_repeat_1,medmnist/NSGA/experiment_pathmnist_nsga3/nsga3/exp1_repeat_1,131_16,front,92.69,414569,611385856,3374.0,15
C,C2_medmnist,pathmnist,nsga3,exp1_repeat_1,medmnist/NSGA/experiment_pathmnist_nsga3/nsga3/exp1_repeat_1,119_11,best_acc,95.1,423689,646879360,3159.1,15
C,C2_medmnist,pathmnist,nsga3,exp1_repeat_1,medmnist/NSGA/experiment_pathmnist_nsga3/nsga3/exp1_repeat_1,148_1,front,91.69,467401,655555712,2865.9,15
C,C2_medmnist,pathmnist,nsga3,exp1_repeat_1,medmnist/NSGA/experiment_pathmnist_nsga3/nsga3/exp1_repeat_1,142_5,front,93.59,502185,747864576,2439.1,14
C,C2_medmnist,pathmnist,nsga3,exp1_repeat_1,medmnist/NSGA/experiment_pathmnist_nsga3/nsga3/exp1_repeat_1,128_11,front,94.09,829545,1287325824,2869.5,13
C,C2_medmnist,pathmnist,nsga3,exp1_repeat_1,medmnist/NSGA/experiment_pathmnist_nsga3/nsga3/exp1_repeat_1,63_2,front,94.59,883369,1349142656,2512.8,13
C,C2_medmnist,pathmnist,nsga3,exp1_repeat_1,medmnist/NSGA/experiment_pathmnist_nsga3/nsga3/exp1_repeat_1,52_1,front,94.69,980937,1481506944,2891.3,16
C,C2_medmnist,pathmnist,nsga3,exp1_repeat_1,medmnist/NSGA/experiment_pathmnist_nsga3/nsga3/exp1_repeat_1,148_7,front,94.89,1013225,1531381888,2728.8,12
C,C2_medmnist,pathmnist,nsga3,exp1_repeat_1,medmnist/NSGA/experiment_pathmnist_nsga3/nsga3/exp1_repeat_1,118_2,front,91.29,1433673,2241061440,2300.9,14
C,C2_medmnist,pathmnist,nsga3,exp1_repeat_1,medmnist/NSGA/experiment_pathmnist_nsga3/nsga3/exp1_repeat_1,97_9,front,94.69,2099913,2663753856,2691.6,15
C,C2_medmnist,pathmnist,nsga3,exp1_repeat_2,medmnist/NSGA/experiment_pathmnist_nsga3/nsga3/exp1_repeat_2,95_8,strat10,88.19,24073,9012800,20543.5,17
C,C2_medmnist,pathmnist,nsga3,exp1_repeat_2,medmnist/NSGA/experiment_pathmnist_nsga3/nsga3/exp1_repeat_2,106_16,front,86.59,24265,10766912,20014.7,17
C,C2_medmnist,pathmnist,nsga3,exp1_repeat_2,medmnist/NSGA/experiment_pathmnist_nsga3/nsga3/exp1_repeat_2,136_12,front,87.69,25097,17065536,16575.6,16
C,C2_medmnist,pathmnist,nsga3,exp1_repeat_2,medmnist/NSGA/experiment_pathmnist_nsga3/nsga3/exp1_repeat_2,110_14,front,89.09,29097,24424000,17504.4,15
C,C2_medmnist,pathmnist,nsga3,exp1_repeat_2,medmnist/NSGA/experiment_pathmnist_nsga3/nsga3/exp1_repeat_2,105_14,front,87.89,29193,26014272,8629.8,15
C,C2_medmnist,pathmnist,nsga3,exp1_repeat_2,medmnist/NSGA/experiment_pathmnist_nsga3/nsga3/exp1_repeat_2,90_11,compact,90.69,29481,26162304,18995.6,16
C,C2_medmnist,pathmnist,nsga3,exp1_repeat_2,medmnist/NSGA/experiment_pathmnist_nsga3/nsga3/exp1_repeat_2,90_14,front,88.29,29481,26014848,16990.4,14
C,C2_medmnist,pathmnist,nsga3,exp1_repeat_2,medmnist/NSGA/experiment_pathmnist_nsga3/nsga3/exp1_repeat_2,127_11,front,89.49,30217,24426048,13451.8,16
C,C2_medmnist,pathmnist,nsga3,exp1_repeat_2,medmnist/NSGA/experiment_pathmnist_nsga3/nsga3/exp1_repeat_2,83_1,front,90.79,31337,26165824,17936.7,16
C,C2_medmnist,pathmnist,nsga3,exp1_repeat_2,medmnist/NSGA/experiment_pathmnist_nsga3/nsga3/exp1_repeat_2,118_15,front,90.09,31433,26182208,12159.0,16
C,C2_medmnist,pathmnist,nsga3,exp1_repeat_2,medmnist/NSGA/experiment_pathmnist_nsga3/nsga3/exp1_repeat_2,86_9,front,91.09,32457,26167872,16696.3,16
C,C2_medmnist,pathmnist,nsga3,exp1_repeat_2,medmnist/NSGA/experiment_pathmnist_nsga3/nsga3/exp1_repeat_2,105_1,strat10,88.49,39433,30845504,10632.2,14
C,C2_medmnist,pathmnist,nsga3,exp1_repeat_2,medmnist/NSGA/experiment_pathmnist_nsga3/nsga3/exp1_repeat_2,123_0,front,91.19,39433,40480320,22185.5,16
C,C2_medmnist,pathmnist,nsga3,exp1_repeat_2,medmnist/NSGA/experiment_pathmnist_nsga3/nsga3/exp1_repeat_2,114_7,front,89.09,41865,46213248,11875.5,14
C,C2_medmnist,pathmnist,nsga3,exp1_repeat_2,medmnist/NSGA/experiment_pathmnist_nsga3/nsga3/exp1_repeat_2,128_18,front,90.49,42697,40486464,10220.4,16
C,C2_medmnist,pathmnist,nsga3,exp1_repeat_2,medmnist/NSGA/experiment_pathmnist_nsga3/nsga3/exp1_repeat_2,120_10,knee,92.19,43305,41405568,10611.3,13
C,C2_medmnist,pathmnist,nsga3,exp1_repeat_2,medmnist/NSGA/experiment_pathmnist_nsga3/nsga3/exp1_repeat_2,128_6,strat10,87.79,60745,86896192,6576.3,15
C,C2_medmnist,pathmnist,nsga3,exp1_repeat_2,medmnist/NSGA/experiment_pathmnist_nsga3/nsga3/exp1_repeat_2,128_7,front,90.49,63081,85058688,3508.2,16
C,C2_medmnist,pathmnist,nsga3,exp1_repeat_2,medmnist/NSGA/experiment_pathmnist_nsga3/nsga3/exp1_repeat_2,117_10,front,92.79,77129,100676672,14307.2,15
C,C2_medmnist,pathmnist,nsga3,exp1_repeat_2,medmnist/NSGA/experiment_pathmnist_nsga3/nsga3/exp1_repeat_2,93_19,front,93.29,84745,39398528,16284.4,16
C,C2_medmnist,pathmnist,nsga3,exp1_repeat_2,medmnist/NSGA/experiment_pathmnist_nsga3/nsga3/exp1_repeat_2,120_1,front,90.69,91817,119579776,10404.0,15
C,C2_medmnist,pathmnist,nsga3,exp1_repeat_2,medmnist/NSGA/experiment_pathmnist_nsga3/nsga3/exp1_repeat_2,105_5,front,90.79,92585,131622016,8605.3,15
C,C2_medmnist,pathmnist,nsga3,exp1_repeat_2,medmnist/NSGA/experiment_pathmnist_nsga3/nsga3/exp1_repeat_2,138_0,strat10,92.69,93449,119244928,9497.6,15
C,C2_medmnist,pathmnist,nsga3,exp1_repeat_2,medmnist/NSGA/experiment_pathmnist_nsga3/nsga3/exp1_repeat_2,103_4,front,91.69,100009,143262848,9286.8,15
C,C2_medmnist,pathmnist,nsga3,exp1_repeat_2,medmnist/NSGA/experiment_pathmnist_nsga3/nsga3/exp1_repeat_2,135_10,front,92.39,109225,101717120,9296.3,14
C,C2_medmnist,pathmnist,nsga3,exp1_repeat_2,medmnist/NSGA/experiment_pathmnist_nsga3/nsga3/exp1_repeat_2,134_1,front,93.19,114633,116067456,12732.5,16
C,C2_medmnist,pathmnist,nsga3,exp1_repeat_2,medmnist/NSGA/experiment_pathmnist_nsga3/nsga3/exp1_repeat_2,105_10,front,93.49,118921,116468864,7224.9,17
C,C2_medmnist,pathmnist,nsga3,exp1_repeat_2,medmnist/NSGA/experiment_pathmnist_nsga3/nsga3/exp1_repeat_2,133_16,strat10,93.69,130089,104020032,11520.3,14
C,C2_medmnist,pathmnist,nsga3,exp1_repeat_2,medmnist/NSGA/experiment_pathmnist_nsga3/nsga3/exp1_repeat_2,105_18,front,92.79,137641,195340352,4601.7,16
C,C2_medmnist,pathmnist,nsga3,exp1_repeat_2,medmnist/NSGA/experiment_pathmnist_nsga3/nsga3/exp1_repeat_2,120_6,front,93.49,148073,184005760,4934.0,15
C,C2_medmnist,pathmnist,nsga3,exp1_repeat_2,medmnist/NSGA/experiment_pathmnist_nsga3/nsga3/exp1_repeat_2,114_8,front,93.69,153673,184803392,5049.7,16
C,C2_medmnist,pathmnist,nsga3,exp1_repeat_2,medmnist/NSGA/experiment_pathmnist_nsga3/nsga3/exp1_repeat_2,111_13,front,92.89,159529,229058624,3478.1,16
C,C2_medmnist,pathmnist,nsga3,exp1_repeat_2,medmnist/NSGA/experiment_pathmnist_nsga3/nsga3/exp1_repeat_2,103_16,front,94.09,160265,203273344,3660.1,15
C,C2_medmnist,pathmnist,nsga3,exp1_repeat_2,medmnist/NSGA/experiment_pathmnist_nsga3/nsga3/exp1_repeat_2,136_13,strat10,90.69,169193,212322880,2838.3,15
C,C2_medmnist,pathmnist,nsga3,exp1_repeat_2,medmnist/NSGA/experiment_pathmnist_nsga3/nsga3/exp1_repeat_2,103_11,front,94.29,174057,203368512,4891.0,16
C,C2_medmnist,pathmnist,nsga3,exp1_repeat_2,medmnist/NSGA/experiment_pathmnist_nsga3/nsga3/exp1_repeat_2,114_3,front,91.09,184425,210946176,3398.6,15
C,C2_medmnist,pathmnist,nsga3,exp1_repeat_2,medmnist/NSGA/experiment_pathmnist_nsga3/nsga3/exp1_repeat_2,136_6,front,92.69,207273,243113088,3426.2,15
C,C2_medmnist,pathmnist,nsga3,exp1_repeat_2,medmnist/NSGA/experiment_pathmnist_nsga3/nsga3/exp1_repeat_2,139_12,front,94.59,220329,246474304,11670.7,16
C,C2_medmnist,pathmnist,nsga3,exp1_repeat_2,medmnist/NSGA/experiment_pathmnist_nsga3/nsga3/exp1_repeat_2,122_7,strat10,94.79,222537,304227456,6118.6,13
C,C2_medmnist,pathmnist,nsga3,exp1_repeat_2,medmnist/NSGA/experiment_pathmnist_nsga3/nsga3/exp1_repeat_2,139_0,front,93.29,243529,342556800,2315.8,14
C,C2_medmnist,pathmnist,nsga3,exp1_repeat_2,medmnist/NSGA/experiment_pathmnist_nsga3/nsga3/exp1_repeat_2,142_4,front,94.19,250761,340499520,4114.3,15
C,C2_medmnist,pathmnist,nsga3,exp1_repeat_2,medmnist/NSGA/experiment_pathmnist_nsga3/nsga3/exp1_repeat_2,124_2,front,94.39,279049,392537216,3790.5,14
C,C2_medmnist,pathmnist,nsga3,exp1_repeat_2,medmnist/NSGA/experiment_pathmnist_nsga3/nsga3/exp1_repeat_2,129_9,front,94.39,289193,407088256,3229.5,15
C,C2_medmnist,pathmnist,nsga3,exp1_repeat_2,medmnist/NSGA/experiment_pathmnist_nsga3/nsga3/exp1_repeat_2,62_11,front,91.59,322185,415289472,2132.3,16
C,C2_medmnist,pathmnist,nsga3,exp1_repeat_2,medmnist/NSGA/experiment_pathmnist_nsga3/nsga3/exp1_repeat_2,139_14,front,90.29,322281,492756544,1674.9,15
C,C2_medmnist,pathmnist,nsga3,exp1_repeat_2,medmnist/NSGA/experiment_pathmnist_nsga3/nsga3/exp1_repeat_2,62_18,front,94.59,326473,443977856,2973.8,18
C,C2_medmnist,pathmnist,nsga3,exp1_repeat_2,medmnist/NSGA/experiment_pathmnist_nsga3/nsga3/exp1_repeat_2,50_19,front,93.79,355433,522954880,2960.2,17
C,C2_medmnist,pathmnist,nsga3,exp1_repeat_2,medmnist/NSGA/experiment_pathmnist_nsga3/nsga3/exp1_repeat_2,146_10,front,91.39,439497,668566080,2124.3,14
C,C2_medmnist,pathmnist,nsga3,exp1_repeat_2,medmnist/NSGA/experiment_pathmnist_nsga3/nsga3/exp1_repeat_2,149_3,best_acc,95.5,444329,631369792,2667.5,12
C,C2_medmnist,pathmnist,nsga3,exp1_repeat_2,medmnist/NSGA/experiment_pathmnist_nsga3/nsga3/exp1_repeat_2,145_10,front,94.59,449833,668914240,2136.5,13
C,C2_medmnist,pathmnist,nsga3,exp1_repeat_3,medmnist/NSGA/experiment_pathmnist_nsga3/nsga3/exp1_repeat_3,134_11,strat10,88.29,25673,7458944,21296.3,13
C,C2_medmnist,pathmnist,nsga3,exp1_repeat_3,medmnist/NSGA/experiment_pathmnist_nsga3/nsga3/exp1_repeat_3,139_18,front,89.39,35081,4429952,14846.7,18
C,C2_medmnist,pathmnist,nsga3,exp1_repeat_3,medmnist/NSGA/experiment_pathmnist_nsga3/nsga3/exp1_repeat_3,142_10,knee,93.29,39433,33221696,17241.5,16
C,C2_medmnist,pathmnist,nsga3,exp1_repeat_3,medmnist/NSGA/experiment_pathmnist_nsga3/nsga3/exp1_repeat_3,108_4,front,87.69,39657,13712512,13690.7,18
C,C2_medmnist,pathmnist,nsga3,exp1_repeat_3,medmnist/NSGA/experiment_pathmnist_nsga3/nsga3/exp1_repeat_3,108_0,front,88.09,41801,14515328,13614.0,18
C,C2_medmnist,pathmnist,nsga3,exp1_repeat_3,medmnist/NSGA/experiment_pathmnist_nsga3/nsga3/exp1_repeat_3,135_6,strat10,89.69,48489,6571136,16402.4,17
C,C2_medmnist,pathmnist,nsga3,exp1_repeat_3,medmnist/NSGA/experiment_pathmnist_nsga3/nsga3/exp1_repeat_3,120_3,front,91.19,55273,37742720,15792.9,16
C,C2_medmnist,pathmnist,nsga3,exp1_repeat_3,medmnist/NSGA/experiment_pathmnist_nsga3/nsga3/exp1_repeat_3,110_18,front,89.49,55433,73668736,14978.7,15
C,C2_medmnist,pathmnist,nsga3,exp1_repeat_3,medmnist/NSGA/experiment_pathmnist_nsga3/nsga3/exp1_repeat_3,108_8,front,91.99,65769,89725056,9884.5,15
C,C2_medmnist,pathmnist,nsga3,exp1_repeat_3,medmnist/NSGA/experiment_pathmnist_nsga3/nsga3/exp1_repeat_3,139_8,front,92.09,92041,106980416,8988.7,16
C,C2_medmnist,pathmnist,nsga3,exp1_repeat_3,medmnist/NSGA/experiment_pathmnist_nsga3/nsga3/exp1_repeat_3,146_3,strat10,93.59,96681,141049920,14747.5,15
C,C2_medmnist,pathmnist,nsga3,exp1_repeat_3,medmnist/NSGA/experiment_pathmnist_nsga3/nsga3/exp1_repeat_3,137_11,front,91.09,102537,135503424,7440.1,16
C,C2_medmnist,pathmnist,nsga3,exp1_repeat_3,medmnist/NSGA/experiment_pathmnist_nsga3/nsga3/exp1_repeat_3,147_8,front,92.99,123593,179640448,7353.0,17
C,C2_medmnist,pathmnist,nsga3,exp1_repeat_3,medmnist/NSGA/experiment_pathmnist_nsga3/nsga3/exp1_repeat_3,135_8,front,93.39,129449,165937216,9301.1,16
C,C2_medmnist,pathmnist,nsga3,exp1_repeat_3,medmnist/NSGA/experiment_pathmnist_nsga3/nsga3/exp1_repeat_3,135_13,front,91.69,133865,146874944,7099.2,16
C,C2_medmnist,pathmnist,nsga3,exp1_repeat_3,medmnist/NSGA/experiment_pathmnist_nsga3/nsga3/exp1_repeat_3,135_3,front,88.99,141673,141022784,6858.4,19
C,C2_medmnist,pathmnist,nsga3,exp1_repeat_3,medmnist/NSGA/experiment_pathmnist_nsga3/nsga3/exp1_repeat_3,139_15,strat10,92.39,146313,214964352,6471.6,18
C,C2_medmnist,pathmnist,nsga3,exp1_repeat_3,medmnist/NSGA/experiment_pathmnist_nsga3/nsga3/exp1_repeat_3,108_18,front,91.19,148585,171406400,5093.9,19
C,C2_medmnist,pathmnist,nsga3,exp1_repeat_3,medmnist/NSGA/experiment_pathmnist_nsga3/nsga3/exp1_repeat_3,132_4,front,94.29,149769,196895808,11550.1,15
C,C2_medmnist,pathmnist,nsga3,exp1_repeat_3,medmnist/NSGA/experiment_pathmnist_nsga3/nsga3/exp1_repeat_3,149_13,front,94.39,155977,204070976,19867.7,14
C,C2_medmnist,pathmnist,nsga3,exp1_repeat_3,medmnist/NSGA/experiment_pathmnist_nsga3/nsga3/exp1_repeat_3,86_9,front,93.39,160265,225418816,7086.4,15
C,C2_medmnist,pathmnist,nsga3,exp1_repeat_3,medmnist/NSGA/experiment_pathmnist_nsga3/nsga3/exp1_repeat_3,134_12,strat10,93.49,177769,241401920,10449.0,16
C,C2_medmnist,pathmnist,nsga3,exp1_repeat_3,medmnist/NSGA/experiment_pathmnist_nsga3/nsga3/exp1_repeat_3,140_14,front,92.89,184009,274372736,3871.4,14
C,C2_medmnist,pathmnist,nsga3,exp1_repeat_3,medmnist/NSGA/experiment_pathmnist_nsga3/nsga3/exp1_repeat_3,135_0,front,93.09,184873,166023680,6957.8,16
C,C2_medmnist,pathmnist,nsga3,exp1_repeat_3,medmnist/NSGA/experiment_pathmnist_nsga3/nsga3/exp1_repeat_3,127_9,front,94.39,194249,188817472,7917.0,17
C,C2_medmnist,pathmnist,nsga3,exp1_repeat_3,medmnist/NSGA/experiment_pathmnist_nsga3/nsga3/exp1_repeat_3,148_18,front,94.49,201321,186810432,17972.5,16
C,C2_medmnist,pathmnist,nsga3,exp1_repeat_3,medmnist/NSGA/experiment_pathmnist_nsga3/nsga3/exp1_repeat_3,125_17,strat10,93.59,227689,318923840,6065.4,15
C,C2_medmnist,pathmnist,nsga3,exp1_repeat_3,medmnist/NSGA/experiment_pathmnist_nsga3/nsga3/exp1_repeat_3,140_0,front,90.39,230729,335755840,3418.0,15
C,C2_medmnist,pathmnist,nsga3,exp1_repeat_3,medmnist/NSGA/experiment_pathmnist_nsga3/nsga3/exp1_repeat_3,144_5,front,92.99,233065,339117632,5684.4,16
C,C2_medmnist,pathmnist,nsga3,exp1_repeat_3,medmnist/NSGA/experiment_pathmnist_nsga3/nsga3/exp1_repeat_3,132_16,front,93.79,246377,314061952,4797.4,15
C,C2_medmnist,pathmnist,nsga3,exp1_repeat_3,medmnist/NSGA/experiment_pathmnist_nsga3/nsga3/exp1_repeat_3,136_3,front,94.69,336617,155756096,22084.9,15
C,C2_medmnist,pathmnist,nsga3,exp1_repeat_3,medmnist/NSGA/experiment_pathmnist_nsga3/nsga3/exp1_repeat_3,108_5,strat10,92.19,343785,511221312,3779.4,17
C,C2_medmnist,pathmnist,nsga3,exp1_repeat_3,medmnist/NSGA/experiment_pathmnist_nsga3/nsga3/exp1_repeat_3,149_6,front,93.19,369929,541655104,4518.8,15
C,C2_medmnist,pathmnist,nsga3,exp1_repeat_3,medmnist/NSGA/experiment_pathmnist_nsga3/nsga3/exp1_repeat_3,52_6,front,93.89,374409,566597760,4595.2,19
C,C2_medmnist,pathmnist,nsga3,exp1_repeat_3,medmnist/NSGA/experiment_pathmnist_nsga3/nsga3/exp1_repeat_3,87_18,front,93.69,376745,566948992,4432.4,20
C,C2_medmnist,pathmnist,nsga3,exp1_repeat_3,medmnist/NSGA/experiment_pathmnist_nsga3/nsga3/exp1_repeat_3,81_0,front,94.09,387817,426852416,6329.9,18
C,C2_medmnist,pathmnist,nsga3,exp1_repeat_3,medmnist/NSGA/experiment_pathmnist_nsga3/nsga3/exp1_repeat_3,77_2,front,93.79,437993,610301056,4013.1,19
C,C2_medmnist,pathmnist,nsga3,exp1_repeat_3,medmnist/NSGA/experiment_pathmnist_nsga3/nsga3/exp1_repeat_3,111_13,strat10,94.59,451785,674671680,4226.7,20
C,C2_medmnist,pathmnist,nsga3,exp1_repeat_3,medmnist/NSGA/experiment_pathmnist_nsga3/nsga3/exp1_repeat_3,71_3,front,92.69,457449,695122048,3390.5,17
C,C2_medmnist,pathmnist,nsga3,exp1_repeat_3,medmnist/NSGA/experiment_pathmnist_nsga3/nsga3/exp1_repeat_3,147_18,front,95.1,458569,588218432,5630.6,17
C,C2_medmnist,pathmnist,nsga3,exp1_repeat_3,medmnist/NSGA/experiment_pathmnist_nsga3/nsga3/exp1_repeat_3,99_10,front,93.99,458761,699162752,4161.3,20
C,C2_medmnist,pathmnist,nsga3,exp1_repeat_3,medmnist/NSGA/experiment_pathmnist_nsga3/nsga3/exp1_repeat_3,81_7,front,90.79,465481,720076352,3123.3,18
C,C2_medmnist,pathmnist,nsga3,exp1_repeat_3,medmnist/NSGA/experiment_pathmnist_nsga3/nsga3/exp1_repeat_3,129_13,front,93.99,480265,713457728,4051.8,18
C,C2_medmnist,pathmnist,nsga3,exp1_repeat_3,medmnist/NSGA/experiment_pathmnist_nsga3/nsga3/exp1_repeat_3,138_14,front,93.29,493993,642257984,3642.0,17
C,C2_medmnist,pathmnist,nsga3,exp1_repeat_3,medmnist/NSGA/experiment_pathmnist_nsga3/nsga3/exp1_repeat_3,116_14,front,93.39,519465,726302784,3912.9,18
C,C2_medmnist,pathmnist,nsga3,exp1_repeat_3,medmnist/NSGA/experiment_pathmnist_nsga3/nsga3/exp1_repeat_3,139_10,front,93.09,552521,476321344,3528.5,17
C,C2_medmnist,pathmnist,nsga3,exp1_repeat_3,medmnist/NSGA/experiment_pathmnist_nsga3/nsga3/exp1_repeat_3,131_19,best_acc,95.6,570569,763232320,3405.0,17
C,C2_medmnist,pathmnist,nsga3,exp1_repeat_3,medmnist/NSGA/experiment_pathmnist_nsga3/nsga3/exp1_repeat_3,145_17,front,86.39,687465,895114752,2788.3,15
C,C2_medmnist,octmnist,moqnas,exp1_repeat_1,medmnist/moqnas_last/experiment_octmnist_medmnist/moqnas/exp1_repeat_1,75_0,strat10,77.8,32132,16457984,31597.1,10
C,C2_medmnist,octmnist,moqnas,exp1_repeat_1,medmnist/moqnas_last/experiment_octmnist_medmnist/moqnas/exp1_repeat_1,79_18,front,78.0,42468,8460544,24045.0,11
C,C2_medmnist,octmnist,moqnas,exp1_repeat_1,medmnist/moqnas_last/experiment_octmnist_medmnist/moqnas/exp1_repeat_1,142_0,front,78.8,48484,37760512,27617.4,8
C,C2_medmnist,octmnist,moqnas,exp1_repeat_1,medmnist/moqnas_last/experiment_octmnist_medmnist/moqnas/exp1_repeat_1,48_9,front,77.6,48644,20773376,10203.7,10
C,C2_medmnist,octmnist,moqnas,exp1_repeat_1,medmnist/moqnas_last/experiment_octmnist_medmnist/moqnas/exp1_repeat_1,38_13,front,78.1,57636,9332992,26462.2,10
C,C2_medmnist,octmnist,moqnas,exp1_repeat_1,medmnist/moqnas_last/experiment_octmnist_medmnist/moqnas/exp1_repeat_1,123_6,strat10,78.1,66596,24036608,19353.6,9
C,C2_medmnist,octmnist,moqnas,exp1_repeat_1,medmnist/moqnas_last/experiment_octmnist_medmnist/moqnas/exp1_repeat_1,107_15,front,81.3,70788,62371072,16816.2,8
C,C2_medmnist,octmnist,moqnas,exp1_repeat_1,medmnist/moqnas_last/experiment_octmnist_medmnist/moqnas/exp1_repeat_1,12_17,compact,81.6,74180,62410240,18870.6,9
C,C2_medmnist,octmnist,moqnas,exp1_repeat_1,medmnist/moqnas_last/experiment_octmnist_medmnist/moqnas/exp1_repeat_1,53_17,front,80.0,76836,36609280,12205.4,10
C,C2_medmnist,octmnist,moqnas,exp1_repeat_1,medmnist/moqnas_last/experiment_octmnist_medmnist/moqnas/exp1_repeat_1,11_12,strat10,77.5,78308,20070656,8308.9,11
C,C2_medmnist,octmnist,moqnas,exp1_repeat_1,medmnist/moqnas_last/experiment_octmnist_medmnist/moqnas/exp1_repeat_1,0_16,front,81.5,94852,94522880,16952.0,10
C,C2_medmnist,octmnist,moqnas,exp1_repeat_1,medmnist/moqnas_last/experiment_octmnist_medmnist/moqnas/exp1_repeat_1,146_4,front,78.9,106020,22633984,9380.1,11
C,C2_medmnist,octmnist,moqnas,exp1_repeat_1,medmnist/moqnas_last/experiment_octmnist_medmnist/moqnas/exp1_repeat_1,97_4,front,81.8,106980,62387200,9504.2,7
C,C2_medmnist,octmnist,moqnas,exp1_repeat_1,medmnist/moqnas_last/experiment_octmnist_medmnist/moqnas/exp1_repeat_1,51_0,front,82.8,112964,74343680,19172.3,10
C,C2_medmnist,octmnist,moqnas,exp1_repeat_1,medmnist/moqnas_last/experiment_octmnist_medmnist/moqnas/exp1_repeat_1,48_15,knee,83.2,116644,68795904,10754.2,8
C,C2_medmnist,octmnist,moqnas,exp1_repeat_1,medmnist/moqnas_last/experiment_octmnist_medmnist/moqnas/exp1_repeat_1,106_10,front,78.8,125540,134898176,7460.0,8
C,C2_medmnist,octmnist,moqnas,exp1_repeat_1,medmnist/moqnas_last/experiment_octmnist_medmnist/moqnas/exp1_repeat_1,146_15,front,78.9,127716,35583488,5194.1,10
C,C2_medmnist,octmnist,moqnas,exp1_repeat_1,medmnist/moqnas_last/experiment_octmnist_medmnist/moqnas/exp1_repeat_1,70_15,front,78.2,151268,143965696,3981.5,11
C,C2_medmnist,octmnist,moqnas,exp1_repeat_1,medmnist/moqnas_last/experiment_octmnist_medmnist/moqnas/exp1_repeat_1,21_13,front,82.2,152644,98144256,8077.4,9
C,C2_medmnist,octmnist,moqnas,exp1_repeat_1,medmnist/moqnas_last/experiment_octmnist_medmnist/moqnas/exp1_repeat_1,117_13,strat10,83.4,161380,155497728,10815.9,11
C,C2_medmnist,octmnist,moqnas,exp1_repeat_1,medmnist/moqnas_last/experiment_octmnist_medmnist/moqnas/exp1_repeat_1,92_12,front,78.8,162532,79982592,3413.9,12
C,C2_medmnist,octmnist,moqnas,exp1_repeat_1,medmnist/moqnas_last/experiment_octmnist_medmnist/moqnas/exp1_repeat_1,98_15,front,79.9,163844,71734784,6622.7,12
C,C2_medmnist,octmnist,moqnas,exp1_repeat_1,medmnist/moqnas_last/experiment_octmnist_medmnist/moqnas/exp1_repeat_1,54_10,front,81.3,171844,244612608,7097.1,7
C,C2_medmnist,octmnist,moqnas,exp1_repeat_1,medmnist/moqnas_last/experiment_octmnist_medmnist/moqnas/exp1_repeat_1,48_4,strat10,81.8,178628,126193664,5435.8,12
C,C2_medmnist,octmnist,moqnas,exp1_repeat_1,medmnist/moqnas_last/experiment_octmnist_medmnist/moqnas/exp1_repeat_1,126_7,front,80.3,182084,244633088,500.8,6
C,C2_medmnist,octmnist,moqnas,exp1_repeat_1,medmnist/moqnas_last/experiment_octmnist_medmnist/moqnas/exp1_repeat_1,92_18,front,84.7,193284,177992704,4973.3,9
C,C2_medmnist,octmnist,moqnas,exp1_repeat_1,medmnist/moqnas_last/experiment_octmnist_medmnist/moqnas/exp1_repeat_1,55_18,front,83.4,225380,287611136,2610.7,12
C,C2_medmnist,octmnist,moqnas,exp1_repeat_1,medmnist/moqnas_last/experiment_octmnist_medmnist/moqnas/exp1_repeat_1,57_4,front,81.1,255780,372531712,889.7,11
C,C2_medmnist,octmnist,moqnas,exp1_repeat_1,medmnist/moqnas_last/experiment_octmnist_medmnist/moqnas/exp1_repeat_1,71_8,strat10,83.7,285572,291973632,1709.6,14
C,C2_medmnist,octmnist,moqnas,exp1_repeat_1,medmnist/moqnas_last/experiment_octmnist_medmnist/moqnas/exp1_repeat_1,25_10,front,80.5,347300,537489920,798.3,11
C,C2_medmnist,octmnist,moqnas,exp1_repeat_1,medmnist/moqnas_last/experiment_octmnist_medmnist/moqnas/exp1_repeat_1,145_2,front,85.7,366980,432492032,3638.6,10
C,C2_medmnist,octmnist,moqnas,exp1_repeat_1,medmnist/moqnas_last/experiment_octmnist_medmnist/moqnas/exp1_repeat_1,23_3,front,84.9,382308,305586688,3164.3,12
C,C2_medmnist,octmnist,moqnas,exp1_repeat_1,medmnist/moqnas_last/experiment_octmnist_medmnist/moqnas/exp1_repeat_1,106_8,front,83.8,387844,421290240,1264.9,11
C,C2_medmnist,octmnist,moqnas,exp1_repeat_1,medmnist/moqnas_last/experiment_octmnist_medmnist/moqnas/exp1_repeat_1,45_7,strat10,84.3,436612,387459072,939.2,11
C,C2_medmnist,octmnist,moqnas,exp1_repeat_1,medmnist/moqnas_last/experiment_octmnist_medmnist/moqnas/exp1_repeat_1,62_17,front,80.6,550276,749179136,740.2,10
C,C2_medmnist,octmnist,moqnas,exp1_repeat_1,medmnist/moqnas_last/experiment_octmnist_medmnist/moqnas/exp1_repeat_1,122_15,front,85.9,579652,781710336,14589.1,14
C,C2_medmnist,octmnist,moqnas,exp1_repeat_1,medmnist/moqnas_last/experiment_octmnist_medmnist/moqnas/exp1_repeat_1,119_10,front,80.6,704580,945691136,740.1,10
C,C2_medmnist,octmnist,moqnas,exp1_repeat_1,medmnist/moqnas_last/experiment_octmnist_medmnist/moqnas/exp1_repeat_1,136_15,best_acc,86.5,711300,1084456192,4614.4,12
C,C2_medmnist,octmnist,moqnas,exp1_repeat_1,medmnist/moqnas_last/experiment_octmnist_medmnist/moqnas/exp1_repeat_1,134_1,front,81.7,714212,219322880,901.3,13
C,C2_medmnist,octmnist,moqnas,exp1_repeat_1,medmnist/moqnas_last/experiment_octmnist_medmnist/moqnas/exp1_repeat_1,50_8,front,84.8,782660,1137795584,666.1,9
C,C2_medmnist,octmnist,moqnas,exp1_repeat_1,medmnist/moqnas_last/experiment_octmnist_medmnist/moqnas/exp1_repeat_1,119_7,front,82.4,824548,1150259712,649.6,7
C,C2_medmnist,octmnist,moqnas,exp1_repeat_1,medmnist/moqnas_last/experiment_octmnist_medmnist/moqnas/exp1_repeat_1,46_6,front,85.6,1072164,642207232,3448.1,11
C,C2_medmnist,octmnist,moqnas,exp1_repeat_1,medmnist/moqnas_last/experiment_octmnist_medmnist/moqnas/exp1_repeat_1,97_13,front,85.1,1486020,439432192,2887.8,12
C,C2_medmnist,octmnist,moqnas,exp1_repeat_2,medmnist/moqnas_last/experiment_octmnist_medmnist/moqnas/exp1_repeat_2,118_4,strat10,76.9,29444,6372608,30533.3,9
C,C2_medmnist,octmnist,moqnas,exp1_repeat_2,medmnist/moqnas_last/experiment_octmnist_medmnist/moqnas/exp1_repeat_2,114_0,front,76.8,36452,25620992,26345.8,9
C,C2_medmnist,octmnist,moqnas,exp1_repeat_2,medmnist/moqnas_last/experiment_octmnist_medmnist/moqnas/exp1_repeat_2,142_3,front,77.4,38212,24968448,40406.7,13
C,C2_medmnist,octmnist,moqnas,exp1_repeat_2,medmnist/moqnas_last/experiment_octmnist_medmnist/moqnas/exp1_repeat_2,115_17,front,77.1,47524,27346176,15297.1,13
C,C2_medmnist,octmnist,moqnas,exp1_repeat_2,medmnist/moqnas_last/experiment_octmnist_medmnist/moqnas/exp1_repeat_2,125_3,strat10,78.6,57380,29320448,48948.0,11
C,C2_medmnist,octmnist,moqnas,exp1_repeat_2,medmnist/moqnas_last/experiment_octmnist_medmnist/moqnas/exp1_repeat_2,94_5,front,78.6,57380,29320448,25350.6,12
C,C2_medmnist,octmnist,moqnas,exp1_repeat_2,medmnist/moqnas_last/experiment_octmnist_medmnist/moqnas/exp1_repeat_2,123_2,front,78.9,61124,35336192,32154.7,10
C,C2_medmnist,octmnist,moqnas,exp1_repeat_2,medmnist/moqnas_last/experiment_octmnist_medmnist/moqnas/exp1_repeat_2,69_12,knee,82.1,62788,65180928,11043.1,11
C,C2_medmnist,octmnist,moqnas,exp1_repeat_2,medmnist/moqnas_last/experiment_octmnist_medmnist/moqnas/exp1_repeat_2,113_15,front,78.1,72996,18979072,10921.1,7
C,C2_medmnist,octmnist,moqnas,exp1_repeat_2,medmnist/moqnas_last/experiment_octmnist_medmnist/moqnas/exp1_repeat_2,144_18,strat10,77.7,79428,23150848,3866.1,12
C,C2_medmnist,octmnist,moqnas,exp1_repeat_2,medmnist/moqnas_last/experiment_octmnist_medmnist/moqnas/exp1_repeat_2,135_12,front,82.5,87268,109737216,19122.6,9
C,C2_medmnist,octmnist,moqnas,exp1_repeat_2,medmnist/moqnas_last/experiment_octmnist_medmnist/moqnas/exp1_repeat_2,37_1,front,82.4,101796,134735104,13875.2,11
C,C2_medmnist,octmnist,moqnas,exp1_repeat_2,medmnist/moqnas_last/experiment_octmnist_medmnist/moqnas/exp1_repeat_2,110_5,front,81.4,104228,65918208,7473.8,13
C,C2_medmnist,octmnist,moqnas,exp1_repeat_2,medmnist/moqnas_last/experiment_octmnist_medmnist/moqnas/exp1_repeat_2,57_9,strat10,81.3,119684,175578368,4368.9,13
C,C2_medmnist,octmnist,moqnas,exp1_repeat_2,medmnist/moqnas_last/experiment_octmnist_medmnist/moqnas/exp1_repeat_2,109_11,front,82.9,147460,102377472,33749.2,9
C,C2_medmnist,octmnist,moqnas,exp1_repeat_2,medmnist/moqnas_last/experiment_octmnist_medmnist/moqnas/exp1_repeat_2,87_1,front,83.2,152452,226958592,9933.0,13
C,C2_medmnist,octmnist,moqnas,exp1_repeat_2,medmnist/moqnas_last/experiment_octmnist_medmnist/moqnas/exp1_repeat_2,27_17,front,83.5,173348,144023552,10841.6,8
C,C2_medmnist,octmnist,moqnas,exp1_repeat_2,medmnist/moqnas_last/experiment_octmnist_medmnist/moqnas/exp1_repeat_2,137_18,strat10,82.6,173476,260676864,8824.9,8
C,C2_medmnist,octmnist,moqnas,exp1_repeat_2,medmnist/moqnas_last/experiment_octmnist_medmnist/moqnas/exp1_repeat_2,144_12,front,83.5,183300,100304128,7388.8,9
C,C2_medmnist,octmnist,moqnas,exp1_repeat_2,medmnist/moqnas_last/experiment_octmnist_medmnist/moqnas/exp1_repeat_2,60_13,front,79.7,207620,305186048,2514.9,12
C,C2_medmnist,octmnist,moqnas,exp1_repeat_2,medmnist/moqnas_last/experiment_octmnist_medmnist/moqnas/exp1_repeat_2,90_4,front,82.8,208324,209806592,5867.6,14
C,C2_medmnist,octmnist,moqnas,exp1_repeat_2,medmnist/moqnas_last/experiment_octmnist_medmnist/moqnas/exp1_repeat_2,59_10,front,83.6,240132,150227200,19316.4,12
C,C2_medmnist,octmnist,moqnas,exp1_repeat_2,medmnist/moqnas_last/experiment_octmnist_medmnist/moqnas/exp1_repeat_2,145_4,strat10,83.9,260612,379957760,2653.2,12
C,C2_medmnist,octmnist,moqnas,exp1_repeat_2,medmnist/moqnas_last/experiment_octmnist_medmnist/moqnas/exp1_repeat_2,97_4,front,84.1,271620,164477440,26595.1,11
C,C2_medmnist,octmnist,moqnas,exp1_repeat_2,medmnist/moqnas_last/experiment_octmnist_medmnist/moqnas/exp1_repeat_2,61_18,front,84.5,294692,451990016,27166.3,13
C,C2_medmnist,octmnist,moqnas,exp1_repeat_2,medmnist/moqnas_last/experiment_octmnist_medmnist/moqnas/exp1_repeat_2,49_4,front,85.3,296420,451797248,7177.7,11
C,C2_medmnist,octmnist,moqnas,exp1_repeat_2,medmnist/moqnas_last/experiment_octmnist_medmnist/moqnas/exp1_repeat_2,146_17,strat10,80.4,352772,505422848,940.8,9
C,C2_medmnist,octmnist,moqnas,exp1_repeat_2,medmnist/moqnas_last/experiment_octmnist_medmnist/moqnas/exp1_repeat_2,10_10,front,80.7,373092,467190784,1256.3,13
C,C2_medmnist,octmnist,moqnas,exp1_repeat_2,medmnist/moqnas_last/experiment_octmnist_medmnist/moqnas/exp1_repeat_2,57_7,front,83.6,378340,447590400,895.6,11
C,C2_medmnist,octmnist,moqnas,exp1_repeat_2,medmnist/moqnas_last/experiment_octmnist_medmnist/moqnas/exp1_repeat_2,33_2,front,83.7,451492,584961024,1170.3,12
C,C2_medmnist,octmnist,moqnas,exp1_repeat_2,medmnist/moqnas_last/experiment_octmnist_medmnist/moqnas/exp1_repeat_2,122_3,strat10,84.7,521892,323997952,1055.6,12
C,C2_medmnist,octmnist,moqnas,exp1_repeat_2,medmnist/moqnas_last/experiment_octmnist_medmnist/moqnas/exp1_repeat_2,84_5,front,85.4,534724,828209664,4471.9,11
C,C2_medmnist,octmnist,moqnas,exp1_repeat_2,medmnist/moqnas_last/experiment_octmnist_medmnist/moqnas/exp1_repeat_2,22_17,best_acc,86.6,587684,625533184,3558.0,15
C,C2_medmnist,octmnist,moqnas,exp1_repeat_2,medmnist/moqnas_last/experiment_octmnist_medmnist/moqnas/exp1_repeat_2,145_18,front,84.0,616804,239645184,1039.0,12
C,C2_medmnist,octmnist,moqnas,exp1_repeat_2,medmnist/moqnas_last/experiment_octmnist_medmnist/moqnas/exp1_repeat_2,23_19,front,80.9,735076,1119125760,817.6,12
C,C2_medmnist,octmnist,moqnas,exp1_repeat_2,medmnist/moqnas_last/experiment_octmnist_medmnist/moqnas/exp1_repeat_2,89_8,front,82.1,765604,995293440,491.8,7
C,C2_medmnist,octmnist,moqnas,exp1_repeat_2,medmnist/moqnas_last/experiment_octmnist_medmnist/moqnas/exp1_repeat_2,15_4,front,85.9,863716,1169066496,2732.3,11
C,C2_medmnist,octmnist,moqnas,exp1_repeat_2,medmnist/moqnas_last/experiment_octmnist_medmnist/moqnas/exp1_repeat_2,131_0,front,83.6,905412,1394014720,881.4,9
C,C2_medmnist,octmnist,moqnas,exp1_repeat_2,medmnist/moqnas_last/experiment_octmnist_medmnist/moqnas/exp1_repeat_2,4_8,front,83.9,1432068,1306856704,989.8,13
C,C2_medmnist,octmnist,moqnas,exp1_repeat_2,medmnist/moqnas_last/experiment_octmnist_medmnist/moqnas/exp1_repeat_2,85_14,front,84.0,1481060,1152655616,984.3,11
C,C2_medmnist,octmnist,moqnas,exp1_repeat_3,medmnist/moqnas_last/experiment_octmnist_medmnist/moqnas/exp1_repeat_3,29_3,strat10,76.7,26788,29905152,10280.8,10
C,C2_medmnist,octmnist,moqnas,exp1_repeat_3,medmnist/moqnas_last/experiment_octmnist_medmnist/moqnas/exp1_repeat_3,112_6,front,77.5,26916,15255808,9184.8,7
C,C2_medmnist,octmnist,moqnas,exp1_repeat_3,medmnist/moqnas_last/experiment_octmnist_medmnist/moqnas/exp1_repeat_3,17_0,front,79.5,33348,49275136,16598.3,8
C,C2_medmnist,octmnist,moqnas,exp1_repeat_3,medmnist/moqnas_last/experiment_octmnist_medmnist/moqnas/exp1_repeat_3,83_17,front,79.9,33988,50880768,11555.5,6
C,C2_medmnist,octmnist,moqnas,exp1_repeat_3,medmnist/moqnas_last/experiment_octmnist_medmnist/moqnas/exp1_repeat_3,35_13,compact,81.4,54020,54292736,22105.7,9
C,C2_medmnist,octmnist,moqnas,exp1_repeat_3,medmnist/moqnas_last/experiment_octmnist_medmnist/moqnas/exp1_repeat_3,86_13,front,78.6,74916,38877696,6719.2,10
C,C2_medmnist,octmnist,moqnas,exp1_repeat_3,medmnist/moqnas_last/experiment_octmnist_medmnist/moqnas/exp1_repeat_3,132_3,front,78.0,77892,116711680,6402.9,8
C,C2_medmnist,octmnist,moqnas,exp1_repeat_3,medmnist/moqnas_last/experiment_octmnist_medmnist/moqnas/exp1_repeat_3,106_13,strat10,81.9,78724,118319616,8234.8,9
C,C2_medmnist,octmnist,moqnas,exp1_repeat_3,medmnist/moqnas_last/experiment_octmnist_medmnist/moqnas/exp1_repeat_3,94_7,front,77.6,84868,69745152,5807.8,10
C,C2_medmnist,octmnist,moqnas,exp1_repeat_3,medmnist/moqnas_last/experiment_octmnist_medmnist/moqnas/exp1_repeat_3,10_4,front,81.3,96132,69368320,4012.8,8
C,C2_medmnist,octmnist,moqnas,exp1_repeat_3,medmnist/moqnas_last/experiment_octmnist_medmnist/moqnas/exp1_repeat_3,121_1,knee,83.4,106916,79529216,11547.0,11
C,C2_medmnist,octmnist,moqnas,exp1_repeat_3,medmnist/moqnas_last/experiment_octmnist_medmnist/moqnas/exp1_repeat_3,105_4,strat10,82.2,123588,145615360,7311.6,8
C,C2_medmnist,octmnist,moqnas,exp1_repeat_3,medmnist/moqnas_last/experiment_octmnist_medmnist/moqnas/exp1_repeat_3,106_3,front,80.1,125060,169861376,3909.6,11
C,C2_medmnist,octmnist,moqnas,exp1_repeat_3,medmnist/moqnas_last/experiment_octmnist_medmnist/moqnas/exp1_repeat_3,30_8,front,80.5,134948,56101376,1752.4,8
C,C2_medmnist,octmnist,moqnas,exp1_repeat_3,medmnist/moqnas_last/experiment_octmnist_medmnist/moqnas/exp1_repeat_3,115_14,strat10,81.9,141284,98146304,7233.5,11
C,C2_medmnist,octmnist,moqnas,exp1_repeat_3,medmnist/moqnas_last/experiment_octmnist_medmnist/moqnas/exp1_repeat_3,115_5,front,81.9,142500,139213312,4259.1,10
C,C2_medmnist,octmnist,moqnas,exp1_repeat_3,medmnist/moqnas_last/experiment_octmnist_medmnist/moqnas/exp1_repeat_3,82_16,front,75.8,143812,154767360,936.2,12
C,C2_medmnist,octmnist,moqnas,exp1_repeat_3,medmnist/moqnas_last/experiment_octmnist_medmnist/moqnas/exp1_repeat_3,30_13,front,81.0,148772,70347008,716.7,11
C,C2_medmnist,octmnist,moqnas,exp1_repeat_3,medmnist/moqnas_last/experiment_octmnist_medmnist/moqnas/exp1_repeat_3,30_2,strat10,81.2,160868,56679680,3689.0,12
C,C2_medmnist,octmnist,moqnas,exp1_repeat_3,medmnist/moqnas_last/experiment_octmnist_medmnist/moqnas/exp1_repeat_3,80_1,front,78.9,169668,146562560,711.8,9
C,C2_medmnist,octmnist,moqnas,exp1_repeat_3,medmnist/moqnas_last/experiment_octmnist_medmnist/moqnas/exp1_repeat_3,59_15,front,83.9,181252,221730048,33151.7,10
C,C2_medmnist,octmnist,moqnas,exp1_repeat_3,medmnist/moqnas_last/experiment_octmnist_medmnist/moqnas/exp1_repeat_3,84_5,strat10,84.6,183940,72408576,12405.1,10
C,C2_medmnist,octmnist,moqnas,exp1_repeat_3,medmnist/moqnas_last/experiment_octmnist_medmnist/moqnas/exp1_repeat_3,129_17,front,83.6,192932,206633984,6052.2,10
C,C2_medmnist,octmnist,moqnas,exp1_repeat_3,medmnist/moqnas_last/experiment_octmnist_medmnist/moqnas/exp1_repeat_3,96_5,front,83.9,203620,314457600,4092.8,8
C,C2_medmnist,octmnist,moqnas,exp1_repeat_3,medmnist/moqnas_last/experiment_octmnist_medmnist/moqnas/exp1_repeat_3,140_8,front,81.0,219172,318220800,921.3,9
C,C2_medmnist,octmnist,moqnas,exp1_repeat_3,medmnist/moqnas_last/experiment_octmnist_medmnist/moqnas/exp1_repeat_3,87_15,strat10,84.7,277636,290521344,14505.1,10
C,C2_medmnist,octmnist,moqnas,exp1_repeat_3,medmnist/moqnas_last/experiment_octmnist_medmnist/moqnas/exp1_repeat_3,52_15,front,82.5,325316,95209728,4058.3,15
C,C2_medmnist,octmnist,moqnas,exp1_repeat_3,medmnist/moqnas_last/experiment_octmnist_medmnist/moqnas/exp1_repeat_3,134_19,front,81.1,357284,479682560,1981.5,7
C,C2_medmnist,octmnist,moqnas,exp1_repeat_3,medmnist/moqnas_last/experiment_octmnist_medmnist/moqnas/exp1_repeat_3,105_19,front,85.5,365476,399342080,992.9,11
C,C2_medmnist,octmnist,moqnas,exp1_repeat_3,medmnist/moqnas_last/experiment_octmnist_medmnist/moqnas/exp1_repeat_3,70_0,front,84.4,509092,558762240,975.9,11
C,C2_medmnist,octmnist,moqnas,exp1_repeat_3,medmnist/moqnas_last/experiment_octmnist_medmnist/moqnas/exp1_repeat_3,19_0,best_acc,85.7,697156,370752768,29009.7,15
C,C2_medmnist,octmnist,moqnas,exp1_repeat_3,medmnist/moqnas_last/experiment_octmnist_medmnist/moqnas/exp1_repeat_3,127_3,front,81.6,731620,697293056,899.0,11
C,C2_medmnist,octmnist,moqnas,exp1_repeat_3,medmnist/moqnas_last/experiment_octmnist_medmnist/moqnas/exp1_repeat_3,89_2,front,84.7,1019268,1466268160,932.7,10
C,C2_medmnist,octmnist,nsga2,exp1_repeat_1,medmnist/NSGA/experiment_octmnist_nsga2/nsga2/exp1_repeat_1,66_0,strat10,78.4,54596,49071360,20491.5,13
C,C2_medmnist,octmnist,nsga2,exp1_repeat_1,medmnist/NSGA/experiment_octmnist_nsga2/nsga2/exp1_repeat_1,47_6,front,79.2,61828,55547136,18829.5,15
C,C2_medmnist,octmnist,nsga2,exp1_repeat_1,medmnist/NSGA/experiment_octmnist_nsga2/nsga2/exp1_repeat_1,145_4,front,77.3,62116,38439168,12815.0,15
C,C2_medmnist,octmnist,nsga2,exp1_repeat_1,medmnist/NSGA/experiment_octmnist_nsga2/nsga2/exp1_repeat_1,118_17,front,77.3,63300,30277888,11934.8,13
C,C2_medmnist,octmnist,nsga2,exp1_repeat_1,medmnist/NSGA/experiment_octmnist_nsga2/nsga2/exp1_repeat_1,81_8,front,80.6,85956,118481152,22992.7,14
C,C2_medmnist,octmnist,nsga2,exp1_repeat_1,medmnist/NSGA/experiment_octmnist_nsga2/nsga2/exp1_repeat_1,54_19,front,80.6,88004,61153536,19627.5,12
C,C2_medmnist,octmnist,nsga2,exp1_repeat_1,medmnist/NSGA/experiment_octmnist_nsga2/nsga2/exp1_repeat_1,148_15,strat10,81.3,93956,50778368,16145.1,13
C,C2_medmnist,octmnist,nsga2,exp1_repeat_1,medmnist/NSGA/experiment_octmnist_nsga2/nsga2/exp1_repeat_1,128_0,front,77.1,98564,79319552,8938.4,18
C,C2_medmnist,octmnist,nsga2,exp1_repeat_1,medmnist/NSGA/experiment_octmnist_nsga2/nsga2/exp1_repeat_1,128_14,front,80.5,101348,53287424,13913.6,16
C,C2_medmnist,octmnist,nsga2,exp1_repeat_1,medmnist/NSGA/experiment_octmnist_nsga2/nsga2/exp1_repeat_1,122_14,front,79.3,108900,59709952,9752.8,13
C,C2_medmnist,octmnist,nsga2,exp1_repeat_1,medmnist/NSGA/experiment_octmnist_nsga2/nsga2/exp1_repeat_1,118_2,front,80.8,119428,87611904,9551.6,13
C,C2_medmnist,octmnist,nsga2,exp1_repeat_1,medmnist/NSGA/experiment_octmnist_nsga2/nsga2/exp1_repeat_1,115_7,strat10,81.2,129476,87337472,13747.2,13
C,C2_medmnist,octmnist,nsga2,exp1_repeat_1,medmnist/NSGA/experiment_octmnist_nsga2/nsga2/exp1_repeat_1,32_7,compact,81.6,130852,74817024,16421.1,14
C,C2_medmnist,octmnist,nsga2,exp1_repeat_1,medmnist/NSGA/experiment_octmnist_nsga2/nsga2/exp1_repeat_1,54_18,front,81.9,134180,79216896,21664.0,12
C,C2_medmnist,octmnist,nsga2,exp1_repeat_1,medmnist/NSGA/experiment_octmnist_nsga2/nsga2/exp1_repeat_1,47_16,front,81.3,138340,183944704,15336.2,17
C,C2_medmnist,octmnist,nsga2,exp1_repeat_1,medmnist/NSGA/experiment_octmnist_nsga2/nsga2/exp1_repeat_1,98_3,front,82.0,142148,172911104,21362.6,13
C,C2_medmnist,octmnist,nsga2,exp1_repeat_1,medmnist/NSGA/experiment_octmnist_nsga2/nsga2/exp1_repeat_1,31_14,front,82.3,142212,200478208,13095.5,14
C,C2_medmnist,octmnist,nsga2,exp1_repeat_1,medmnist/NSGA/experiment_octmnist_nsga2/nsga2/exp1_repeat_1,149_2,strat10,80.2,143556,219823360,8870.1,13
C,C2_medmnist,octmnist,nsga2,exp1_repeat_1,medmnist/NSGA/experiment_octmnist_nsga2/nsga2/exp1_repeat_1,125_0,front,82.0,171652,85461504,12463.7,13
C,C2_medmnist,octmnist,nsga2,exp1_repeat_1,medmnist/NSGA/experiment_octmnist_nsga2/nsga2/exp1_repeat_1,104_4,front,82.6,176868,117918208,5191.8,12
C,C2_medmnist,octmnist,nsga2,exp1_repeat_1,medmnist/NSGA/experiment_octmnist_nsga2/nsga2/exp1_repeat_1,38_5,front,83.1,211652,316020992,16829.0,13
C,C2_medmnist,octmnist,nsga2,exp1_repeat_1,medmnist/NSGA/experiment_octmnist_nsga2/nsga2/exp1_repeat_1,47_15,knee,85.2,264612,394887424,10454.1,13
C,C2_medmnist,octmnist,nsga2,exp1_repeat_1,medmnist/NSGA/experiment_octmnist_nsga2/nsga2/exp1_repeat_1,36_1,strat10,85.3,325412,483598592,17454.4,13
C,C2_medmnist,octmnist,nsga2,exp1_repeat_1,medmnist/NSGA/experiment_octmnist_nsga2/nsga2/exp1_repeat_1,99_7,front,85.6,344900,301763072,18702.3,12
C,C2_medmnist,octmnist,nsga2,exp1_repeat_1,medmnist/NSGA/experiment_octmnist_nsga2/nsga2/exp1_repeat_1,7_2,front,82.8,356228,521750784,7803.5,15
C,C2_medmnist,octmnist,nsga2,exp1_repeat_1,medmnist/NSGA/experiment_octmnist_nsga2/nsga2/exp1_repeat_1,123_3,front,83.6,373956,465788416,10140.3,11
C,C2_medmnist,octmnist,nsga2,exp1_repeat_1,medmnist/NSGA/experiment_octmnist_nsga2/nsga2/exp1_repeat_1,108_1,front,84.5,379812,529381888,9638.0,11
C,C2_medmnist,octmnist,nsga2,exp1_repeat_1,medmnist/NSGA/experiment_octmnist_nsga2/nsga2/exp1_repeat_1,6_6,front,83.4,426340,637776128,9106.5,16
C,C2_medmnist,octmnist,nsga2,exp1_repeat_1,medmnist/NSGA/experiment_octmnist_nsga2/nsga2/exp1_repeat_1,148_14,strat10,84.1,456740,501661952,7210.4,14
C,C2_medmnist,octmnist,nsga2,exp1_repeat_1,medmnist/NSGA/experiment_octmnist_nsga2/nsga2/exp1_repeat_1,141_11,front,84.9,460740,501571840,6736.6,12
C,C2_medmnist,octmnist,nsga2,exp1_repeat_1,medmnist/NSGA/experiment_octmnist_nsga2/nsga2/exp1_repeat_1,32_18,front,82.9,463396,629948672,5206.3,17
C,C2_medmnist,octmnist,nsga2,exp1_repeat_1,medmnist/NSGA/experiment_octmnist_nsga2/nsga2/exp1_repeat_1,29_12,front,83.0,473028,717240832,6132.5,16
C,C2_medmnist,octmnist,nsga2,exp1_repeat_1,medmnist/NSGA/experiment_octmnist_nsga2/nsga2/exp1_repeat_1,32_14,front,83.2,501124,754149888,2497.8,14
C,C2_medmnist,octmnist,nsga2,exp1_repeat_1,medmnist/NSGA/experiment_octmnist_nsga2/nsga2/exp1_repeat_1,7_14,strat10,84.9,511556,778254848,4206.3,16
C,C2_medmnist,octmnist,nsga2,exp1_repeat_1,medmnist/NSGA/experiment_octmnist_nsga2/nsga2/exp1_repeat_1,37_5,front,85.1,546564,824797696,10207.6,14
C,C2_medmnist,octmnist,nsga2,exp1_repeat_1,medmnist/NSGA/experiment_octmnist_nsga2/nsga2/exp1_repeat_1,3_18,front,85.4,560612,349932032,10319.7,16
C,C2_medmnist,octmnist,nsga2,exp1_repeat_1,medmnist/NSGA/experiment_octmnist_nsga2/nsga2/exp1_repeat_1,132_6,front,85.6,570692,694638848,13889.1,15
C,C2_medmnist,octmnist,nsga2,exp1_repeat_1,medmnist/NSGA/experiment_octmnist_nsga2/nsga2/exp1_repeat_1,1_12,front,84.4,578020,882620928,3248.8,14
C,C2_medmnist,octmnist,nsga2,exp1_repeat_1,medmnist/NSGA/experiment_octmnist_nsga2/nsga2/exp1_repeat_1,6_2,front,84.4,642820,983775744,3030.9,16
C,C2_medmnist,octmnist,nsga2,exp1_repeat_1,medmnist/NSGA/experiment_octmnist_nsga2/nsga2/exp1_repeat_1,38_3,front,85.0,704676,1091340544,4242.8,12
C,C2_medmnist,octmnist,nsga2,exp1_repeat_1,medmnist/NSGA/experiment_octmnist_nsga2/nsga2/exp1_repeat_1,36_0,front,85.6,720260,1105803776,3205.4,12
C,C2_medmnist,octmnist,nsga2,exp1_repeat_1,medmnist/NSGA/experiment_octmnist_nsga2/nsga2/exp1_repeat_1,10_19,front,83.8,725860,1113831936,2823.5,15
C,C2_medmnist,octmnist,nsga2,exp1_repeat_1,medmnist/NSGA/experiment_octmnist_nsga2/nsga2/exp1_repeat_1,135_15,front,85.7,740740,1094564352,5326.6,11
C,C2_medmnist,octmnist,nsga2,exp1_repeat_1,medmnist/NSGA/experiment_octmnist_nsga2/nsga2/exp1_repeat_1,145_7,best_acc,86.4,782756,474966272,14323.1,16
C,C2_medmnist,octmnist,nsga2,exp1_repeat_1,medmnist/NSGA/experiment_octmnist_nsga2/nsga2/exp1_repeat_1,23_18,front,85.7,854340,1304078848,2684.8,15
C,C2_medmnist,octmnist,nsga2,exp1_repeat_1,medmnist/NSGA/experiment_octmnist_nsga2/nsga2/exp1_repeat_1,9_3,front,83.7,1021316,1587570944,2628.0,15
C,C2_medmnist,octmnist,nsga2,exp1_repeat_1,medmnist/NSGA/experiment_octmnist_nsga2/nsga2/exp1_repeat_1,82_16,front,86.3,1070180,1644773888,3195.3,14
C,C2_medmnist,octmnist,nsga2,exp1_repeat_1,medmnist/NSGA/experiment_octmnist_nsga2/nsga2/exp1_repeat_1,115_2,front,82.9,1130660,1757176064,2299.2,13
C,C2_medmnist,octmnist,nsga2,exp1_repeat_1,medmnist/NSGA/experiment_octmnist_nsga2/nsga2/exp1_repeat_1,12_18,front,84.6,1140100,1769007360,2650.7,15
C,C2_medmnist,octmnist,nsga2,exp1_repeat_1,medmnist/NSGA/experiment_octmnist_nsga2/nsga2/exp1_repeat_1,43_0,front,85.8,1288484,2004945152,2683.5,14
C,C2_medmnist,octmnist,nsga2,exp1_repeat_1,medmnist/NSGA/experiment_octmnist_nsga2/nsga2/exp1_repeat_1,147_4,front,85.4,1422500,2222799104,2260.9,13
C,C2_medmnist,octmnist,nsga2,exp1_repeat_2,medmnist/NSGA/experiment_octmnist_nsga2/nsga2/exp1_repeat_2,109_16,strat10,77.3,45764,37030400,24956.4,14
C,C2_medmnist,octmnist,nsga2,exp1_repeat_2,medmnist/NSGA/experiment_octmnist_nsga2/nsga2/exp1_repeat_2,99_10,front,76.9,54212,11937280,22358.5,13
C,C2_medmnist,octmnist,nsga2,exp1_repeat_2,medmnist/NSGA/experiment_octmnist_nsga2/nsga2/exp1_repeat_2,106_15,front,77.5,56100,53086720,24458.2,12
C,C2_medmnist,octmnist,nsga2,exp1_repeat_2,medmnist/NSGA/experiment_octmnist_nsga2/nsga2/exp1_repeat_2,77_8,front,78.1,73604,71952896,19700.4,14
C,C2_medmnist,octmnist,nsga2,exp1_repeat_2,medmnist/NSGA/experiment_octmnist_nsga2/nsga2/exp1_repeat_2,55_1,front,76.7,81572,95539712,14102.0,14
C,C2_medmnist,octmnist,nsga2,exp1_repeat_2,medmnist/NSGA/experiment_octmnist_nsga2/nsga2/exp1_repeat_2,40_2,front,78.7,92996,99765504,21965.2,15
C,C2_medmnist,octmnist,nsga2,exp1_repeat_2,medmnist/NSGA/experiment_octmnist_nsga2/nsga2/exp1_repeat_2,73_14,strat10,76.9,106052,46690816,13468.4,15
C,C2_medmnist,octmnist,nsga2,exp1_repeat_2,medmnist/NSGA/experiment_octmnist_nsga2/nsga2/exp1_repeat_2,105_9,front,77.6,113924,35822080,17407.8,14
C,C2_medmnist,octmnist,nsga2,exp1_repeat_2,medmnist/NSGA/experiment_octmnist_nsga2/nsga2/exp1_repeat_2,142_16,front,79.0,118564,182040576,11913.3,14
C,C2_medmnist,octmnist,nsga2,exp1_repeat_2,medmnist/NSGA/experiment_octmnist_nsga2/nsga2/exp1_repeat_2,42_13,front,80.0,145412,176841984,18766.9,16
C,C2_medmnist,octmnist,nsga2,exp1_repeat_2,medmnist/NSGA/experiment_octmnist_nsga2/nsga2/exp1_repeat_2,93_8,front,81.2,162372,101464576,17774.3,15
C,C2_medmnist,octmnist,nsga2,exp1_repeat_2,medmnist/NSGA/experiment_octmnist_nsga2/nsga2/exp1_repeat_2,134_5,front,78.9,175908,271955968,6528.0,16
C,C2_medmnist,octmnist,nsga2,exp1_repeat_2,medmnist/NSGA/experiment_octmnist_nsga2/nsga2/exp1_repeat_2,63_17,strat10,80.4,190788,171787776,8666.9,16
C,C2_medmnist,octmnist,nsga2,exp1_repeat_2,medmnist/NSGA/experiment_octmnist_nsga2/nsga2/exp1_repeat_2,131_18,compact,82.7,191812,169527552,9146.2,13
C,C2_medmnist,octmnist,nsga2,exp1_repeat_2,medmnist/NSGA/experiment_octmnist_nsga2/nsga2/exp1_repeat_2,55_6,front,83.4,227140,147841280,15469.1,14
C,C2_medmnist,octmnist,nsga2,exp1_repeat_2,medmnist/NSGA/experiment_octmnist_nsga2/nsga2/exp1_repeat_2,68_0,front,80.0,252324,203213824,6324.4,14
C,C2_medmnist,octmnist,nsga2,exp1_repeat_2,medmnist/NSGA/experiment_octmnist_nsga2/nsga2/exp1_repeat_2,117_11,front,83.7,275652,386718976,20133.1,15
C,C2_medmnist,octmnist,nsga2,exp1_repeat_2,medmnist/NSGA/experiment_octmnist_nsga2/nsga2/exp1_repeat_2,113_13,knee,84.5,284868,333524224,19949.8,17
C,C2_medmnist,octmnist,nsga2,exp1_repeat_2,medmnist/NSGA/experiment_octmnist_nsga2/nsga2/exp1_repeat_2,118_8,front,81.7,314404,461621504,6416.6,15
C,C2_medmnist,octmnist,nsga2,exp1_repeat_2,medmnist/NSGA/experiment_octmnist_nsga2/nsga2/exp1_repeat_2,56_16,strat10,83.5,330692,343868672,15490.6,16
C,C2_medmnist,octmnist,nsga2,exp1_repeat_2,medmnist/NSGA/experiment_octmnist_nsga2/nsga2/exp1_repeat_2,22_4,front,83.1,355652,423686144,14239.8,16
C,C2_medmnist,octmnist,nsga2,exp1_repeat_2,medmnist/NSGA/experiment_octmnist_nsga2/nsga2/exp1_repeat_2,134_14,front,82.8,357508,321997056,7707.5,16
C,C2_medmnist,octmnist,nsga2,exp1_repeat_2,medmnist/NSGA/experiment_octmnist_nsga2/nsga2/exp1_repeat_2,115_4,front,84.3,364836,343054336,9226.4,16
C,C2_medmnist,octmnist,nsga2,exp1_repeat_2,medmnist/NSGA/experiment_octmnist_nsga2/nsga2/exp1_repeat_2,55_8,front,82.1,393092,203362816,4396.8,15
C,C2_medmnist,octmnist,nsga2,exp1_repeat_2,medmnist/NSGA/experiment_octmnist_nsga2/nsga2/exp1_repeat_2,112_7,front,84.6,410180,529411328,16284.0,18
C,C2_medmnist,octmnist,nsga2,exp1_repeat_2,medmnist/NSGA/experiment_octmnist_nsga2/nsga2/exp1_repeat_2,123_8,strat10,83.8,422468,323158016,7991.6,15
C,C2_medmnist,octmnist,nsga2,exp1_repeat_2,medmnist/NSGA/experiment_octmnist_nsga2/nsga2/exp1_repeat_2,144_4,front,83.7,434436,466600192,6200.2,18
C,C2_medmnist,octmnist,nsga2,exp1_repeat_2,medmnist/NSGA/experiment_octmnist_nsga2/nsga2/exp1_repeat_2,8_1,front,85.1,444004,445595904,12012.6,14
C,C2_medmnist,octmnist,nsga2,exp1_repeat_2,medmnist/NSGA/experiment_octmnist_nsga2/nsga2/exp1_repeat_2,144_8,front,82.1,446404,604922112,3976.8,14
C,C2_medmnist,octmnist,nsga2,exp1_repeat_2,medmnist/NSGA/experiment_octmnist_nsga2/nsga2/exp1_repeat_2,132_0,front,85.6,531684,640836864,15137.1,16
C,C2_medmnist,octmnist,nsga2,exp1_repeat_2,medmnist/NSGA/experiment_octmnist_nsga2/nsga2/exp1_repeat_2,30_7,front,82.2,558564,853847296,6038.7,15
C,C2_medmnist,octmnist,nsga2,exp1_repeat_2,medmnist/NSGA/experiment_octmnist_nsga2/nsga2/exp1_repeat_2,81_15,strat10,82.3,573156,848879872,4667.7,16
C,C2_medmnist,octmnist,nsga2,exp1_repeat_2,medmnist/NSGA/experiment_octmnist_nsga2/nsga2/exp1_repeat_2,13_13,front,85.1,599812,907517184,7952.3,16
C,C2_medmnist,octmnist,nsga2,exp1_repeat_2,medmnist/NSGA/experiment_octmnist_nsga2/nsga2/exp1_repeat_2,143_8,front,85.3,639268,765806848,5183.1,18
C,C2_medmnist,octmnist,nsga2,exp1_repeat_2,medmnist/NSGA/experiment_octmnist_nsga2/nsga2/exp1_repeat_2,7_13,front,83.8,693700,920629248,3105.6,16
C,C2_medmnist,octmnist,nsga2,exp1_repeat_2,medmnist/NSGA/experiment_octmnist_nsga2/nsga2/exp1_repeat_2,39_11,front,77.6,713892,970960384,2486.4,16
C,C2_medmnist,octmnist,nsga2,exp1_repeat_2,medmnist/NSGA/experiment_octmnist_nsga2/nsga2/exp1_repeat_2,119_8,front,85.5,796164,949733632,13135.4,15
C,C2_medmnist,octmnist,nsga2,exp1_repeat_2,medmnist/NSGA/experiment_octmnist_nsga2/nsga2/exp1_repeat_2,42_11,strat10,84.6,831172,1137180160,2856.7,13
C,C2_medmnist,octmnist,nsga2,exp1_repeat_2,medmnist/NSGA/experiment_octmnist_nsga2/nsga2/exp1_repeat_2,17_14,front,84.9,899396,1376681216,4006.6,16
C,C2_medmnist,octmnist,nsga2,exp1_repeat_2,medmnist/NSGA/experiment_octmnist_nsga2/nsga2/exp1_repeat_2,124_18,front,79.4,966244,1507857664,2832.5,15
C,C2_medmnist,octmnist,nsga2,exp1_repeat_2,medmnist/NSGA/experiment_octmnist_nsga2/nsga2/exp1_repeat_2,81_14,front,86.3,1019876,1274089728,5423.8,17
C,C2_medmnist,octmnist,nsga2,exp1_repeat_2,medmnist/NSGA/experiment_octmnist_nsga2/nsga2/exp1_repeat_2,96_9,front,85.5,1040548,1224427776,5000.4,17
C,C2_medmnist,octmnist,nsga2,exp1_repeat_2,medmnist/NSGA/experiment_octmnist_nsga2/nsga2/exp1_repeat_2,39_12,front,85.8,1056836,643033600,5209.3,14
C,C2_medmnist,octmnist,nsga2,exp1_repeat_2,medmnist/NSGA/experiment_octmnist_nsga2/nsga2/exp1_repeat_2,72_16,front,85.9,1148644,1352784128,3594.7,16
C,C2_medmnist,octmnist,nsga2,exp1_repeat_2,medmnist/NSGA/experiment_octmnist_nsga2/nsga2/exp1_repeat_2,88_4,front,80.0,1321700,2053218560,2762.7,15
C,C2_medmnist,octmnist,nsga2,exp1_repeat_2,medmnist/NSGA/experiment_octmnist_nsga2/nsga2/exp1_repeat_2,126_17,front,82.3,1322820,2056415488,2348.7,15
C,C2_medmnist,octmnist,nsga2,exp1_repeat_2,medmnist/NSGA/experiment_octmnist_nsga2/nsga2/exp1_repeat_2,135_3,front,80.9,1357092,2121644032,2040.7,15
C,C2_medmnist,octmnist,nsga2,exp1_repeat_2,medmnist/NSGA/experiment_octmnist_nsga2/nsga2/exp1_repeat_2,28_16,front,85.0,1384740,1960498688,3272.5,15
C,C2_medmnist,octmnist,nsga2,exp1_repeat_2,medmnist/NSGA/experiment_octmnist_nsga2/nsga2/exp1_repeat_2,62_10,front,86.1,1440100,1809787136,3540.0,16
C,C2_medmnist,octmnist,nsga2,exp1_repeat_2,medmnist/NSGA/experiment_octmnist_nsga2/nsga2/exp1_repeat_2,123_7,front,85.0,1453316,1811173632,2975.8,16
C,C2_medmnist,octmnist,nsga2,exp1_repeat_2,medmnist/NSGA/experiment_octmnist_nsga2/nsga2/exp1_repeat_2,137_6,front,82.6,1518596,2076474880,2749.6,15
C,C2_medmnist,octmnist,nsga2,exp1_repeat_2,medmnist/NSGA/experiment_octmnist_nsga2/nsga2/exp1_repeat_2,38_7,front,85.4,1550404,2089605376,2733.2,14
C,C2_medmnist,octmnist,nsga2,exp1_repeat_2,medmnist/NSGA/experiment_octmnist_nsga2/nsga2/exp1_repeat_2,106_10,best_acc,86.7,1617668,2231067136,3264.3,16
C,C2_medmnist,octmnist,nsga2,exp1_repeat_2,medmnist/NSGA/experiment_octmnist_nsga2/nsga2/exp1_repeat_2,103_4,front,86.6,1752708,2280018176,2952.8,16
C,C2_medmnist,octmnist,nsga2,exp1_repeat_2,medmnist/NSGA/experiment_octmnist_nsga2/nsga2/exp1_repeat_2,145_5,front,80.6,1940132,3035849216,1673.8,19
C,C2_medmnist,octmnist,nsga2,exp1_repeat_2,medmnist/NSGA/experiment_octmnist_nsga2/nsga2/exp1_repeat_2,146_10,front,81.4,1942148,3036049664,1852.3,18
C,C2_medmnist,octmnist,nsga2,exp1_repeat_2,medmnist/NSGA/experiment_octmnist_nsga2/nsga2/exp1_repeat_2,149_18,front,83.6,1984708,3051522304,2508.8,19
C,C2_medmnist,octmnist,nsga2,exp1_repeat_3,medmnist/NSGA/experiment_octmnist_nsga2/nsga2/exp1_repeat_3,138_12,strat10,78.0,49188,34270720,18226.8,14
C,C2_medmnist,octmnist,nsga2,exp1_repeat_3,medmnist/NSGA/experiment_octmnist_nsga2/nsga2/exp1_repeat_3,100_0,front,78.7,52004,10537472,17750.4,16
C,C2_medmnist,octmnist,nsga2,exp1_repeat_3,medmnist/NSGA/experiment_octmnist_nsga2/nsga2/exp1_repeat_3,59_19,front,79.2,58660,69012736,22423.2,16
C,C2_medmnist,octmnist,nsga2,exp1_repeat_3,medmnist/NSGA/experiment_octmnist_nsga2/nsga2/exp1_repeat_3,40_16,front,79.5,59972,38393088,19696.9,16
C,C2_medmnist,octmnist,nsga2,exp1_repeat_3,medmnist/NSGA/experiment_octmnist_nsga2/nsga2/exp1_repeat_3,51_9,front,79.4,64900,69205248,12228.4,16
C,C2_medmnist,octmnist,nsga2,exp1_repeat_3,medmnist/NSGA/experiment_octmnist_nsga2/nsga2/exp1_repeat_3,32_18,front,81.1,73924,46748928,20260.0,15
C,C2_medmnist,octmnist,nsga2,exp1_repeat_3,medmnist/NSGA/experiment_octmnist_nsga2/nsga2/exp1_repeat_3,19_13,strat10,79.5,75428,73547008,16598.7,17
C,C2_medmnist,octmnist,nsga2,exp1_repeat_3,medmnist/NSGA/experiment_octmnist_nsga2/nsga2/exp1_repeat_3,26_8,front,82.2,78340,54453760,20442.1,16
C,C2_medmnist,octmnist,nsga2,exp1_repeat_3,medmnist/NSGA/experiment_octmnist_nsga2/nsga2/exp1_repeat_3,94_10,front,79.7,79236,104410368,9130.9,14
C,C2_medmnist,octmnist,nsga2,exp1_repeat_3,medmnist/NSGA/experiment_octmnist_nsga2/nsga2/exp1_repeat_3,63_0,front,80.0,81284,96099584,13102.4,16
C,C2_medmnist,octmnist,nsga2,exp1_repeat_3,medmnist/NSGA/experiment_octmnist_nsga2/nsga2/exp1_repeat_3,60_19,front,81.6,89572,72625408,16381.1,16
C,C2_medmnist,octmnist,nsga2,exp1_repeat_3,medmnist/NSGA/experiment_octmnist_nsga2/nsga2/exp1_repeat_3,50_0,front,81.2,99620,61222144,15816.4,17
C,C2_medmnist,octmnist,nsga2,exp1_repeat_3,medmnist/NSGA/experiment_octmnist_nsga2/nsga2/exp1_repeat_3,63_17,compact,82.7,107748,137048320,9058.3,15
C,C2_medmnist,octmnist,nsga2,exp1_repeat_3,medmnist/NSGA/experiment_octmnist_nsga2/nsga2/exp1_repeat_3,12_14,front,82.9,129924,80109056,22736.0,16
C,C2_medmnist,octmnist,nsga2,exp1_repeat_3,medmnist/NSGA/experiment_octmnist_nsga2/nsga2/exp1_repeat_3,28_1,front,83.1,174500,150692096,11876.4,17
C,C2_medmnist,octmnist,nsga2,exp1_repeat_3,medmnist/NSGA/experiment_octmnist_nsga2/nsga2/exp1_repeat_3,73_12,front,83.8,186116,145667328,19539.9,15
C,C2_medmnist,octmnist,nsga2,exp1_repeat_3,medmnist/NSGA/experiment_octmnist_nsga2/nsga2/exp1_repeat_3,8_16,knee,84.5,215620,233019648,20874.2,16
C,C2_medmnist,octmnist,nsga2,exp1_repeat_3,medmnist/NSGA/experiment_octmnist_nsga2/nsga2/exp1_repeat_3,23_3,strat10,83.2,224420,245288448,17394.1,18
C,C2_medmnist,octmnist,nsga2,exp1_repeat_3,medmnist/NSGA/experiment_octmnist_nsga2/nsga2/exp1_repeat_3,111_2,front,83.2,230884,100770048,11046.4,14
C,C2_medmnist,octmnist,nsga2,exp1_repeat_3,medmnist/NSGA/experiment_octmnist_nsga2/nsga2/exp1_repeat_3,125_9,front,84.7,270084,306830848,11825.3,15
C,C2_medmnist,octmnist,nsga2,exp1_repeat_3,medmnist/NSGA/experiment_octmnist_nsga2/nsga2/exp1_repeat_3,63_1,front,80.9,274084,249812224,8773.4,17
C,C2_medmnist,octmnist,nsga2,exp1_repeat_3,medmnist/NSGA/experiment_octmnist_nsga2/nsga2/exp1_repeat_3,78_8,front,85.1,303044,364668160,19183.5,16
C,C2_medmnist,octmnist,nsga2,exp1_repeat_3,medmnist/NSGA/experiment_octmnist_nsga2/nsga2/exp1_repeat_3,135_15,front,85.6,315684,359128320,15305.3,15
C,C2_medmnist,octmnist,nsga2,exp1_repeat_3,medmnist/NSGA/experiment_octmnist_nsga2/nsga2/exp1_repeat_3,63_11,strat10,82.1,340772,268846592,6746.1,17
C,C2_medmnist,octmnist,nsga2,exp1_repeat_3,medmnist/NSGA/experiment_octmnist_nsga2/nsga2/exp1_repeat_3,19_12,front,84.9,341124,483278080,11917.5,15
C,C2_medmnist,octmnist,nsga2,exp1_repeat_3,medmnist/NSGA/experiment_octmnist_nsga2/nsga2/exp1_repeat_3,100_12,front,84.5,388164,249298432,11132.0,16
C,C2_medmnist,octmnist,nsga2,exp1_repeat_3,medmnist/NSGA/experiment_octmnist_nsga2/nsga2/exp1_repeat_3,28_12,front,83.7,390756,444548352,9219.4,15
C,C2_medmnist,octmnist,nsga2,exp1_repeat_3,medmnist/NSGA/experiment_octmnist_nsga2/nsga2/exp1_repeat_3,51_8,front,83.8,399140,218269184,10860.4,17
C,C2_medmnist,octmnist,nsga2,exp1_repeat_3,medmnist/NSGA/experiment_octmnist_nsga2/nsga2/exp1_repeat_3,85_8,front,84.8,405924,303873280,10601.8,16
C,C2_medmnist,octmnist,nsga2,exp1_repeat_3,medmnist/NSGA/experiment_octmnist_nsga2/nsga2/exp1_repeat_3,29_6,strat10,84.3,420580,447360512,5470.3,15
C,C2_medmnist,octmnist,nsga2,exp1_repeat_3,medmnist/NSGA/experiment_octmnist_nsga2/nsga2/exp1_repeat_3,29_19,front,81.1,454244,627764480,4459.7,17
C,C2_medmnist,octmnist,nsga2,exp1_repeat_3,medmnist/NSGA/experiment_octmnist_nsga2/nsga2/exp1_repeat_3,50_6,front,85.2,475844,662585600,13627.0,17
C,C2_medmnist,octmnist,nsga2,exp1_repeat_3,medmnist/NSGA/experiment_octmnist_nsga2/nsga2/exp1_repeat_3,17_15,front,84.7,479300,526459136,10089.8,15
C,C2_medmnist,octmnist,nsga2,exp1_repeat_3,medmnist/NSGA/experiment_octmnist_nsga2/nsga2/exp1_repeat_3,60_18,front,84.5,480996,451144960,5547.0,17
C,C2_medmnist,octmnist,nsga2,exp1_repeat_3,medmnist/NSGA/experiment_octmnist_nsga2/nsga2/exp1_repeat_3,87_6,front,82.9,485124,738201856,5018.3,15
C,C2_medmnist,octmnist,nsga2,exp1_repeat_3,medmnist/NSGA/experiment_octmnist_nsga2/nsga2/exp1_repeat_3,53_2,strat10,85.3,499844,646279424,12848.9,14
C,C2_medmnist,octmnist,nsga2,exp1_repeat_3,medmnist/NSGA/experiment_octmnist_nsga2/nsga2/exp1_repeat_3,146_3,front,84.7,555172,847547904,9053.1,14
C,C2_medmnist,octmnist,nsga2,exp1_repeat_3,medmnist/NSGA/experiment_octmnist_nsga2/nsga2/exp1_repeat_3,60_1,front,85.2,570532,833243392,5884.8,15
C,C2_medmnist,octmnist,nsga2,exp1_repeat_3,medmnist/NSGA/experiment_octmnist_nsga2/nsga2/exp1_repeat_3,36_2,front,85.7,601508,881663232,10805.2,16
C,C2_medmnist,octmnist,nsga2,exp1_repeat_3,medmnist/NSGA/experiment_octmnist_nsga2/nsga2/exp1_repeat_3,60_6,front,86.6,607588,891046144,4251.6,16
C,C2_medmnist,octmnist,nsga2,exp1_repeat_3,medmnist/NSGA/experiment_octmnist_nsga2/nsga2/exp1_repeat_3,60_3,strat10,82.6,677156,945143040,2812.7,15
C,C2_medmnist,octmnist,nsga2,exp1_repeat_3,medmnist/NSGA/experiment_octmnist_nsga2/nsga2/exp1_repeat_3,29_8,front,84.2,679524,961461504,3764.2,17
C,C2_medmnist,octmnist,nsga2,exp1_repeat_3,medmnist/NSGA/experiment_octmnist_nsga2/nsga2/exp1_repeat_3,63_2,front,85.2,780676,1058010368,3231.7,14
C,C2_medmnist,octmnist,nsga2,exp1_repeat_3,medmnist/NSGA/experiment_octmnist_nsga2/nsga2/exp1_repeat_3,141_4,front,87.2,897988,1293338880,9165.1,13
C,C2_medmnist,octmnist,nsga2,exp1_repeat_3,medmnist/NSGA/experiment_octmnist_nsga2/nsga2/exp1_repeat_3,64_10,front,85.7,1085700,1517075968,3526.1,16
C,C2_medmnist,octmnist,nsga2,exp1_repeat_3,medmnist/NSGA/experiment_octmnist_nsga2/nsga2/exp1_repeat_3,56_16,front,85.9,1137028,1691321600,2451.3,14
C,C2_medmnist,octmnist,nsga2,exp1_repeat_3,medmnist/NSGA/experiment_octmnist_nsga2/nsga2/exp1_repeat_3,104_4,front,86.1,1172900,1662385664,3471.2,13
C,C2_medmnist,octmnist,nsga2,exp1_repeat_3,medmnist/NSGA/experiment_octmnist_nsga2/nsga2/exp1_repeat_3,65_11,front,86.1,1423012,2120424704,3015.6,15
C,C2_medmnist,octmnist,nsga2,exp1_repeat_3,medmnist/NSGA/experiment_octmnist_nsga2/nsga2/exp1_repeat_3,140_15,front,86.8,1763492,2587229696,3054.0,14
C,C2_medmnist,octmnist,nsga2,exp1_repeat_3,medmnist/NSGA/experiment_octmnist_nsga2/nsga2/exp1_repeat_3,66_0,front,83.7,1942276,2936701440,2177.4,15
C,C2_medmnist,octmnist,nsga2,exp1_repeat_3,medmnist/NSGA/experiment_octmnist_nsga2/nsga2/exp1_repeat_3,76_4,front,84.5,2171652,3296363008,2121.6,15
C,C2_medmnist,octmnist,nsga2,exp1_repeat_3,medmnist/NSGA/experiment_octmnist_nsga2/nsga2/exp1_repeat_3,148_6,best_acc,87.4,2191076,3318642944,4270.0,13
C,C2_medmnist,octmnist,nsga2,exp1_repeat_3,medmnist/NSGA/experiment_octmnist_nsga2/nsga2/exp1_repeat_3,116_4,front,84.6,2209636,3438887424,2319.2,12
C,C2_medmnist,octmnist,nsga3,exp1_repeat_1,medmnist/NSGA/experiment_octmnist_nsga3/nsga3/exp1_repeat_1,130_12,strat10,75.3,36420,36179200,17033.9,15
C,C2_medmnist,octmnist,nsga3,exp1_repeat_1,medmnist/NSGA/experiment_octmnist_nsga3/nsga3/exp1_repeat_1,115_11,front,77.1,37252,37784832,13405.1,15
C,C2_medmnist,octmnist,nsga3,exp1_repeat_1,medmnist/NSGA/experiment_octmnist_nsga3/nsga3/exp1_repeat_1,123_3,front,79.0,38020,44859648,20828.6,13
C,C2_medmnist,octmnist,nsga3,exp1_repeat_1,medmnist/NSGA/experiment_octmnist_nsga3/nsga3/exp1_repeat_1,144_4,front,77.7,38404,32368128,20248.2,14
C,C2_medmnist,octmnist,nsga3,exp1_repeat_1,medmnist/NSGA/experiment_octmnist_nsga3/nsga3/exp1_repeat_1,102_18,front,75.6,41540,46314752,9451.3,16
C,C2_medmnist,octmnist,nsga3,exp1_repeat_1,medmnist/NSGA/experiment_octmnist_nsga3/nsga3/exp1_repeat_1,100_17,front,79.5,43300,47418624,9893.7,15
C,C2_medmnist,octmnist,nsga3,exp1_repeat_1,medmnist/NSGA/experiment_octmnist_nsga3/nsga3/exp1_repeat_1,98_12,front,79.7,51492,60263680,15703.4,15
C,C2_medmnist,octmnist,nsga3,exp1_repeat_1,medmnist/NSGA/experiment_octmnist_nsga3/nsga3/exp1_repeat_1,146_3,compact,80.3,52548,26850816,23319.7,13
C,C2_medmnist,octmnist,nsga3,exp1_repeat_1,medmnist/NSGA/experiment_octmnist_nsga3/nsga3/exp1_repeat_1,92_11,strat10,76.4,53924,71001344,7329.8,15
C,C2_medmnist,octmnist,nsga3,exp1_repeat_1,medmnist/NSGA/experiment_octmnist_nsga3/nsga3/exp1_repeat_1,92_12,front,78.2,58660,44508416,9349.8,16
C,C2_medmnist,octmnist,nsga3,exp1_repeat_1,medmnist/NSGA/experiment_octmnist_nsga3/nsga3/exp1_repeat_1,96_7,front,79.9,59972,71603456,12622.0,15
C,C2_medmnist,octmnist,nsga3,exp1_repeat_1,medmnist/NSGA/experiment_octmnist_nsga3/nsga3/exp1_repeat_1,149_6,front,82.4,75076,94084608,28925.9,14
C,C2_medmnist,octmnist,nsga3,exp1_repeat_1,medmnist/NSGA/experiment_octmnist_nsga3/nsga3/exp1_repeat_1,92_2,front,79.6,76196,91948544,11841.8,16
C,C2_medmnist,octmnist,nsga3,exp1_repeat_1,medmnist/NSGA/experiment_octmnist_nsga3/nsga3/exp1_repeat_1,149_0,front,81.4,78340,94987776,24628.4,15
C,C2_medmnist,octmnist,nsga3,exp1_repeat_1,medmnist/NSGA/experiment_octmnist_nsga3/nsga3/exp1_repeat_1,104_19,front,80.0,81508,84599040,9851.0,16
C,C2_medmnist,octmnist,nsga3,exp1_repeat_1,medmnist/NSGA/experiment_octmnist_nsga3/nsga3/exp1_repeat_1,125_8,front,80.3,82404,72004864,18627.9,15
C,C2_medmnist,octmnist,nsga3,exp1_repeat_1,medmnist/NSGA/experiment_octmnist_nsga3/nsga3/exp1_repeat_1,134_19,strat10,82.1,82532,103818752,17577.8,15
C,C2_medmnist,octmnist,nsga3,exp1_repeat_1,medmnist/NSGA/experiment_octmnist_nsga3/nsga3/exp1_repeat_1,104_13,front,80.7,83332,88472832,10882.7,14
C,C2_medmnist,octmnist,nsga3,exp1_repeat_1,medmnist/NSGA/experiment_octmnist_nsga3/nsga3/exp1_repeat_1,94_13,front,79.5,83332,105331968,5125.6,14
C,C2_medmnist,octmnist,nsga3,exp1_repeat_1,medmnist/NSGA/experiment_octmnist_nsga3/nsga3/exp1_repeat_1,122_9,front,80.8,95620,130008320,14234.4,16
C,C2_medmnist,octmnist,nsga3,exp1_repeat_1,medmnist/NSGA/experiment_octmnist_nsga3/nsga3/exp1_repeat_1,146_18,knee,83.4,95748,126197248,16143.7,15
C,C2_medmnist,octmnist,nsga3,exp1_repeat_1,medmnist/NSGA/experiment_octmnist_nsga3/nsga3/exp1_repeat_1,95_17,front,80.6,98692,129416448,6686.3,15
C,C2_medmnist,octmnist,nsga3,exp1_repeat_1,medmnist/NSGA/experiment_octmnist_nsga3/nsga3/exp1_repeat_1,130_8,front,80.9,98788,133238016,9104.7,16
C,C2_medmnist,octmnist,nsga3,exp1_repeat_1,medmnist/NSGA/experiment_octmnist_nsga3/nsga3/exp1_repeat_1,115_2,front,81.5,100644,114152704,13608.6,15
C,C2_medmnist,octmnist,nsga3,exp1_repeat_1,medmnist/NSGA/experiment_octmnist_nsga3/nsga3/exp1_repeat_1,118_8,strat10,82.9,107940,148322560,14266.1,16
C,C2_medmnist,octmnist,nsga3,exp1_repeat_1,medmnist/NSGA/experiment_octmnist_nsga3/nsga3/exp1_repeat_1,115_10,front,81.4,110116,136002048,9241.4,14
C,C2_medmnist,octmnist,nsga3,exp1_repeat_1,medmnist/NSGA/experiment_octmnist_nsga3/nsga3/exp1_repeat_1,94_9,front,76.7,114084,155698432,2924.3,17
C,C2_medmnist,octmnist,nsga3,exp1_repeat_1,medmnist/NSGA/experiment_octmnist_nsga3/nsga3/exp1_repeat_1,95_2,front,81.8,114948,109113856,13194.8,17
C,C2_medmnist,octmnist,nsga3,exp1_repeat_1,medmnist/NSGA/experiment_octmnist_nsga3/nsga3/exp1_repeat_1,80_11,front,81.7,115684,109436160,10297.5,15
C,C2_medmnist,octmnist,nsga3,exp1_repeat_1,medmnist/NSGA/experiment_octmnist_nsga3/nsga3/exp1_repeat_1,104_18,front,80.9,118564,132384256,8280.8,17
C,C2_medmnist,octmnist,nsga3,exp1_repeat_1,medmnist/NSGA/experiment_octmnist_nsga3/nsga3/exp1_repeat_1,91_6,front,81.1,120932,147567872,8066.8,16
C,C2_medmnist,octmnist,nsga3,exp1_repeat_1,medmnist/NSGA/experiment_octmnist_nsga3/nsga3/exp1_repeat_1,100_3,front,82.0,124196,124687616,9881.4,16
C,C2_medmnist,octmnist,nsga3,exp1_repeat_1,medmnist/NSGA/experiment_octmnist_nsga3/nsga3/exp1_repeat_1,78_16,strat10,78.6,125892,175869184,4904.9,17
C,C2_medmnist,octmnist,nsga3,exp1_repeat_1,medmnist/NSGA/experiment_octmnist_nsga3/nsga3/exp1_repeat_1,95_19,front,79.8,127044,188816896,2733.6,16
C,C2_medmnist,octmnist,nsga3,exp1_repeat_1,medmnist/NSGA/experiment_octmnist_nsga3/nsga3/exp1_repeat_1,100_9,front,82.9,133348,160465152,8412.9,17
C,C2_medmnist,octmnist,nsga3,exp1_repeat_1,medmnist/NSGA/experiment_octmnist_nsga3/nsga3/exp1_repeat_1,96_11,front,82.6,133348,160465152,8345.5,17
C,C2_medmnist,octmnist,nsga3,exp1_repeat_1,medmnist/NSGA/experiment_octmnist_nsga3/nsga3/exp1_repeat_1,100_0,front,81.0,137476,179885568,3141.3,15
C,C2_medmnist,octmnist,nsga3,exp1_repeat_1,medmnist/NSGA/experiment_octmnist_nsga3/nsga3/exp1_repeat_1,79_9,front,81.2,137604,117663232,6535.2,17
C,C2_medmnist,octmnist,nsga3,exp1_repeat_1,medmnist/NSGA/experiment_octmnist_nsga3/nsga3/exp1_repeat_1,92_9,front,81.2,139204,192036096,3411.4,16
C,C2_medmnist,octmnist,nsga3,exp1_repeat_1,medmnist/NSGA/experiment_octmnist_nsga3/nsga3/exp1_repeat_1,99_8,front,83.3,139812,173787648,13280.9,17
C,C2_medmnist,octmnist,nsga3,exp1_repeat_1,medmnist/NSGA/experiment_octmnist_nsga3/nsga3/exp1_repeat_1,145_15,strat10,82.0,142276,200054016,6120.5,15
C,C2_medmnist,octmnist,nsga3,exp1_repeat_1,medmnist/NSGA/experiment_octmnist_nsga3/nsga3/exp1_repeat_1,80_14,front,82.5,151620,208084480,3986.2,16
C,C2_medmnist,octmnist,nsga3,exp1_repeat_1,medmnist/NSGA/experiment_octmnist_nsga3/nsga3/exp1_repeat_1,91_5,front,80.5,159780,182191360,2530.6,15
C,C2_medmnist,octmnist,nsga3,exp1_repeat_1,medmnist/NSGA/experiment_octmnist_nsga3/nsga3/exp1_repeat_1,107_14,front,80.9,160900,219923712,2684.1,15
C,C2_medmnist,octmnist,nsga3,exp1_repeat_1,medmnist/NSGA/experiment_octmnist_nsga3/nsga3/exp1_repeat_1,124_17,front,83.2,161220,230930944,11043.4,16
C,C2_medmnist,octmnist,nsga3,exp1_repeat_1,medmnist/NSGA/experiment_octmnist_nsga3/nsga3/exp1_repeat_1,107_16,front,81.5,173348,235831808,2773.7,16
C,C2_medmnist,octmnist,nsga3,exp1_repeat_1,medmnist/NSGA/experiment_octmnist_nsga3/nsga3/exp1_repeat_1,73_19,front,83.7,174116,141448448,18823.8,16
C,C2_medmnist,octmnist,nsga3,exp1_repeat_1,medmnist/NSGA/experiment_octmnist_nsga3/nsga3/exp1_repeat_1,114_13,front,81.8,177284,245613824,3734.3,16
C,C2_medmnist,octmnist,nsga3,exp1_repeat_1,medmnist/NSGA/experiment_octmnist_nsga3/nsga3/exp1_repeat_1,135_9,strat10,83.2,187428,216923392,5526.4,15
C,C2_medmnist,octmnist,nsga3,exp1_repeat_1,medmnist/NSGA/experiment_octmnist_nsga3/nsga3/exp1_repeat_1,144_3,front,83.4,189508,243709440,14028.2,18
C,C2_medmnist,octmnist,nsga3,exp1_repeat_1,medmnist/NSGA/experiment_octmnist_nsga3/nsga3/exp1_repeat_1,110_15,front,82.7,189732,261521920,5007.0,16
C,C2_medmnist,octmnist,nsga3,exp1_repeat_1,medmnist/NSGA/experiment_octmnist_nsga3/nsga3/exp1_repeat_1,73_12,front,81.8,191172,254668288,2745.5,15
C,C2_medmnist,octmnist,nsga3,exp1_repeat_1,medmnist/NSGA/experiment_octmnist_nsga3/nsga3/exp1_repeat_1,78_18,front,81.9,201668,296191232,2224.8,13
C,C2_medmnist,octmnist,nsga3,exp1_repeat_1,medmnist/NSGA/experiment_octmnist_nsga3/nsga3/exp1_repeat_1,127_4,front,83.6,204996,260016640,9833.1,15
C,C2_medmnist,octmnist,nsga3,exp1_repeat_1,medmnist/NSGA/experiment_octmnist_nsga3/nsga3/exp1_repeat_1,117_16,front,82.7,208132,293531904,3210.9,17
C,C2_medmnist,octmnist,nsga3,exp1_repeat_1,medmnist/NSGA/experiment_octmnist_nsga3/nsga3/exp1_repeat_1,119_5,front,83.6,213956,277525760,8284.4,16
C,C2_medmnist,octmnist,nsga3,exp1_repeat_1,medmnist/NSGA/experiment_octmnist_nsga3/nsga3/exp1_repeat_1,115_15,front,84.4,215396,264829184,4178.6,19
C,C2_medmnist,octmnist,nsga3,exp1_repeat_1,medmnist/NSGA/experiment_octmnist_nsga3/nsga3/exp1_repeat_1,96_17,front,83.1,217892,312450560,3024.7,15
C,C2_medmnist,octmnist,nsga3,exp1_repeat_1,medmnist/NSGA/experiment_octmnist_nsga3/nsga3/exp1_repeat_1,92_14,front,82.0,273988,383568128,2685.6,16
C,C2_medmnist,octmnist,nsga3,exp1_repeat_1,medmnist/NSGA/experiment_octmnist_nsga3/nsga3/exp1_repeat_1,138_12,front,83.3,278820,304873984,3305.7,17
C,C2_medmnist,octmnist,nsga3,exp1_repeat_1,medmnist/NSGA/experiment_octmnist_nsga3/nsga3/exp1_repeat_1,65_5,front,83.8,294468,418066432,3374.8,17
C,C2_medmnist,octmnist,nsga3,exp1_repeat_1,medmnist/NSGA/experiment_octmnist_nsga3/nsga3/exp1_repeat_1,106_5,front,82.1,321412,383811840,2651.7,17
C,C2_medmnist,octmnist,nsga3,exp1_repeat_1,medmnist/NSGA/experiment_octmnist_nsga3/nsga3/exp1_repeat_1,110_1,front,83.7,322788,463826944,3073.2,14
C,C2_medmnist,octmnist,nsga3,exp1_repeat_1,medmnist/NSGA/experiment_octmnist_nsga3/nsga3/exp1_repeat_1,57_9,front,84.5,410980,377081856,5473.2,18
C,C2_medmnist,octmnist,nsga3,exp1_repeat_1,medmnist/NSGA/experiment_octmnist_nsga3/nsga3/exp1_repeat_1,59_14,front,82.5,411652,626515968,2822.0,16
C,C2_medmnist,octmnist,nsga3,exp1_repeat_1,medmnist/NSGA/experiment_octmnist_nsga3/nsga3/exp1_repeat_1,57_19,front,84.1,413572,586612224,3933.6,17
C,C2_medmnist,octmnist,nsga3,exp1_repeat_1,medmnist/NSGA/experiment_octmnist_nsga3/nsga3/exp1_repeat_1,113_12,front,84.2,477444,734890240,4067.2,15
C,C2_medmnist,octmnist,nsga3,exp1_repeat_1,medmnist/NSGA/experiment_octmnist_nsga3/nsga3/exp1_repeat_1,52_14,front,84.9,496260,183053824,14560.0,16
C,C2_medmnist,octmnist,nsga3,exp1_repeat_1,medmnist/NSGA/experiment_octmnist_nsga3/nsga3/exp1_repeat_1,136_14,front,84.1,507108,737940736,3734.5,14
C,C2_medmnist,octmnist,nsga3,exp1_repeat_1,medmnist/NSGA/experiment_octmnist_nsga3/nsga3/exp1_repeat_1,50_9,front,85.0,544868,791731712,4095.1,16
C,C2_medmnist,octmnist,nsga3,exp1_repeat_1,medmnist/NSGA/experiment_octmnist_nsga3/nsga3/exp1_repeat_1,50_16,front,84.5,582692,850889216,2884.0,16
C,C2_medmnist,octmnist,nsga3,exp1_repeat_1,medmnist/NSGA/experiment_octmnist_nsga3/nsga3/exp1_repeat_1,53_4,front,85.1,744580,1032325632,2852.9,16
C,C2_medmnist,octmnist,nsga3,exp1_repeat_1,medmnist/NSGA/experiment_octmnist_nsga3/nsga3/exp1_repeat_1,128_12,best_acc,85.3,1916964,927885568,6189.6,18
C,C2_medmnist,octmnist,nsga3,exp1_repeat_2,medmnist/NSGA/experiment_octmnist_nsga3/nsga3/exp1_repeat_2,140_16,strat10,78.8,47876,45672704,26879.6,14
C,C2_medmnist,octmnist,nsga3,exp1_repeat_2,medmnist/NSGA/experiment_octmnist_nsga3/nsga3/exp1_repeat_2,141_8,front,80.1,49028,66786560,27990.8,14
C,C2_medmnist,octmnist,nsga3,exp1_repeat_2,medmnist/NSGA/experiment_octmnist_nsga3/nsga3/exp1_repeat_2,129_17,front,77.4,56164,25254144,21621.7,17
C,C2_medmnist,octmnist,nsga3,exp1_repeat_2,medmnist/NSGA/experiment_octmnist_nsga3/nsga3/exp1_repeat_2,146_4,front,78.4,57508,55398912,26611.2,14
C,C2_medmnist,octmnist,nsga3,exp1_repeat_2,medmnist/NSGA/experiment_octmnist_nsga3/nsga3/exp1_repeat_2,143_12,front,77.9,59972,58607872,25413.2,15
C,C2_medmnist,octmnist,nsga3,exp1_repeat_2,medmnist/NSGA/experiment_octmnist_nsga3/nsga3/exp1_repeat_2,131_1,front,77.0,63140,63424768,20787.7,15
C,C2_medmnist,octmnist,nsga3,exp1_repeat_2,medmnist/NSGA/experiment_octmnist_nsga3/nsga3/exp1_repeat_2,74_19,front,78.3,64612,28249344,22348.4,16
C,C2_medmnist,octmnist,nsga3,exp1_repeat_2,medmnist/NSGA/experiment_octmnist_nsga3/nsga3/exp1_repeat_2,89_2,front,76.3,65028,52360448,18865.2,15
C,C2_medmnist,octmnist,nsga3,exp1_repeat_2,medmnist/NSGA/experiment_octmnist_nsga3/nsga3/exp1_repeat_2,91_13,strat10,77.3,65028,52344064,19158.4,15
C,C2_medmnist,octmnist,nsga3,exp1_repeat_2,medmnist/NSGA/experiment_octmnist_nsga3/nsga3/exp1_repeat_2,111_0,front,76.3,66404,67293440,18068.5,16
C,C2_medmnist,octmnist,nsga3,exp1_repeat_2,medmnist/NSGA/experiment_octmnist_nsga3/nsga3/exp1_repeat_2,78_4,front,78.3,66532,84300288,21497.9,14
C,C2_medmnist,octmnist,nsga3,exp1_repeat_2,medmnist/NSGA/experiment_octmnist_nsga3/nsga3/exp1_repeat_2,61_2,front,77.7,66884,57626112,13110.5,14
C,C2_medmnist,octmnist,nsga3,exp1_repeat_2,medmnist/NSGA/experiment_octmnist_nsga3/nsga3/exp1_repeat_2,101_10,front,79.7,71524,99160320,27456.8,14
C,C2_medmnist,octmnist,nsga3,exp1_repeat_2,medmnist/NSGA/experiment_octmnist_nsga3/nsga3/exp1_repeat_2,75_15,front,80.5,72548,100765952,16712.2,13
C,C2_medmnist,octmnist,nsga3,exp1_repeat_2,medmnist/NSGA/experiment_octmnist_nsga3/nsga3/exp1_repeat_2,134_0,front,80.8,72868,79483392,18072.2,14
C,C2_medmnist,octmnist,nsga3,exp1_repeat_2,medmnist/NSGA/experiment_octmnist_nsga3/nsga3/exp1_repeat_2,74_18,compact,81.0,73220,22967552,20551.6,17
C,C2_medmnist,octmnist,nsga3,exp1_repeat_2,medmnist/NSGA/experiment_octmnist_nsga3/nsga3/exp1_repeat_2,64_12,strat10,79.8,78500,90818816,12583.5,14
C,C2_medmnist,octmnist,nsga3,exp1_repeat_2,medmnist/NSGA/experiment_octmnist_nsga3/nsga3/exp1_repeat_2,76_10,front,77.7,88836,130861312,11987.9,14
C,C2_medmnist,octmnist,nsga3,exp1_repeat_2,medmnist/NSGA/experiment_octmnist_nsga3/nsga3/exp1_repeat_2,107_1,front,81.8,94980,126646528,20130.4,16
C,C2_medmnist,octmnist,nsga3,exp1_repeat_2,medmnist/NSGA/experiment_octmnist_nsga3/nsga3/exp1_repeat_2,66_5,front,80.7,95236,71601408,15563.7,14
C,C2_medmnist,octmnist,nsga3,exp1_repeat_2,medmnist/NSGA/experiment_octmnist_nsga3/nsga3/exp1_repeat_2,61_12,front,82.0,100548,72004864,11696.6,13
C,C2_medmnist,octmnist,nsga3,exp1_repeat_2,medmnist/NSGA/experiment_octmnist_nsga3/nsga3/exp1_repeat_2,66_4,front,82.8,110244,93929728,11929.8,15
C,C2_medmnist,octmnist,nsga3,exp1_repeat_2,medmnist/NSGA/experiment_octmnist_nsga3/nsga3/exp1_repeat_2,140_3,knee,83.8,118916,120924416,15192.1,18
C,C2_medmnist,octmnist,nsga3,exp1_repeat_2,medmnist/NSGA/experiment_octmnist_nsga3/nsga3/exp1_repeat_2,66_12,front,79.6,121060,91247616,11476.6,16
C,C2_medmnist,octmnist,nsga3,exp1_repeat_2,medmnist/NSGA/experiment_octmnist_nsga3/nsga3/exp1_repeat_2,132_11,strat10,76.4,126660,163676416,9831.4,15
C,C2_medmnist,octmnist,nsga3,exp1_repeat_2,medmnist/NSGA/experiment_octmnist_nsga3/nsga3/exp1_repeat_2,140_0,front,76.1,127684,168390912,7446.3,16
C,C2_medmnist,octmnist,nsga3,exp1_repeat_2,medmnist/NSGA/experiment_octmnist_nsga3/nsga3/exp1_repeat_2,76_2,front,83.2,128772,122831104,11273.3,15
C,C2_medmnist,octmnist,nsga3,exp1_repeat_2,medmnist/NSGA/experiment_octmnist_nsga3/nsga3/exp1_repeat_2,129_2,front,78.5,129828,168493312,3264.6,15
C,C2_medmnist,octmnist,nsga3,exp1_repeat_2,medmnist/NSGA/experiment_octmnist_nsga3/nsga3/exp1_repeat_2,145_14,front,79.3,146020,194183424,7529.4,16
C,C2_medmnist,octmnist,nsga3,exp1_repeat_2,medmnist/NSGA/experiment_octmnist_nsga3/nsga3/exp1_repeat_2,140_13,front,80.5,148452,183847168,8444.1,17
C,C2_medmnist,octmnist,nsga3,exp1_repeat_2,medmnist/NSGA/experiment_octmnist_nsga3/nsga3/exp1_repeat_2,68_9,front,81.9,152676,213350656,10219.0,13
C,C2_medmnist,octmnist,nsga3,exp1_repeat_2,medmnist/NSGA/experiment_octmnist_nsga3/nsga3/exp1_repeat_2,65_13,front,83.1,155972,234023168,9552.7,17
C,C2_medmnist,octmnist,nsga3,exp1_repeat_2,medmnist/NSGA/experiment_octmnist_nsga3/nsga3/exp1_repeat_2,58_17,strat10,80.0,156900,153839872,3098.7,17
C,C2_medmnist,octmnist,nsga3,exp1_repeat_2,medmnist/NSGA/experiment_octmnist_nsga3/nsga3/exp1_repeat_2,131_19,front,83.4,158468,230220032,11230.9,14
C,C2_medmnist,octmnist,nsga3,exp1_repeat_2,medmnist/NSGA/experiment_octmnist_nsga3/nsga3/exp1_repeat_2,100_10,front,81.8,160676,184652288,7141.5,16
C,C2_medmnist,octmnist,nsga3,exp1_repeat_2,medmnist/NSGA/experiment_octmnist_nsga3/nsga3/exp1_repeat_2,147_1,front,80.2,170596,257706240,4518.2,16
C,C2_medmnist,octmnist,nsga3,exp1_repeat_2,medmnist/NSGA/experiment_octmnist_nsga3/nsga3/exp1_repeat_2,96_11,front,84.9,172996,222783744,19482.7,16
C,C2_medmnist,octmnist,nsga3,exp1_repeat_2,medmnist/NSGA/experiment_octmnist_nsga3/nsga3/exp1_repeat_2,69_0,front,80.3,177668,154077440,4794.6,17
C,C2_medmnist,octmnist,nsga3,exp1_repeat_2,medmnist/NSGA/experiment_octmnist_nsga3/nsga3/exp1_repeat_2,66_15,front,82.1,181092,197093632,7451.9,14
C,C2_medmnist,octmnist,nsga3,exp1_repeat_2,medmnist/NSGA/experiment_octmnist_nsga3/nsga3/exp1_repeat_2,133_5,front,80.1,185956,243255552,3929.3,17
C,C2_medmnist,octmnist,nsga3,exp1_repeat_2,medmnist/NSGA/experiment_octmnist_nsga3/nsga3/exp1_repeat_2,85_6,front,83.9,189380,172572928,17817.3,17
C,C2_medmnist,octmnist,nsga3,exp1_repeat_2,medmnist/NSGA/experiment_octmnist_nsga3/nsga3/exp1_repeat_2,149_15,strat10,82.5,192292,290220288,6527.2,16
C,C2_medmnist,octmnist,nsga3,exp1_repeat_2,medmnist/NSGA/experiment_octmnist_nsga3/nsga3/exp1_repeat_2,96_3,front,84.3,196836,227199232,17146.1,16
C,C2_medmnist,octmnist,nsga3,exp1_repeat_2,medmnist/NSGA/experiment_octmnist_nsga3/nsga3/exp1_repeat_2,117_17,front,83.9,198820,196776448,14351.8,17
C,C2_medmnist,octmnist,nsga3,exp1_repeat_2,medmnist/NSGA/experiment_octmnist_nsga3/nsga3/exp1_repeat_2,134_19,front,83.7,201604,304670976,4178.9,16
C,C2_medmnist,octmnist,nsga3,exp1_repeat_2,medmnist/NSGA/experiment_octmnist_nsga3/nsga3/exp1_repeat_2,140_11,front,84.3,219268,183345408,13161.6,16
C,C2_medmnist,octmnist,nsga3,exp1_repeat_2,medmnist/NSGA/experiment_octmnist_nsga3/nsga3/exp1_repeat_2,99_15,front,84.4,219876,250579456,10607.1,16
C,C2_medmnist,octmnist,nsga3,exp1_repeat_2,medmnist/NSGA/experiment_octmnist_nsga3/nsga3/exp1_repeat_2,66_2,front,85.1,224292,230811904,9053.1,16
C,C2_medmnist,octmnist,nsga3,exp1_repeat_2,medmnist/NSGA/experiment_octmnist_nsga3/nsga3/exp1_repeat_2,80_4,front,85.2,226020,194832896,9796.4,20
C,C2_medmnist,octmnist,nsga3,exp1_repeat_2,medmnist/NSGA/experiment_octmnist_nsga3/nsga3/exp1_repeat_2,90_9,strat10,81.1,233764,301060608,3472.3,16
C,C2_medmnist,octmnist,nsga3,exp1_repeat_2,medmnist/NSGA/experiment_octmnist_nsga3/nsga3/exp1_repeat_2,83_8,front,84.0,237156,252285184,5339.5,16
C,C2_medmnist,octmnist,nsga3,exp1_repeat_2,medmnist/NSGA/experiment_octmnist_nsga3/nsga3/exp1_repeat_2,76_3,front,85.8,244708,256684288,5702.1,20
C,C2_medmnist,octmnist,nsga3,exp1_repeat_2,medmnist/NSGA/experiment_octmnist_nsga3/nsga3/exp1_repeat_2,60_2,front,84.5,254916,320323840,5681.6,17
C,C2_medmnist,octmnist,nsga3,exp1_repeat_2,medmnist/NSGA/experiment_octmnist_nsga3/nsga3/exp1_repeat_2,83_19,front,80.1,268548,297949440,3409.3,16
C,C2_medmnist,octmnist,nsga3,exp1_repeat_2,medmnist/NSGA/experiment_octmnist_nsga3/nsga3/exp1_repeat_2,64_19,front,82.0,298820,364528640,4023.1,18
C,C2_medmnist,octmnist,nsga3,exp1_repeat_2,medmnist/NSGA/experiment_octmnist_nsga3/nsga3/exp1_repeat_2,66_14,front,81.2,306212,460266752,3521.5,16
C,C2_medmnist,octmnist,nsga3,exp1_repeat_2,medmnist/NSGA/experiment_octmnist_nsga3/nsga3/exp1_repeat_2,101_7,front,84.1,320804,315206144,4929.6,18
C,C2_medmnist,octmnist,nsga3,exp1_repeat_2,medmnist/NSGA/experiment_octmnist_nsga3/nsga3/exp1_repeat_2,81_13,front,83.6,328484,486910208,3791.5,17
C,C2_medmnist,octmnist,nsga3,exp1_repeat_2,medmnist/NSGA/experiment_octmnist_nsga3/nsga3/exp1_repeat_2,103_4,front,84.2,334596,490926592,3810.1,17
C,C2_medmnist,octmnist,nsga3,exp1_repeat_2,medmnist/NSGA/experiment_octmnist_nsga3/nsga3/exp1_repeat_2,101_12,front,81.0,371012,560632064,2606.5,15
C,C2_medmnist,octmnist,nsga3,exp1_repeat_2,medmnist/NSGA/experiment_octmnist_nsga3/nsga3/exp1_repeat_2,61_10,front,82.1,393860,308482304,3549.0,17
C,C2_medmnist,octmnist,nsga3,exp1_repeat_2,medmnist/NSGA/experiment_octmnist_nsga3/nsga3/exp1_repeat_2,75_1,front,83.7,436292,602915072,3486.6,16
C,C2_medmnist,octmnist,nsga3,exp1_repeat_2,medmnist/NSGA/experiment_octmnist_nsga3/nsga3/exp1_repeat_2,52_7,front,84.3,439108,651014400,4286.0,17
C,C2_medmnist,octmnist,nsga3,exp1_repeat_2,medmnist/NSGA/experiment_octmnist_nsga3/nsga3/exp1_repeat_2,50_12,front,82.0,445796,531937280,3149.8,17
C,C2_medmnist,octmnist,nsga3,exp1_repeat_2,medmnist/NSGA/experiment_octmnist_nsga3/nsga3/exp1_repeat_2,143_18,front,84.9,446116,533475840,5426.8,16
C,C2_medmnist,octmnist,nsga3,exp1_repeat_2,medmnist/NSGA/experiment_octmnist_nsga3/nsga3/exp1_repeat_2,55_16,front,84.9,447396,685216000,3993.2,17
C,C2_medmnist,octmnist,nsga3,exp1_repeat_2,medmnist/NSGA/experiment_octmnist_nsga3/nsga3/exp1_repeat_2,47_13,front,83.2,451044,686008576,3276.5,18
C,C2_medmnist,octmnist,nsga3,exp1_repeat_2,medmnist/NSGA/experiment_octmnist_nsga3/nsga3/exp1_repeat_2,79_19,front,84.8,452772,639443200,3328.1,18
C,C2_medmnist,octmnist,nsga3,exp1_repeat_2,medmnist/NSGA/experiment_octmnist_nsga3/nsga3/exp1_repeat_2,134_4,front,84.3,456324,620980480,3142.8,16
C,C2_medmnist,octmnist,nsga3,exp1_repeat_2,medmnist/NSGA/experiment_octmnist_nsga3/nsga3/exp1_repeat_2,131_15,best_acc,86.0,493124,686660864,6381.0,16
C,C2_medmnist,octmnist,nsga3,exp1_repeat_2,medmnist/NSGA/experiment_octmnist_nsga3/nsga3/exp1_repeat_2,52_15,front,83.2,513188,477276416,2802.2,15
C,C2_medmnist,octmnist,nsga3,exp1_repeat_2,medmnist/NSGA/experiment_octmnist_nsga3/nsga3/exp1_repeat_2,91_12,front,85.4,646468,983853312,3664.9,17
C,C2_medmnist,octmnist,nsga3,exp1_repeat_2,medmnist/NSGA/experiment_octmnist_nsga3/nsga3/exp1_repeat_2,78_17,front,82.3,727652,1019177216,2771.4,15
C,C2_medmnist,octmnist,nsga3,exp1_repeat_2,medmnist/NSGA/experiment_octmnist_nsga3/nsga3/exp1_repeat_2,110_7,front,84.6,1117348,1127119104,3209.6,16
C,C2_medmnist,octmnist,nsga3,exp1_repeat_3,medmnist/NSGA/experiment_octmnist_nsga3/nsga3/exp1_repeat_3,67_10,strat10,79.9,70244,80198912,31549.6,12
C,C2_medmnist,octmnist,nsga3,exp1_repeat_3,medmnist/NSGA/experiment_octmnist_nsga3/nsga3/exp1_repeat_3,145_0,front,77.0,80388,91690240,24574.8,14
C,C2_medmnist,octmnist,nsga3,exp1_repeat_3,medmnist/NSGA/experiment_octmnist_nsga3/nsga3/exp1_repeat_3,80_2,front,80.3,83556,80213248,26788.0,15
C,C2_medmnist,octmnist,nsga3,exp1_repeat_3,medmnist/NSGA/experiment_octmnist_nsga3/nsga3/exp1_repeat_3,65_13,front,80.7,94916,83442944,32999.7,16
C,C2_medmnist,octmnist,nsga3,exp1_repeat_3,medmnist/NSGA/experiment_octmnist_nsga3/nsga3/exp1_repeat_3,143_7,compact,81.9,107972,131980544,23645.8,14
C,C2_medmnist,octmnist,nsga3,exp1_repeat_3,medmnist/NSGA/experiment_octmnist_nsga3/nsga3/exp1_repeat_3,80_3,strat10,82.4,120612,127177984,23724.2,15
C,C2_medmnist,octmnist,nsga3,exp1_repeat_3,medmnist/NSGA/experiment_octmnist_nsga3/nsga3/exp1_repeat_3,129_11,front,82.5,128420,176594432,31249.5,13
C,C2_medmnist,octmnist,nsga3,exp1_repeat_3,medmnist/NSGA/experiment_octmnist_nsga3/nsga3/exp1_repeat_3,145_7,front,77.5,132868,158593536,19904.9,16
C,C2_medmnist,octmnist,nsga3,exp1_repeat_3,medmnist/NSGA/experiment_octmnist_nsga3/nsga3/exp1_repeat_3,68_1,front,80.6,133412,173176064,14468.9,16
C,C2_medmnist,octmnist,nsga3,exp1_repeat_3,medmnist/NSGA/experiment_octmnist_nsga3/nsga3/exp1_repeat_3,68_3,front,82.0,134436,170616064,21478.2,15
C,C2_medmnist,octmnist,nsga3,exp1_repeat_3,medmnist/NSGA/experiment_octmnist_nsga3/nsga3/exp1_repeat_3,147_3,strat10,81.9,165636,188674048,16908.4,16
C,C2_medmnist,octmnist,nsga3,exp1_repeat_3,medmnist/NSGA/experiment_octmnist_nsga3/nsga3/exp1_repeat_3,104_16,front,82.6,167460,249178624,20813.0,16
C,C2_medmnist,octmnist,nsga3,exp1_repeat_3,medmnist/NSGA/experiment_octmnist_nsga3/nsga3/exp1_repeat_3,146_7,front,82.0,170724,262272256,15605.0,15
C,C2_medmnist,octmnist,nsga3,exp1_repeat_3,medmnist/NSGA/experiment_octmnist_nsga3/nsga3/exp1_repeat_3,74_15,front,83.5,171492,250395904,24553.9,16
C,C2_medmnist,octmnist,nsga3,exp1_repeat_3,medmnist/NSGA/experiment_octmnist_nsga3/nsga3/exp1_repeat_3,132_8,front,83.3,173028,257457664,24099.8,17
C,C2_medmnist,octmnist,nsga3,exp1_repeat_3,medmnist/NSGA/experiment_octmnist_nsga3/nsga3/exp1_repeat_3,147_10,strat10,81.2,173700,259071232,10516.9,14
C,C2_medmnist,octmnist,nsga3,exp1_repeat_3,medmnist/NSGA/experiment_octmnist_nsga3/nsga3/exp1_repeat_3,145_8,front,82.3,175844,262282496,11778.7,14
C,C2_medmnist,octmnist,nsga3,exp1_repeat_3,medmnist/NSGA/experiment_octmnist_nsga3/nsga3/exp1_repeat_3,115_1,knee,84.3,183332,234782976,18811.2,16
C,C2_medmnist,octmnist,nsga3,exp1_repeat_3,medmnist/NSGA/experiment_octmnist_nsga3/nsga3/exp1_repeat_3,99_4,front,83.0,190628,275557888,14571.2,16
C,C2_medmnist,octmnist,nsga3,exp1_repeat_3,medmnist/NSGA/experiment_octmnist_nsga3/nsga3/exp1_repeat_3,127_8,front,84.4,207716,254504960,29215.3,17
C,C2_medmnist,octmnist,nsga3,exp1_repeat_3,medmnist/NSGA/experiment_octmnist_nsga3/nsga3/exp1_repeat_3,147_17,strat10,81.0,217028,279129344,10185.5,17
C,C2_medmnist,octmnist,nsga3,exp1_repeat_3,medmnist/NSGA/experiment_octmnist_nsga3/nsga3/exp1_repeat_3,62_8,front,83.1,217636,327854592,15428.1,16
C,C2_medmnist,octmnist,nsga3,exp1_repeat_3,medmnist/NSGA/experiment_octmnist_nsga3/nsga3/exp1_repeat_3,116_2,front,84.6,231812,308894976,23473.9,18
C,C2_medmnist,octmnist,nsga3,exp1_repeat_3,medmnist/NSGA/experiment_octmnist_nsga3/nsga3/exp1_repeat_3,145_14,front,84.0,232292,293040128,15012.4,17
C,C2_medmnist,octmnist,nsga3,exp1_repeat_3,medmnist/NSGA/experiment_octmnist_nsga3/nsga3/exp1_repeat_3,146_1,front,84.8,242628,309096448,17131.1,17
C,C2_medmnist,octmnist,nsga3,exp1_repeat_3,medmnist/NSGA/experiment_octmnist_nsga3/nsga3/exp1_repeat_3,145_16,front,83.7,252996,328511488,8617.8,17
C,C2_medmnist,octmnist,nsga3,exp1_repeat_3,medmnist/NSGA/experiment_octmnist_nsga3/nsga3/exp1_repeat_3,147_2,strat10,82.1,278436,422845696,5860.2,15
C,C2_medmnist,octmnist,nsga3,exp1_repeat_3,medmnist/NSGA/experiment_octmnist_nsga3/nsga3/exp1_repeat_3,132_7,front,84.2,305604,403004928,16813.2,14
C,C2_medmnist,octmnist,nsga3,exp1_repeat_3,medmnist/NSGA/experiment_octmnist_nsga3/nsga3/exp1_repeat_3,147_14,front,85.6,308932,416821248,5157.1,16
C,C2_medmnist,octmnist,nsga3,exp1_repeat_3,medmnist/NSGA/experiment_octmnist_nsga3/nsga3/exp1_repeat_3,145_4,front,82.5,401124,613907968,4380.9,17
C,C2_medmnist,octmnist,nsga3,exp1_repeat_3,medmnist/NSGA/experiment_octmnist_nsga3/nsga3/exp1_repeat_3,147_16,front,81.9,421380,474664960,3423.1,15
C,C2_medmnist,octmnist,nsga3,exp1_repeat_3,medmnist/NSGA/experiment_octmnist_nsga3/nsga3/exp1_repeat_3,83_15,strat10,85.8,495268,690162176,8437.7,16
C,C2_medmnist,octmnist,nsga3,exp1_repeat_3,medmnist/NSGA/experiment_octmnist_nsga3/nsga3/exp1_repeat_3,145_11,front,83.6,502628,608164352,3760.7,16
C,C2_medmnist,octmnist,nsga3,exp1_repeat_3,medmnist/NSGA/experiment_octmnist_nsga3/nsga3/exp1_repeat_3,148_16,front,83.9,518724,789494272,3013.7,15
C,C2_medmnist,octmnist,nsga3,exp1_repeat_3,medmnist/NSGA/experiment_octmnist_nsga3/nsga3/exp1_repeat_3,130_3,front,84.5,527076,813629696,3153.4,14
C,C2_medmnist,octmnist,nsga3,exp1_repeat_3,medmnist/NSGA/experiment_octmnist_nsga3/nsga3/exp1_repeat_3,68_13,front,85.4,626404,858614016,5016.8,17
C,C2_medmnist,octmnist,nsga3,exp1_repeat_3,medmnist/NSGA/experiment_octmnist_nsga3/nsga3/exp1_repeat_3,132_12,front,85.6,631140,893874432,4438.9,15
C,C2_medmnist,octmnist,nsga3,exp1_repeat_3,medmnist/NSGA/experiment_octmnist_nsga3/nsga3/exp1_repeat_3,135_18,front,85.0,695908,1028019456,3708.1,14
C,C2_medmnist,octmnist,nsga3,exp1_repeat_3,medmnist/NSGA/experiment_octmnist_nsga3/nsga3/exp1_repeat_3,37_19,front,86.0,738020,966492416,20592.3,15
C,C2_medmnist,octmnist,nsga3,exp1_repeat_3,medmnist/NSGA/experiment_octmnist_nsga3/nsga3/exp1_repeat_3,132_19,front,84.4,756932,1173291264,2651.1,14
C,C2_medmnist,octmnist,nsga3,exp1_repeat_3,medmnist/NSGA/experiment_octmnist_nsga3/nsga3/exp1_repeat_3,115_0,front,85.2,852452,1216289792,3774.9,17
C,C2_medmnist,octmnist,nsga3,exp1_repeat_3,medmnist/NSGA/experiment_octmnist_nsga3/nsga3/exp1_repeat_3,130_10,front,86.0,947044,464453120,12313.5,18
C,C2_medmnist,octmnist,nsga3,exp1_repeat_3,medmnist/NSGA/experiment_octmnist_nsga3/nsga3/exp1_repeat_3,148_0,front,83.9,1047172,1123934208,2379.9,14
C,C2_medmnist,octmnist,nsga3,exp1_repeat_3,medmnist/NSGA/experiment_octmnist_nsga3/nsga3/exp1_repeat_3,144_1,front,86.0,1054564,1123948800,3191.9,16
C,C2_medmnist,octmnist,nsga3,exp1_repeat_3,medmnist/NSGA/experiment_octmnist_nsga3/nsga3/exp1_repeat_3,142_19,front,84.8,1074852,1667862784,3083.2,15
C,C2_medmnist,octmnist,nsga3,exp1_repeat_3,medmnist/NSGA/experiment_octmnist_nsga3/nsga3/exp1_repeat_3,149_7,front,85.8,1188676,1352736768,2723.1,15
C,C2_medmnist,octmnist,nsga3,exp1_repeat_3,medmnist/NSGA/experiment_octmnist_nsga3/nsga3/exp1_repeat_3,95_7,best_acc,86.2,1637668,2450748672,17284.9,19
C,C2_medmnist,tissuemnist,moqnas,exp1_repeat_1,medmnist/moqnas_last/experiment_tissuemnist_medmnist/moqnas/exp1_repeat_1,135_0,strat10,41.5,11656,605440,37301.5,9
C,C2_medmnist,tissuemnist,moqnas,exp1_repeat_1,medmnist/moqnas_last/experiment_tissuemnist_medmnist/moqnas/exp1_repeat_1,147_10,front,41.5,11656,605440,8889.9,10
C,C2_medmnist,tissuemnist,moqnas,exp1_repeat_1,medmnist/moqnas_last/experiment_tissuemnist_medmnist/moqnas/exp1_repeat_1,144_9,front,42.1,23528,2948352,42994.7,8
C,C2_medmnist,tissuemnist,moqnas,exp1_repeat_1,medmnist/moqnas_last/experiment_tissuemnist_medmnist/moqnas/exp1_repeat_1,126_19,strat10,45.4,24584,21024768,18270.2,11
C,C2_medmnist,tissuemnist,moqnas,exp1_repeat_1,medmnist/moqnas_last/experiment_tissuemnist_medmnist/moqnas/exp1_repeat_1,140_1,front,41.7,42088,22182400,5415.3,9
C,C2_medmnist,tissuemnist,moqnas,exp1_repeat_1,medmnist/moqnas_last/experiment_tissuemnist_medmnist/moqnas/exp1_repeat_1,71_2,strat10,45.2,45352,21393408,13037.2,13
C,C2_medmnist,tissuemnist,moqnas,exp1_repeat_1,medmnist/moqnas_last/experiment_tissuemnist_medmnist/moqnas/exp1_repeat_1,5_14,compact,46.1,63016,16727040,27303.1,10
C,C2_medmnist,tissuemnist,moqnas,exp1_repeat_1,medmnist/moqnas_last/experiment_tissuemnist_medmnist/moqnas/exp1_repeat_1,145_13,front,44.8,68744,21576192,3232.2,11
C,C2_medmnist,tissuemnist,moqnas,exp1_repeat_1,medmnist/moqnas_last/experiment_tissuemnist_medmnist/moqnas/exp1_repeat_1,145_10,strat10,46.9,80104,23884288,3457.9,9
C,C2_medmnist,tissuemnist,moqnas,exp1_repeat_1,medmnist/moqnas_last/experiment_tissuemnist_medmnist/moqnas/exp1_repeat_1,144_7,front,47.0,113960,94686720,32544.6,11
C,C2_medmnist,tissuemnist,moqnas,exp1_repeat_1,medmnist/moqnas_last/experiment_tissuemnist_medmnist/moqnas/exp1_repeat_1,117_11,knee,47.7,114120,94490624,19627.4,10
C,C2_medmnist,tissuemnist,moqnas,exp1_repeat_1,medmnist/moqnas_last/experiment_tissuemnist_medmnist/moqnas/exp1_repeat_1,63_4,front,41.1,129704,21697536,828.1,13
C,C2_medmnist,tissuemnist,moqnas,exp1_repeat_1,medmnist/moqnas_last/experiment_tissuemnist_medmnist/moqnas/exp1_repeat_1,119_15,front,45.2,164520,41062912,2594.0,11
C,C2_medmnist,tissuemnist,moqnas,exp1_repeat_1,medmnist/moqnas_last/experiment_tissuemnist_medmnist/moqnas/exp1_repeat_1,140_15,strat10,41.2,171432,21780992,758.1,13
C,C2_medmnist,tissuemnist,moqnas,exp1_repeat_1,medmnist/moqnas_last/experiment_tissuemnist_medmnist/moqnas/exp1_repeat_1,103_11,front,42.1,202984,117693952,1984.0,13
C,C2_medmnist,tissuemnist,moqnas,exp1_repeat_1,medmnist/moqnas_last/experiment_tissuemnist_medmnist/moqnas/exp1_repeat_1,116_12,strat10,47.9,228936,229541888,6938.6,11
C,C2_medmnist,tissuemnist,moqnas,exp1_repeat_1,medmnist/moqnas_last/experiment_tissuemnist_medmnist/moqnas/exp1_repeat_1,62_8,front,46.0,233736,289725440,2467.8,11
C,C2_medmnist,tissuemnist,moqnas,exp1_repeat_1,medmnist/moqnas_last/experiment_tissuemnist_medmnist/moqnas/exp1_repeat_1,41_17,front,48.2,267208,147768832,23042.2,11
C,C2_medmnist,tissuemnist,moqnas,exp1_repeat_1,medmnist/moqnas_last/experiment_tissuemnist_medmnist/moqnas/exp1_repeat_1,120_15,strat10,48.4,269256,147772928,21296.2,10
C,C2_medmnist,tissuemnist,moqnas,exp1_repeat_1,medmnist/moqnas_last/experiment_tissuemnist_medmnist/moqnas/exp1_repeat_1,57_18,front,49.2,286120,61314048,910.4,12
C,C2_medmnist,tissuemnist,moqnas,exp1_repeat_1,medmnist/moqnas_last/experiment_tissuemnist_medmnist/moqnas/exp1_repeat_1,99_16,front,49.8,431688,279941120,11652.2,10
C,C2_medmnist,tissuemnist,moqnas,exp1_repeat_1,medmnist/moqnas_last/experiment_tissuemnist_medmnist/moqnas/exp1_repeat_1,14_2,best_acc,50.9,519944,275174400,7052.2,11
C,C2_medmnist,tissuemnist,moqnas,exp1_repeat_1,medmnist/moqnas_last/experiment_tissuemnist_medmnist/moqnas/exp1_repeat_1,116_9,front,50.2,742472,587510784,3359.7,12
C,C2_medmnist,tissuemnist,moqnas,exp1_repeat_1,medmnist/moqnas_last/experiment_tissuemnist_medmnist/moqnas/exp1_repeat_1,94_8,front,50.4,1738088,956491776,1068.2,12
C,C2_medmnist,tissuemnist,moqnas,exp1_repeat_2,medmnist/moqnas_last/experiment_tissuemnist_medmnist/moqnas/exp1_repeat_2,121_4,strat10,44.6,33256,9843712,28395.7,8
C,C2_medmnist,tissuemnist,moqnas,exp1_repeat_2,medmnist/moqnas_last/experiment_tissuemnist_medmnist/moqnas/exp1_repeat_2,89_13,front,43.1,49320,45377024,13430.5,14
C,C2_medmnist,tissuemnist,moqnas,exp1_repeat_2,medmnist/moqnas_last/experiment_tissuemnist_medmnist/moqnas/exp1_repeat_2,83_16,front,42.8,60456,80190464,10461.8,9
C,C2_medmnist,tissuemnist,moqnas,exp1_repeat_2,medmnist/moqnas_last/experiment_tissuemnist_medmnist/moqnas/exp1_repeat_2,103_12,front,42.9,63336,97442816,10729.1,8
C,C2_medmnist,tissuemnist,moqnas,exp1_repeat_2,medmnist/moqnas_last/experiment_tissuemnist_medmnist/moqnas/exp1_repeat_2,147_15,compact,47.3,65096,67591680,26629.9,8
C,C2_medmnist,tissuemnist,moqnas,exp1_repeat_2,medmnist/moqnas_last/experiment_tissuemnist_medmnist/moqnas/exp1_repeat_2,83_5,front,43.2,67272,97483264,9877.5,8
C,C2_medmnist,tissuemnist,moqnas,exp1_repeat_2,medmnist/moqnas_last/experiment_tissuemnist_medmnist/moqnas/exp1_repeat_2,51_9,front,45.5,74184,26339072,23158.8,8
C,C2_medmnist,tissuemnist,moqnas,exp1_repeat_2,medmnist/moqnas_last/experiment_tissuemnist_medmnist/moqnas/exp1_repeat_2,40_5,front,43.9,94888,15864832,19126.5,9
C,C2_medmnist,tissuemnist,moqnas,exp1_repeat_2,medmnist/moqnas_last/experiment_tissuemnist_medmnist/moqnas/exp1_repeat_2,26_1,strat10,42.2,96808,66686464,9377.5,14
C,C2_medmnist,tissuemnist,moqnas,exp1_repeat_2,medmnist/moqnas_last/experiment_tissuemnist_medmnist/moqnas/exp1_repeat_2,120_11,knee,48.8,101512,142666240,11299.5,9
C,C2_medmnist,tissuemnist,moqnas,exp1_repeat_2,medmnist/moqnas_last/experiment_tissuemnist_medmnist/moqnas/exp1_repeat_2,25_7,front,44.1,115336,75132416,9838.6,13
C,C2_medmnist,tissuemnist,moqnas,exp1_repeat_2,medmnist/moqnas_last/experiment_tissuemnist_medmnist/moqnas/exp1_repeat_2,64_10,front,42.9,118440,170206208,4434.7,9
C,C2_medmnist,tissuemnist,moqnas,exp1_repeat_2,medmnist/moqnas_last/experiment_tissuemnist_medmnist/moqnas/exp1_repeat_2,140_15,strat10,44.6,132904,74379776,6252.0,12
C,C2_medmnist,tissuemnist,moqnas,exp1_repeat_2,medmnist/moqnas_last/experiment_tissuemnist_medmnist/moqnas/exp1_repeat_2,132_13,front,49.6,149512,149684224,19375.6,11
C,C2_medmnist,tissuemnist,moqnas,exp1_repeat_2,medmnist/moqnas_last/experiment_tissuemnist_medmnist/moqnas/exp1_repeat_2,149_7,front,46.3,161768,232339968,8204.7,10
C,C2_medmnist,tissuemnist,moqnas,exp1_repeat_2,medmnist/moqnas_last/experiment_tissuemnist_medmnist/moqnas/exp1_repeat_2,41_13,front,46.4,167432,179163648,9702.4,10
C,C2_medmnist,tissuemnist,moqnas,exp1_repeat_2,medmnist/moqnas_last/experiment_tissuemnist_medmnist/moqnas/exp1_repeat_2,24_5,strat10,45.0,184168,178017280,2441.0,11
C,C2_medmnist,tissuemnist,moqnas,exp1_repeat_2,medmnist/moqnas_last/experiment_tissuemnist_medmnist/moqnas/exp1_repeat_2,49_3,front,42.0,186056,178020864,983.0,13
C,C2_medmnist,tissuemnist,moqnas,exp1_repeat_2,medmnist/moqnas_last/experiment_tissuemnist_medmnist/moqnas/exp1_repeat_2,139_2,front,50.2,229736,224291328,28543.8,11
C,C2_medmnist,tissuemnist,moqnas,exp1_repeat_2,medmnist/moqnas_last/experiment_tissuemnist_medmnist/moqnas/exp1_repeat_2,6_5,strat10,45.4,240168,158358016,4803.3,13
C,C2_medmnist,tissuemnist,moqnas,exp1_repeat_2,medmnist/moqnas_last/experiment_tissuemnist_medmnist/moqnas/exp1_repeat_2,119_19,front,48.0,241512,305295872,7072.7,9
C,C2_medmnist,tissuemnist,moqnas,exp1_repeat_2,medmnist/moqnas_last/experiment_tissuemnist_medmnist/moqnas/exp1_repeat_2,135_16,front,45.0,242440,159262720,799.8,11
C,C2_medmnist,tissuemnist,moqnas,exp1_repeat_2,medmnist/moqnas_last/experiment_tissuemnist_medmnist/moqnas/exp1_repeat_2,26_6,front,45.6,256520,150629376,5095.6,11
C,C2_medmnist,tissuemnist,moqnas,exp1_repeat_2,medmnist/moqnas_last/experiment_tissuemnist_medmnist/moqnas/exp1_repeat_2,50_12,strat10,46.5,301768,413555200,2974.8,11
C,C2_medmnist,tissuemnist,moqnas,exp1_repeat_2,medmnist/moqnas_last/experiment_tissuemnist_medmnist/moqnas/exp1_repeat_2,42_16,front,48.3,321288,198053888,6756.9,10
C,C2_medmnist,tissuemnist,moqnas,exp1_repeat_2,medmnist/moqnas_last/experiment_tissuemnist_medmnist/moqnas/exp1_repeat_2,110_0,front,48.7,327880,175516672,10690.9,12
C,C2_medmnist,tissuemnist,moqnas,exp1_repeat_2,medmnist/moqnas_last/experiment_tissuemnist_medmnist/moqnas/exp1_repeat_2,141_12,front,46.0,343560,373087232,1180.1,13
C,C2_medmnist,tissuemnist,moqnas,exp1_repeat_2,medmnist/moqnas_last/experiment_tissuemnist_medmnist/moqnas/exp1_repeat_2,127_6,strat10,49.5,350920,244366336,6400.2,10
C,C2_medmnist,tissuemnist,moqnas,exp1_repeat_2,medmnist/moqnas_last/experiment_tissuemnist_medmnist/moqnas/exp1_repeat_2,83_0,front,48.8,431240,532067328,778.8,11
C,C2_medmnist,tissuemnist,moqnas,exp1_repeat_2,medmnist/moqnas_last/experiment_tissuemnist_medmnist/moqnas/exp1_repeat_2,126_3,front,48.9,457160,590977536,1090.5,12
C,C2_medmnist,tissuemnist,moqnas,exp1_repeat_2,medmnist/moqnas_last/experiment_tissuemnist_medmnist/moqnas/exp1_repeat_2,143_17,front,42.7,479496,648574976,729.7,8
C,C2_medmnist,tissuemnist,moqnas,exp1_repeat_2,medmnist/moqnas_last/experiment_tissuemnist_medmnist/moqnas/exp1_repeat_2,141_17,front,50.8,500584,409354240,4969.7,11
C,C2_medmnist,tissuemnist,moqnas,exp1_repeat_2,medmnist/moqnas_last/experiment_tissuemnist_medmnist/moqnas/exp1_repeat_2,64_13,front,49.2,689416,192977920,3886.5,11
C,C2_medmnist,tissuemnist,moqnas,exp1_repeat_2,medmnist/moqnas_last/experiment_tissuemnist_medmnist/moqnas/exp1_repeat_2,100_16,best_acc,51.8,788968,277934080,4785.9,9
C,C2_medmnist,tissuemnist,moqnas,exp1_repeat_2,medmnist/moqnas_last/experiment_tissuemnist_medmnist/moqnas/exp1_repeat_2,29_2,front,50.2,952584,837943808,2633.6,10
C,C2_medmnist,tissuemnist,moqnas,exp1_repeat_2,medmnist/moqnas_last/experiment_tissuemnist_medmnist/moqnas/exp1_repeat_2,86_13,front,49.3,1018248,941206016,2575.7,10
C,C2_medmnist,tissuemnist,moqnas,exp1_repeat_3,medmnist/moqnas_last/experiment_tissuemnist_medmnist/moqnas/exp1_repeat_3,137_7,knee,46.1,11688,12366336,17803.3,7
C,C2_medmnist,tissuemnist,moqnas,exp1_repeat_3,medmnist/moqnas_last/experiment_tissuemnist_medmnist/moqnas/exp1_repeat_3,30_17,front,44.8,37288,50335744,10527.5,8
C,C2_medmnist,tissuemnist,moqnas,exp1_repeat_3,medmnist/moqnas_last/experiment_tissuemnist_medmnist/moqnas/exp1_repeat_3,94_18,front,43.1,63336,43252736,8451.8,8
C,C2_medmnist,tissuemnist,moqnas,exp1_repeat_3,medmnist/moqnas_last/experiment_tissuemnist_medmnist/moqnas/exp1_repeat_3,27_3,front,43.3,68840,70579200,5586.4,11
C,C2_medmnist,tissuemnist,moqnas,exp1_repeat_3,medmnist/moqnas_last/experiment_tissuemnist_medmnist/moqnas/exp1_repeat_3,143_5,front,42.3,86280,70401536,3914.8,9
C,C2_medmnist,tissuemnist,moqnas,exp1_repeat_3,medmnist/moqnas_last/experiment_tissuemnist_medmnist/moqnas/exp1_repeat_3,129_0,strat10,43.5,96584,80452608,6831.6,9
C,C2_medmnist,tissuemnist,moqnas,exp1_repeat_3,medmnist/moqnas_last/experiment_tissuemnist_medmnist/moqnas/exp1_repeat_3,146_14,front,45.0,99688,86622208,13731.4,6
C,C2_medmnist,tissuemnist,moqnas,exp1_repeat_3,medmnist/moqnas_last/experiment_tissuemnist_medmnist/moqnas/exp1_repeat_3,133_3,front,42.5,102888,8699648,5469.5,9
C,C2_medmnist,tissuemnist,moqnas,exp1_repeat_3,medmnist/moqnas_last/experiment_tissuemnist_medmnist/moqnas/exp1_repeat_3,139_17,front,45.3,107592,46180352,7665.3,6
C,C2_medmnist,tissuemnist,moqnas,exp1_repeat_3,medmnist/moqnas_last/experiment_tissuemnist_medmnist/moqnas/exp1_repeat_3,112_3,compact,46.5,114664,135981568,12233.6,10
C,C2_medmnist,tissuemnist,moqnas,exp1_repeat_3,medmnist/moqnas_last/experiment_tissuemnist_medmnist/moqnas/exp1_repeat_3,143_19,front,43.2,117704,144055296,1370.3,7
C,C2_medmnist,tissuemnist,moqnas,exp1_repeat_3,medmnist/moqnas_last/experiment_tissuemnist_medmnist/moqnas/exp1_repeat_3,18_14,front,47.1,128872,49675264,23163.7,8
C,C2_medmnist,tissuemnist,moqnas,exp1_repeat_3,medmnist/moqnas_last/experiment_tissuemnist_medmnist/moqnas/exp1_repeat_3,127_11,front,45.7,128968,64728064,636.3,9
C,C2_medmnist,tissuemnist,moqnas,exp1_repeat_3,medmnist/moqnas_last/experiment_tissuemnist_medmnist/moqnas/exp1_repeat_3,141_19,front,46.3,164136,122642432,8887.3,9
C,C2_medmnist,tissuemnist,moqnas,exp1_repeat_3,medmnist/moqnas_last/experiment_tissuemnist_medmnist/moqnas/exp1_repeat_3,144_15,strat10,46.0,186344,108029952,6508.4,13
C,C2_medmnist,tissuemnist,moqnas,exp1_repeat_3,medmnist/moqnas_last/experiment_tissuemnist_medmnist/moqnas/exp1_repeat_3,147_10,front,46.7,195464,151632384,10311.9,11
C,C2_medmnist,tissuemnist,moqnas,exp1_repeat_3,medmnist/moqnas_last/experiment_tissuemnist_medmnist/moqnas/exp1_repeat_3,130_3,front,46.3,214696,102112768,7545.7,8
C,C2_medmnist,tissuemnist,moqnas,exp1_repeat_3,medmnist/moqnas_last/experiment_tissuemnist_medmnist/moqnas/exp1_repeat_3,112_11,front,47.9,218696,179598336,10735.3,11
C,C2_medmnist,tissuemnist,moqnas,exp1_repeat_3,medmnist/moqnas_last/experiment_tissuemnist_medmnist/moqnas/exp1_repeat_3,22_10,strat10,47.1,233288,198612480,2134.2,13
C,C2_medmnist,tissuemnist,moqnas,exp1_repeat_3,medmnist/moqnas_last/experiment_tissuemnist_medmnist/moqnas/exp1_repeat_3,79_0,front,48.1,233672,249053184,18348.6,10
C,C2_medmnist,tissuemnist,moqnas,exp1_repeat_3,medmnist/moqnas_last/experiment_tissuemnist_medmnist/moqnas/exp1_repeat_3,61_3,front,47.6,241512,158008832,6929.0,10
C,C2_medmnist,tissuemnist,moqnas,exp1_repeat_3,medmnist/moqnas_last/experiment_tissuemnist_medmnist/moqnas/exp1_repeat_3,138_5,front,47.5,252840,195640832,6130.3,13
C,C2_medmnist,tissuemnist,moqnas,exp1_repeat_3,medmnist/moqnas_last/experiment_tissuemnist_medmnist/moqnas/exp1_repeat_3,69_4,front,47.0,282504,230718464,1404.1,9
C,C2_medmnist,tissuemnist,moqnas,exp1_repeat_3,medmnist/moqnas_last/experiment_tissuemnist_medmnist/moqnas/exp1_repeat_3,124_16,strat10,46.9,284552,219996672,1148.5,11
C,C2_medmnist,tissuemnist,moqnas,exp1_repeat_3,medmnist/moqnas_last/experiment_tissuemnist_medmnist/moqnas/exp1_repeat_3,104_10,front,48.7,294440,383445504,15572.1,14
C,C2_medmnist,tissuemnist,moqnas,exp1_repeat_3,medmnist/moqnas_last/experiment_tissuemnist_medmnist/moqnas/exp1_repeat_3,44_1,front,46.2,313608,396299264,990.1,12
C,C2_medmnist,tissuemnist,moqnas,exp1_repeat_3,medmnist/moqnas_last/experiment_tissuemnist_medmnist/moqnas/exp1_repeat_3,89_11,front,47.9,322312,416223232,3114.9,14
C,C2_medmnist,tissuemnist,moqnas,exp1_repeat_3,medmnist/moqnas_last/experiment_tissuemnist_medmnist/moqnas/exp1_repeat_3,21_5,strat10,48.9,324552,383260160,16469.0,11
C,C2_medmnist,tissuemnist,moqnas,exp1_repeat_3,medmnist/moqnas_last/experiment_tissuemnist_medmnist/moqnas/exp1_repeat_3,131_8,front,48.0,345288,510126080,575.4,8
C,C2_medmnist,tissuemnist,moqnas,exp1_repeat_3,medmnist/moqnas_last/experiment_tissuemnist_medmnist/moqnas/exp1_repeat_3,37_5,front,50.2,349832,470149632,7803.2,14
C,C2_medmnist,tissuemnist,moqnas,exp1_repeat_3,medmnist/moqnas_last/experiment_tissuemnist_medmnist/moqnas/exp1_repeat_3,131_15,front,48.1,354184,225098752,5845.8,10
C,C2_medmnist,tissuemnist,moqnas,exp1_repeat_3,medmnist/moqnas_last/experiment_tissuemnist_medmnist/moqnas/exp1_repeat_3,40_18,front,51.1,354184,225098752,21304.9,10
C,C2_medmnist,tissuemnist,moqnas,exp1_repeat_3,medmnist/moqnas_last/experiment_tissuemnist_medmnist/moqnas/exp1_repeat_3,137_5,strat10,48.2,369640,426929152,928.0,15
C,C2_medmnist,tissuemnist,moqnas,exp1_repeat_3,medmnist/moqnas_last/experiment_tissuemnist_medmnist/moqnas/exp1_repeat_3,73_12,front,48.6,411656,475974144,4683.0,13
C,C2_medmnist,tissuemnist,moqnas,exp1_repeat_3,medmnist/moqnas_last/experiment_tissuemnist_medmnist/moqnas/exp1_repeat_3,71_9,front,49.2,477192,482396672,7011.4,13
C,C2_medmnist,tissuemnist,moqnas,exp1_repeat_3,medmnist/moqnas_last/experiment_tissuemnist_medmnist/moqnas/exp1_repeat_3,70_12,front,50.2,506568,452688896,10900.5,10
C,C2_medmnist,tissuemnist,moqnas,exp1_repeat_3,medmnist/moqnas_last/experiment_tissuemnist_medmnist/moqnas/exp1_repeat_3,123_14,strat10,50.4,534984,326638592,10015.2,13
C,C2_medmnist,tissuemnist,moqnas,exp1_repeat_3,medmnist/moqnas_last/experiment_tissuemnist_medmnist/moqnas/exp1_repeat_3,122_2,front,49.2,546952,406795264,803.7,10
C,C2_medmnist,tissuemnist,moqnas,exp1_repeat_3,medmnist/moqnas_last/experiment_tissuemnist_medmnist/moqnas/exp1_repeat_3,121_15,front,49.9,652872,944864768,4372.9,13
C,C2_medmnist,tissuemnist,moqnas,exp1_repeat_3,medmnist/moqnas_last/experiment_tissuemnist_medmnist/moqnas/exp1_repeat_3,146_11,front,51.4,673000,559882240,2765.2,13
C,C2_medmnist,tissuemnist,moqnas,exp1_repeat_3,medmnist/moqnas_last/experiment_tissuemnist_medmnist/moqnas/exp1_repeat_3,139_5,best_acc,51.5,1306280,1753961472,1110.1,14
C,C2_medmnist,tissuemnist,moqnas,exp1_repeat_3,medmnist/moqnas_last/experiment_tissuemnist_medmnist/moqnas/exp1_repeat_3,146_9,front,50.2,2123720,900377600,972.0,13
C,C2_medmnist,tissuemnist,nsga2,exp1_repeat_1,medmnist/NSGA/experiment_tissuemnist_nsga2/nsga2/exp1_repeat_1,95_16,strat10,44.9,34920,7276544,15701.6,16
C,C2_medmnist,tissuemnist,nsga2,exp1_repeat_1,medmnist/NSGA/experiment_tissuemnist_nsga2/nsga2/exp1_repeat_1,106_11,front,46.1,55592,44206080,24952.4,17
C,C2_medmnist,tissuemnist,nsga2,exp1_repeat_1,medmnist/NSGA/experiment_tissuemnist_nsga2/nsga2/exp1_repeat_1,91_5,front,46.4,89448,72579584,17487.2,14
C,C2_medmnist,tissuemnist,nsga2,exp1_repeat_1,medmnist/NSGA/experiment_tissuemnist_nsga2/nsga2/exp1_repeat_1,81_4,front,45.4,123688,107243008,13986.1,17
C,C2_medmnist,tissuemnist,nsga2,exp1_repeat_1,medmnist/NSGA/experiment_tissuemnist_nsga2/nsga2/exp1_repeat_1,101_12,front,46.6,126504,72782336,21192.3,16
C,C2_medmnist,tissuemnist,nsga2,exp1_repeat_1,medmnist/NSGA/experiment_tissuemnist_nsga2/nsga2/exp1_repeat_1,65_15,front,46.7,151208,65118208,21587.6,16
C,C2_medmnist,tissuemnist,nsga2,exp1_repeat_1,medmnist/NSGA/experiment_tissuemnist_nsga2/nsga2/exp1_repeat_1,101_2,strat10,47.1,158888,242053632,18879.1,13
C,C2_medmnist,tissuemnist,nsga2,exp1_repeat_1,medmnist/NSGA/experiment_tissuemnist_nsga2/nsga2/exp1_repeat_1,59_17,front,43.3,162312,138855936,12686.4,16
C,C2_medmnist,tissuemnist,nsga2,exp1_repeat_1,medmnist/NSGA/experiment_tissuemnist_nsga2/nsga2/exp1_repeat_1,78_1,front,44.4,170152,187311616,10478.4,17
C,C2_medmnist,tissuemnist,nsga2,exp1_repeat_1,medmnist/NSGA/experiment_tissuemnist_nsga2/nsga2/exp1_repeat_1,91_3,front,44.7,187272,213298688,13865.6,17
C,C2_medmnist,tissuemnist,nsga2,exp1_repeat_1,medmnist/NSGA/experiment_tissuemnist_nsga2/nsga2/exp1_repeat_1,81_2,front,45.8,195848,199052800,11230.9,18
C,C2_medmnist,tissuemnist,nsga2,exp1_repeat_1,medmnist/NSGA/experiment_tissuemnist_nsga2/nsga2/exp1_repeat_1,108_19,front,47.3,196968,129065984,25159.9,14
C,C2_medmnist,tissuemnist,nsga2,exp1_repeat_1,medmnist/NSGA/experiment_tissuemnist_nsga2/nsga2/exp1_repeat_1,24_12,front,46.4,214568,299324928,15755.3,18
C,C2_medmnist,tissuemnist,nsga2,exp1_repeat_1,medmnist/NSGA/experiment_tissuemnist_nsga2/nsga2/exp1_repeat_1,107_3,strat10,47.6,226152,232177664,23012.0,16
C,C2_medmnist,tissuemnist,nsga2,exp1_repeat_1,medmnist/NSGA/experiment_tissuemnist_nsga2/nsga2/exp1_repeat_1,117_1,knee,49.4,230856,182051840,26247.8,15
C,C2_medmnist,tissuemnist,nsga2,exp1_repeat_1,medmnist/NSGA/experiment_tissuemnist_nsga2/nsga2/exp1_repeat_1,75_1,front,46.3,242376,330989056,15143.4,16
C,C2_medmnist,tissuemnist,nsga2,exp1_repeat_1,medmnist/NSGA/experiment_tissuemnist_nsga2/nsga2/exp1_repeat_1,125_19,front,47.2,264232,220254208,15399.6,14
C,C2_medmnist,tissuemnist,nsga2,exp1_repeat_1,medmnist/NSGA/experiment_tissuemnist_nsga2/nsga2/exp1_repeat_1,98_11,front,47.8,269512,342807040,13514.7,17
C,C2_medmnist,tissuemnist,nsga2,exp1_repeat_1,medmnist/NSGA/experiment_tissuemnist_nsga2/nsga2/exp1_repeat_1,119_18,front,46.3,294952,390086656,11056.3,16
C,C2_medmnist,tissuemnist,nsga2,exp1_repeat_1,medmnist/NSGA/experiment_tissuemnist_nsga2/nsga2/exp1_repeat_1,147_8,strat10,48.5,297000,343924736,20141.0,16
C,C2_medmnist,tissuemnist,nsga2,exp1_repeat_1,medmnist/NSGA/experiment_tissuemnist_nsga2/nsga2/exp1_repeat_1,78_0,front,47.3,299848,187005952,11850.0,17
C,C2_medmnist,tissuemnist,nsga2,exp1_repeat_1,medmnist/NSGA/experiment_tissuemnist_nsga2/nsga2/exp1_repeat_1,44_7,front,45.4,318568,461343232,7182.3,18
C,C2_medmnist,tissuemnist,nsga2,exp1_repeat_1,medmnist/NSGA/experiment_tissuemnist_nsga2/nsga2/exp1_repeat_1,81_14,front,48.8,320488,495894016,11450.8,13
C,C2_medmnist,tissuemnist,nsga2,exp1_repeat_1,medmnist/NSGA/experiment_tissuemnist_nsga2/nsga2/exp1_repeat_1,133_0,front,49.4,369864,405326336,14476.3,16
C,C2_medmnist,tissuemnist,nsga2,exp1_repeat_1,medmnist/NSGA/experiment_tissuemnist_nsga2/nsga2/exp1_repeat_1,67_1,front,48.9,377192,533973504,12495.3,18
C,C2_medmnist,tissuemnist,nsga2,exp1_repeat_1,medmnist/NSGA/experiment_tissuemnist_nsga2/nsga2/exp1_repeat_1,4_13,strat10,46.5,378440,552513024,8512.6,18
C,C2_medmnist,tissuemnist,nsga2,exp1_repeat_1,medmnist/NSGA/experiment_tissuemnist_nsga2/nsga2/exp1_repeat_1,144_0,front,49.4,403784,465395712,8605.2,15
C,C2_medmnist,tissuemnist,nsga2,exp1_repeat_1,medmnist/NSGA/experiment_tissuemnist_nsga2/nsga2/exp1_repeat_1,48_7,front,45.9,444584,660018688,8352.9,16
C,C2_medmnist,tissuemnist,nsga2,exp1_repeat_1,medmnist/NSGA/experiment_tissuemnist_nsga2/nsga2/exp1_repeat_1,37_7,front,50.7,450376,352185856,17429.7,17
C,C2_medmnist,tissuemnist,nsga2,exp1_repeat_1,medmnist/NSGA/experiment_tissuemnist_nsga2/nsga2/exp1_repeat_1,116_9,front,52.6,485640,444810752,8267.5,17
C,C2_medmnist,tissuemnist,nsga2,exp1_repeat_1,medmnist/NSGA/experiment_tissuemnist_nsga2/nsga2/exp1_repeat_1,108_13,front,45.6,597256,929414656,4702.6,19
C,C2_medmnist,tissuemnist,nsga2,exp1_repeat_1,medmnist/NSGA/experiment_tissuemnist_nsga2/nsga2/exp1_repeat_1,120_2,front,43.9,628616,978935808,3823.4,15
C,C2_medmnist,tissuemnist,nsga2,exp1_repeat_1,medmnist/NSGA/experiment_tissuemnist_nsga2/nsga2/exp1_repeat_1,97_11,strat10,47.8,630760,950988800,7616.6,16
C,C2_medmnist,tissuemnist,nsga2,exp1_repeat_1,medmnist/NSGA/experiment_tissuemnist_nsga2/nsga2/exp1_repeat_1,116_8,front,47.4,692232,1061096960,4696.0,17
C,C2_medmnist,tissuemnist,nsga2,exp1_repeat_1,medmnist/NSGA/experiment_tissuemnist_nsga2/nsga2/exp1_repeat_1,59_9,front,50.0,715752,1113108992,7854.3,15
C,C2_medmnist,tissuemnist,nsga2,exp1_repeat_1,medmnist/NSGA/experiment_tissuemnist_nsga2/nsga2/exp1_repeat_1,28_12,front,47.7,738216,1133350400,7167.0,17
C,C2_medmnist,tissuemnist,nsga2,exp1_repeat_1,medmnist/NSGA/experiment_tissuemnist_nsga2/nsga2/exp1_repeat_1,18_10,front,49.4,811400,1130921472,7418.6,17
C,C2_medmnist,tissuemnist,nsga2,exp1_repeat_1,medmnist/NSGA/experiment_tissuemnist_nsga2/nsga2/exp1_repeat_1,17_8,front,48.8,821160,1263406592,5880.9,17
C,C2_medmnist,tissuemnist,nsga2,exp1_repeat_1,medmnist/NSGA/experiment_tissuemnist_nsga2/nsga2/exp1_repeat_1,116_11,strat10,50.7,881480,1064584704,6336.4,17
C,C2_medmnist,tissuemnist,nsga2,exp1_repeat_1,medmnist/NSGA/experiment_tissuemnist_nsga2/nsga2/exp1_repeat_1,12_17,front,44.2,889960,1370983936,3894.9,17
C,C2_medmnist,tissuemnist,nsga2,exp1_repeat_1,medmnist/NSGA/experiment_tissuemnist_nsga2/nsga2/exp1_repeat_1,132_13,front,43.5,970984,1468690944,3703.7,18
C,C2_medmnist,tissuemnist,nsga2,exp1_repeat_1,medmnist/NSGA/experiment_tissuemnist_nsga2/nsga2/exp1_repeat_1,17_19,front,49.4,1088168,1564442112,4207.0,17
C,C2_medmnist,tissuemnist,nsga2,exp1_repeat_1,medmnist/NSGA/experiment_tissuemnist_nsga2/nsga2/exp1_repeat_1,24_7,front,49.6,1117768,1632681472,5198.0,18
C,C2_medmnist,tissuemnist,nsga2,exp1_repeat_1,medmnist/NSGA/experiment_tissuemnist_nsga2/nsga2/exp1_repeat_1,21_5,front,50.6,1136104,1639906816,4798.7,17
C,C2_medmnist,tissuemnist,nsga2,exp1_repeat_1,medmnist/NSGA/experiment_tissuemnist_nsga2/nsga2/exp1_repeat_1,59_6,strat10,51.3,1239432,1509645824,5391.1,17
C,C2_medmnist,tissuemnist,nsga2,exp1_repeat_1,medmnist/NSGA/experiment_tissuemnist_nsga2/nsga2/exp1_repeat_1,85_1,front,47.8,1261512,1274630144,4182.1,17
C,C2_medmnist,tissuemnist,nsga2,exp1_repeat_1,medmnist/NSGA/experiment_tissuemnist_nsga2/nsga2/exp1_repeat_1,107_8,front,52.1,1269224,1512556032,5195.5,17
C,C2_medmnist,tissuemnist,nsga2,exp1_repeat_1,medmnist/NSGA/experiment_tissuemnist_nsga2/nsga2/exp1_repeat_1,139_3,front,49.6,1399368,2168983040,4312.6,14
C,C2_medmnist,tissuemnist,nsga2,exp1_repeat_1,medmnist/NSGA/experiment_tissuemnist_nsga2/nsga2/exp1_repeat_1,53_3,front,47.5,1454664,2271723008,4014.8,16
C,C2_medmnist,tissuemnist,nsga2,exp1_repeat_1,medmnist/NSGA/experiment_tissuemnist_nsga2/nsga2/exp1_repeat_1,73_4,front,47.2,1480168,2274979840,3825.2,16
C,C2_medmnist,tissuemnist,nsga2,exp1_repeat_1,medmnist/NSGA/experiment_tissuemnist_nsga2/nsga2/exp1_repeat_1,100_16,front,43.5,1501096,2169111040,3536.3,16
C,C2_medmnist,tissuemnist,nsga2,exp1_repeat_1,medmnist/NSGA/experiment_tissuemnist_nsga2/nsga2/exp1_repeat_1,89_2,front,48.2,1512456,2360603136,4190.9,16
C,C2_medmnist,tissuemnist,nsga2,exp1_repeat_1,medmnist/NSGA/experiment_tissuemnist_nsga2/nsga2/exp1_repeat_1,129_2,front,44.3,1525384,2342367232,3445.4,18
C,C2_medmnist,tissuemnist,nsga2,exp1_repeat_1,medmnist/NSGA/experiment_tissuemnist_nsga2/nsga2/exp1_repeat_1,70_3,front,51.5,1570952,1516273152,4173.3,17
C,C2_medmnist,tissuemnist,nsga2,exp1_repeat_1,medmnist/NSGA/experiment_tissuemnist_nsga2/nsga2/exp1_repeat_1,136_1,best_acc,53.3,1647560,2324307456,4106.0,17
C,C2_medmnist,tissuemnist,nsga2,exp1_repeat_1,medmnist/NSGA/experiment_tissuemnist_nsga2/nsga2/exp1_repeat_1,45_11,front,48.0,1724360,2677215744,3917.7,16
C,C2_medmnist,tissuemnist,nsga2,exp1_repeat_1,medmnist/NSGA/experiment_tissuemnist_nsga2/nsga2/exp1_repeat_1,95_1,front,49.9,1987016,2671274496,3873.3,16
C,C2_medmnist,tissuemnist,nsga2,exp1_repeat_1,medmnist/NSGA/experiment_tissuemnist_nsga2/nsga2/exp1_repeat_1,33_2,front,50.6,2071240,3220672000,3779.6,16
C,C2_medmnist,tissuemnist,nsga2,exp1_repeat_2,medmnist/NSGA/experiment_tissuemnist_nsga2/nsga2/exp1_repeat_2,138_10,strat10,44.8,72008,78643712,22980.1,14
C,C2_medmnist,tissuemnist,nsga2,exp1_repeat_2,medmnist/NSGA/experiment_tissuemnist_nsga2/nsga2/exp1_repeat_2,12_13,front,46.0,122024,90196480,22455.9,18
C,C2_medmnist,tissuemnist,nsga2,exp1_repeat_2,medmnist/NSGA/experiment_tissuemnist_nsga2/nsga2/exp1_repeat_2,49_12,front,46.9,136488,122183168,27734.9,15
C,C2_medmnist,tissuemnist,nsga2,exp1_repeat_2,medmnist/NSGA/experiment_tissuemnist_nsga2/nsga2/exp1_repeat_2,135_2,front,46.2,144328,181139968,15724.4,13
C,C2_medmnist,tissuemnist,nsga2,exp1_repeat_2,medmnist/NSGA/experiment_tissuemnist_nsga2/nsga2/exp1_repeat_2,107_4,front,44.8,165864,52384256,13751.6,13
C,C2_medmnist,tissuemnist,nsga2,exp1_repeat_2,medmnist/NSGA/experiment_tissuemnist_nsga2/nsga2/exp1_repeat_2,135_17,strat10,47.4,179336,205169664,10757.1,12
C,C2_medmnist,tissuemnist,nsga2,exp1_repeat_2,medmnist/NSGA/experiment_tissuemnist_nsga2/nsga2/exp1_repeat_2,93_19,front,44.7,195720,280794112,8972.6,17
C,C2_medmnist,tissuemnist,nsga2,exp1_repeat_2,medmnist/NSGA/experiment_tissuemnist_nsga2/nsga2/exp1_repeat_2,129_10,compact,48.8,250184,284648448,19784.4,12
C,C2_medmnist,tissuemnist,nsga2,exp1_repeat_2,medmnist/NSGA/experiment_tissuemnist_nsga2/nsga2/exp1_repeat_2,112_2,front,44.9,262248,332771840,7989.0,17
C,C2_medmnist,tissuemnist,nsga2,exp1_repeat_2,medmnist/NSGA/experiment_tissuemnist_nsga2/nsga2/exp1_repeat_2,48_8,front,49.1,281896,191074816,26773.7,15
C,C2_medmnist,tissuemnist,nsga2,exp1_repeat_2,medmnist/NSGA/experiment_tissuemnist_nsga2/nsga2/exp1_repeat_2,130_10,knee,50.3,290056,336653824,21148.1,18
C,C2_medmnist,tissuemnist,nsga2,exp1_repeat_2,medmnist/NSGA/experiment_tissuemnist_nsga2/nsga2/exp1_repeat_2,61_12,front,46.6,290856,431705088,8007.0,17
C,C2_medmnist,tissuemnist,nsga2,exp1_repeat_2,medmnist/NSGA/experiment_tissuemnist_nsga2/nsga2/exp1_repeat_2,80_15,front,48.4,314344,478286848,18840.5,17
C,C2_medmnist,tissuemnist,nsga2,exp1_repeat_2,medmnist/NSGA/experiment_tissuemnist_nsga2/nsga2/exp1_repeat_2,59_8,front,48.6,320232,189168128,15723.4,15
C,C2_medmnist,tissuemnist,nsga2,exp1_repeat_2,medmnist/NSGA/experiment_tissuemnist_nsga2/nsga2/exp1_repeat_2,116_17,front,48.3,361640,487719936,11149.4,18
C,C2_medmnist,tissuemnist,nsga2,exp1_repeat_2,medmnist/NSGA/experiment_tissuemnist_nsga2/nsga2/exp1_repeat_2,16_5,front,49.2,389288,592487424,17353.5,17
C,C2_medmnist,tissuemnist,nsga2,exp1_repeat_2,medmnist/NSGA/experiment_tissuemnist_nsga2/nsga2/exp1_repeat_2,93_18,strat10,45.3,403656,386114048,7398.4,17
C,C2_medmnist,tissuemnist,nsga2,exp1_repeat_2,medmnist/NSGA/experiment_tissuemnist_nsga2/nsga2/exp1_repeat_2,42_14,front,50.0,408872,553049088,11432.4,18
C,C2_medmnist,tissuemnist,nsga2,exp1_repeat_2,medmnist/NSGA/experiment_tissuemnist_nsga2/nsga2/exp1_repeat_2,91_6,front,47.7,436808,605729280,9798.8,19
C,C2_medmnist,tissuemnist,nsga2,exp1_repeat_2,medmnist/NSGA/experiment_tissuemnist_nsga2/nsga2/exp1_repeat_2,59_15,front,48.2,473864,663532032,9231.5,19
C,C2_medmnist,tissuemnist,nsga2,exp1_repeat_2,medmnist/NSGA/experiment_tissuemnist_nsga2/nsga2/exp1_repeat_2,5_16,front,46.9,509032,699704320,8761.2,19
C,C2_medmnist,tissuemnist,nsga2,exp1_repeat_2,medmnist/NSGA/experiment_tissuemnist_nsga2/nsga2/exp1_repeat_2,70_9,strat10,46.7,536808,759062528,8210.7,14
C,C2_medmnist,tissuemnist,nsga2,exp1_repeat_2,medmnist/NSGA/experiment_tissuemnist_nsga2/nsga2/exp1_repeat_2,14_17,front,51.2,558280,785966080,7974.5,19
C,C2_medmnist,tissuemnist,nsga2,exp1_repeat_2,medmnist/NSGA/experiment_tissuemnist_nsga2/nsga2/exp1_repeat_2,53_9,front,48.8,568616,802022400,4745.7,19
C,C2_medmnist,tissuemnist,nsga2,exp1_repeat_2,medmnist/NSGA/experiment_tissuemnist_nsga2/nsga2/exp1_repeat_2,112_5,front,44.7,596936,927808512,3919.1,15
C,C2_medmnist,tissuemnist,nsga2,exp1_repeat_2,medmnist/NSGA/experiment_tissuemnist_nsga2/nsga2/exp1_repeat_2,78_7,front,51.6,726024,661758976,7430.6,19
C,C2_medmnist,tissuemnist,nsga2,exp1_repeat_2,medmnist/NSGA/experiment_tissuemnist_nsga2/nsga2/exp1_repeat_2,141_13,strat10,51.8,840360,796545536,10508.9,19
C,C2_medmnist,tissuemnist,nsga2,exp1_repeat_2,medmnist/NSGA/experiment_tissuemnist_nsga2/nsga2/exp1_repeat_2,12_16,front,49.2,845480,1276185600,6190.1,16
C,C2_medmnist,tissuemnist,nsga2,exp1_repeat_2,medmnist/NSGA/experiment_tissuemnist_nsga2/nsga2/exp1_repeat_2,11_19,front,49.0,891656,1248789504,4983.9,18
C,C2_medmnist,tissuemnist,nsga2,exp1_repeat_2,medmnist/NSGA/experiment_tissuemnist_nsga2/nsga2/exp1_repeat_2,147_6,front,45.3,992040,1545826304,3875.0,17
C,C2_medmnist,tissuemnist,nsga2,exp1_repeat_2,medmnist/NSGA/experiment_tissuemnist_nsga2/nsga2/exp1_repeat_2,5_17,front,49.2,1050184,1547478016,5445.3,19
C,C2_medmnist,tissuemnist,nsga2,exp1_repeat_2,medmnist/NSGA/experiment_tissuemnist_nsga2/nsga2/exp1_repeat_2,141_16,strat10,50.5,1056616,1507296256,6386.8,18
C,C2_medmnist,tissuemnist,nsga2,exp1_repeat_2,medmnist/NSGA/experiment_tissuemnist_nsga2/nsga2/exp1_repeat_2,21_19,front,51.7,1091976,1597211648,4859.0,19
C,C2_medmnist,tissuemnist,nsga2,exp1_repeat_2,medmnist/NSGA/experiment_tissuemnist_nsga2/nsga2/exp1_repeat_2,70_6,front,48.6,1230888,1887429632,4464.5,17
C,C2_medmnist,tissuemnist,nsga2,exp1_repeat_2,medmnist/NSGA/experiment_tissuemnist_nsga2/nsga2/exp1_repeat_2,70_17,front,51.8,1293000,1362689024,6070.8,17
C,C2_medmnist,tissuemnist,nsga2,exp1_repeat_2,medmnist/NSGA/experiment_tissuemnist_nsga2/nsga2/exp1_repeat_2,107_15,front,52.3,1355240,976333824,10731.1,15
C,C2_medmnist,tissuemnist,nsga2,exp1_repeat_2,medmnist/NSGA/experiment_tissuemnist_nsga2/nsga2/exp1_repeat_2,91_11,front,52.3,1473416,1643774976,5071.0,18
C,C2_medmnist,tissuemnist,nsga2,exp1_repeat_2,medmnist/NSGA/experiment_tissuemnist_nsga2/nsga2/exp1_repeat_2,9_19,strat10,46.2,1534440,2241161216,4338.4,16
C,C2_medmnist,tissuemnist,nsga2,exp1_repeat_2,medmnist/NSGA/experiment_tissuemnist_nsga2/nsga2/exp1_repeat_2,23_1,front,47.1,1597544,2339205120,4348.1,17
C,C2_medmnist,tissuemnist,nsga2,exp1_repeat_2,medmnist/NSGA/experiment_tissuemnist_nsga2/nsga2/exp1_repeat_2,64_4,front,51.1,1635304,1843575808,4757.7,17
C,C2_medmnist,tissuemnist,nsga2,exp1_repeat_2,medmnist/NSGA/experiment_tissuemnist_nsga2/nsga2/exp1_repeat_2,110_14,front,51.4,1730056,1904690176,4719.2,16
C,C2_medmnist,tissuemnist,nsga2,exp1_repeat_2,medmnist/NSGA/experiment_tissuemnist_nsga2/nsga2/exp1_repeat_2,68_9,front,49.7,1826504,2057124864,4378.0,17
C,C2_medmnist,tissuemnist,nsga2,exp1_repeat_2,medmnist/NSGA/experiment_tissuemnist_nsga2/nsga2/exp1_repeat_2,79_6,front,49.8,2184744,2615985152,4076.4,18
C,C2_medmnist,tissuemnist,nsga2,exp1_repeat_2,medmnist/NSGA/experiment_tissuemnist_nsga2/nsga2/exp1_repeat_2,145_16,front,50.4,2334408,3074945024,4394.7,17
C,C2_medmnist,tissuemnist,nsga2,exp1_repeat_2,medmnist/NSGA/experiment_tissuemnist_nsga2/nsga2/exp1_repeat_2,129_18,front,52.8,2422568,2990247936,5446.6,17
C,C2_medmnist,tissuemnist,nsga2,exp1_repeat_2,medmnist/NSGA/experiment_tissuemnist_nsga2/nsga2/exp1_repeat_2,140_2,front,53.4,2684776,3732861952,4401.7,17
C,C2_medmnist,tissuemnist,nsga2,exp1_repeat_2,medmnist/NSGA/experiment_tissuemnist_nsga2/nsga2/exp1_repeat_2,81_5,best_acc,53.7,2888040,3719204864,3959.7,17
C,C2_medmnist,tissuemnist,nsga2,exp1_repeat_2,medmnist/NSGA/experiment_tissuemnist_nsga2/nsga2/exp1_repeat_2,117_0,front,50.8,2893160,3727233024,3907.4,17
C,C2_medmnist,tissuemnist,nsga2,exp1_repeat_3,medmnist/NSGA/experiment_tissuemnist_nsga2/nsga2/exp1_repeat_3,137_7,strat10,46.2,18024,4817408,11923.8,14
C,C2_medmnist,tissuemnist,nsga2,exp1_repeat_3,medmnist/NSGA/experiment_tissuemnist_nsga2/nsga2/exp1_repeat_3,29_0,front,46.3,154856,172630528,25248.1,16
C,C2_medmnist,tissuemnist,nsga2,exp1_repeat_3,medmnist/NSGA/experiment_tissuemnist_nsga2/nsga2/exp1_repeat_3,140_16,front,47.5,166152,232376320,16322.1,14
C,C2_medmnist,tissuemnist,nsga2,exp1_repeat_3,medmnist/NSGA/experiment_tissuemnist_nsga2/nsga2/exp1_repeat_3,84_10,front,46.9,214504,215008768,16192.5,15
C,C2_medmnist,tissuemnist,nsga2,exp1_repeat_3,medmnist/NSGA/experiment_tissuemnist_nsga2/nsga2/exp1_repeat_3,137_13,strat10,43.9,216328,312256512,9739.0,14
C,C2_medmnist,tissuemnist,nsga2,exp1_repeat_3,medmnist/NSGA/experiment_tissuemnist_nsga2/nsga2/exp1_repeat_3,118_12,front,44.9,224872,324148224,10272.0,14
C,C2_medmnist,tissuemnist,nsga2,exp1_repeat_3,medmnist/NSGA/experiment_tissuemnist_nsga2/nsga2/exp1_repeat_3,73_15,front,46.9,244104,351950336,15684.9,15
C,C2_medmnist,tissuemnist,nsga2,exp1_repeat_3,medmnist/NSGA/experiment_tissuemnist_nsga2/nsga2/exp1_repeat_3,26_2,compact,48.2,267432,300287488,22469.1,17
C,C2_medmnist,tissuemnist,nsga2,exp1_repeat_3,medmnist/NSGA/experiment_tissuemnist_nsga2/nsga2/exp1_repeat_3,27_3,strat10,48.5,270600,300310016,24454.4,17
C,C2_medmnist,tissuemnist,nsga2,exp1_repeat_3,medmnist/NSGA/experiment_tissuemnist_nsga2/nsga2/exp1_repeat_3,107_4,front,48.4,285416,356454912,18257.8,14
C,C2_medmnist,tissuemnist,nsga2,exp1_repeat_3,medmnist/NSGA/experiment_tissuemnist_nsga2/nsga2/exp1_repeat_3,126_0,front,46.5,309640,370114048,15002.4,15
C,C2_medmnist,tissuemnist,nsga2,exp1_repeat_3,medmnist/NSGA/experiment_tissuemnist_nsga2/nsga2/exp1_repeat_3,23_17,front,48.7,317416,215188992,29013.7,18
C,C2_medmnist,tissuemnist,nsga2,exp1_repeat_3,medmnist/NSGA/experiment_tissuemnist_nsga2/nsga2/exp1_repeat_3,83_16,strat10,47.9,321000,381994496,8366.9,15
C,C2_medmnist,tissuemnist,nsga2,exp1_repeat_3,medmnist/NSGA/experiment_tissuemnist_nsga2/nsga2/exp1_repeat_3,145_9,front,48.2,335144,326696448,18022.6,16
C,C2_medmnist,tissuemnist,nsga2,exp1_repeat_3,medmnist/NSGA/experiment_tissuemnist_nsga2/nsga2/exp1_repeat_3,145_3,knee,50.4,343784,340093440,14818.2,16
C,C2_medmnist,tissuemnist,nsga2,exp1_repeat_3,medmnist/NSGA/experiment_tissuemnist_nsga2/nsga2/exp1_repeat_3,29_5,front,46.5,404936,598804992,8122.4,16
C,C2_medmnist,tissuemnist,nsga2,exp1_repeat_3,medmnist/NSGA/experiment_tissuemnist_nsga2/nsga2/exp1_repeat_3,71_9,strat10,50.0,528008,671806464,6725.7,15
C,C2_medmnist,tissuemnist,nsga2,exp1_repeat_3,medmnist/NSGA/experiment_tissuemnist_nsga2/nsga2/exp1_repeat_3,104_9,front,44.4,693160,1031166976,6149.7,14
C,C2_medmnist,tissuemnist,nsga2,exp1_repeat_3,medmnist/NSGA/experiment_tissuemnist_nsga2/nsga2/exp1_repeat_3,81_6,front,47.4,694088,931918848,5786.5,15
C,C2_medmnist,tissuemnist,nsga2,exp1_repeat_3,medmnist/NSGA/experiment_tissuemnist_nsga2/nsga2/exp1_repeat_3,71_3,front,46.6,779656,1166040064,5052.3,13
C,C2_medmnist,tissuemnist,nsga2,exp1_repeat_3,medmnist/NSGA/experiment_tissuemnist_nsga2/nsga2/exp1_repeat_3,119_14,front,50.9,810728,1109683712,9671.9,16
C,C2_medmnist,tissuemnist,nsga2,exp1_repeat_3,medmnist/NSGA/experiment_tissuemnist_nsga2/nsga2/exp1_repeat_3,104_4,strat10,51.1,873416,1208430080,8796.4,17
C,C2_medmnist,tissuemnist,nsga2,exp1_repeat_3,medmnist/NSGA/experiment_tissuemnist_nsga2/nsga2/exp1_repeat_3,77_10,front,47.6,937544,1416317952,6212.1,14
C,C2_medmnist,tissuemnist,nsga2,exp1_repeat_3,medmnist/NSGA/experiment_tissuemnist_nsga2/nsga2/exp1_repeat_3,131_11,front,47.3,978696,1488747008,5390.7,14
C,C2_medmnist,tissuemnist,nsga2,exp1_repeat_3,medmnist/NSGA/experiment_tissuemnist_nsga2/nsga2/exp1_repeat_3,144_4,front,51.3,1027656,1411049984,5671.0,17
C,C2_medmnist,tissuemnist,nsga2,exp1_repeat_3,medmnist/NSGA/experiment_tissuemnist_nsga2/nsga2/exp1_repeat_3,133_4,strat10,48.4,1038056,1471561728,5498.6,15
C,C2_medmnist,tissuemnist,nsga2,exp1_repeat_3,medmnist/NSGA/experiment_tissuemnist_nsga2/nsga2/exp1_repeat_3,36_4,front,48.2,1149960,1704262144,5008.3,16
C,C2_medmnist,tissuemnist,nsga2,exp1_repeat_3,medmnist/NSGA/experiment_tissuemnist_nsga2/nsga2/exp1_repeat_3,15_13,front,44.8,1246600,1868558848,4595.3,16
C,C2_medmnist,tissuemnist,nsga2,exp1_repeat_3,medmnist/NSGA/experiment_tissuemnist_nsga2/nsga2/exp1_repeat_3,70_15,front,52.4,1291080,1077429248,8211.4,16
C,C2_medmnist,tissuemnist,nsga2,exp1_repeat_3,medmnist/NSGA/experiment_tissuemnist_nsga2/nsga2/exp1_repeat_3,15_6,front,47.2,1383720,2129172992,4893.2,16
C,C2_medmnist,tissuemnist,nsga2,exp1_repeat_3,medmnist/NSGA/experiment_tissuemnist_nsga2/nsga2/exp1_repeat_3,26_4,front,49.0,1456232,2217804288,5371.5,14
C,C2_medmnist,tissuemnist,nsga2,exp1_repeat_3,medmnist/NSGA/experiment_tissuemnist_nsga2/nsga2/exp1_repeat_3,127_12,front,46.7,1478248,2200021504,4360.0,14
C,C2_medmnist,tissuemnist,nsga2,exp1_repeat_3,medmnist/NSGA/experiment_tissuemnist_nsga2/nsga2/exp1_repeat_3,84_2,front,49.2,1616264,2004271616,5499.8,14
C,C2_medmnist,tissuemnist,nsga2,exp1_repeat_3,medmnist/NSGA/experiment_tissuemnist_nsga2/nsga2/exp1_repeat_3,7_14,front,49.0,1746664,1933263872,4221.5,16
C,C2_medmnist,tissuemnist,nsga2,exp1_repeat_3,medmnist/NSGA/experiment_tissuemnist_nsga2/nsga2/exp1_repeat_3,45_7,front,50.0,2038472,2389765120,5657.4,17
C,C2_medmnist,tissuemnist,nsga2,exp1_repeat_3,medmnist/NSGA/experiment_tissuemnist_nsga2/nsga2/exp1_repeat_3,149_3,best_acc,52.7,2329704,1952608256,11095.0,16
C,C2_medmnist,tissuemnist,nsga2,exp1_repeat_3,medmnist/NSGA/experiment_tissuemnist_nsga2/nsga2/exp1_repeat_3,144_16,front,52.7,2448232,2131358720,6854.7,17
C,C2_medmnist,tissuemnist,nsga2,exp1_repeat_3,medmnist/NSGA/experiment_tissuemnist_nsga2/nsga2/exp1_repeat_3,140_14,front,50.1,2800872,2683696128,4618.5,17
C,C2_medmnist,tissuemnist,nsga3,exp1_repeat_1,medmnist/NSGA/experiment_tissuemnist_nsga3/nsga3/exp1_repeat_1,138_19,strat10,44.2,87176,99052032,31111.6,13
C,C2_medmnist,tissuemnist,nsga3,exp1_repeat_1,medmnist/NSGA/experiment_tissuemnist_nsga3/nsga3/exp1_repeat_1,111_5,front,43.3,97288,95790592,29727.8,15
C,C2_medmnist,tissuemnist,nsga3,exp1_repeat_1,medmnist/NSGA/experiment_tissuemnist_nsga3/nsga3/exp1_repeat_1,114_14,front,43.8,98760,87028224,26474.4,15
C,C2_medmnist,tissuemnist,nsga3,exp1_repeat_1,medmnist/NSGA/experiment_tissuemnist_nsga3/nsga3/exp1_repeat_1,126_2,front,45.1,102664,100456960,32212.7,14
C,C2_medmnist,tissuemnist,nsga3,exp1_repeat_1,medmnist/NSGA/experiment_tissuemnist_nsga3/nsga3/exp1_repeat_1,125_19,front,45.6,106952,86708736,30296.9,15
C,C2_medmnist,tissuemnist,nsga3,exp1_repeat_1,medmnist/NSGA/experiment_tissuemnist_nsga3/nsga3/exp1_repeat_1,143_8,front,46.3,108872,62807552,32581.1,14
C,C2_medmnist,tissuemnist,nsga3,exp1_repeat_1,medmnist/NSGA/experiment_tissuemnist_nsga3/nsga3/exp1_repeat_1,121_14,front,43.2,110568,93500416,24406.0,17
C,C2_medmnist,tissuemnist,nsga3,exp1_repeat_1,medmnist/NSGA/experiment_tissuemnist_nsga3/nsga3/exp1_repeat_1,119_9,front,43.7,123336,81957376,26093.7,15
C,C2_medmnist,tissuemnist,nsga3,exp1_repeat_1,medmnist/NSGA/experiment_tissuemnist_nsga3/nsga3/exp1_repeat_1,119_2,strat10,44.4,123784,115577856,24735.4,17
C,C2_medmnist,tissuemnist,nsga3,exp1_repeat_1,medmnist/NSGA/experiment_tissuemnist_nsga3/nsga3/exp1_repeat_1,98_5,front,47.0,125000,127269376,20095.6,15
C,C2_medmnist,tissuemnist,nsga3,exp1_repeat_1,medmnist/NSGA/experiment_tissuemnist_nsga3/nsga3/exp1_repeat_1,135_16,front,43.4,133384,160588288,14401.0,15
C,C2_medmnist,tissuemnist,nsga3,exp1_repeat_1,medmnist/NSGA/experiment_tissuemnist_nsga3/nsga3/exp1_repeat_1,110_7,front,44.9,139624,149748224,18382.4,15
C,C2_medmnist,tissuemnist,nsga3,exp1_repeat_1,medmnist/NSGA/experiment_tissuemnist_nsga3/nsga3/exp1_repeat_1,97_3,compact,49.3,140616,122049536,25765.6,15
C,C2_medmnist,tissuemnist,nsga3,exp1_repeat_1,medmnist/NSGA/experiment_tissuemnist_nsga3/nsga3/exp1_repeat_1,135_14,knee,50.1,150504,123838976,20407.4,13
C,C2_medmnist,tissuemnist,nsga3,exp1_repeat_1,medmnist/NSGA/experiment_tissuemnist_nsga3/nsga3/exp1_repeat_1,133_4,front,44.6,153288,166403584,17153.3,18
C,C2_medmnist,tissuemnist,nsga3,exp1_repeat_1,medmnist/NSGA/experiment_tissuemnist_nsga3/nsga3/exp1_repeat_1,141_19,strat10,44.5,173320,263930368,17063.1,18
C,C2_medmnist,tissuemnist,nsga3,exp1_repeat_1,medmnist/NSGA/experiment_tissuemnist_nsga3/nsga3/exp1_repeat_1,133_18,front,46.5,174056,160768512,15529.6,13
C,C2_medmnist,tissuemnist,nsga3,exp1_repeat_1,medmnist/NSGA/experiment_tissuemnist_nsga3/nsga3/exp1_repeat_1,142_8,front,48.2,191848,188064256,19410.5,15
C,C2_medmnist,tissuemnist,nsga3,exp1_repeat_1,medmnist/NSGA/experiment_tissuemnist_nsga3/nsga3/exp1_repeat_1,131_11,front,49.7,221640,236247552,16054.7,18
C,C2_medmnist,tissuemnist,nsga3,exp1_repeat_1,medmnist/NSGA/experiment_tissuemnist_nsga3/nsga3/exp1_repeat_1,114_1,front,44.3,233192,286308864,14847.9,17
C,C2_medmnist,tissuemnist,nsga3,exp1_repeat_1,medmnist/NSGA/experiment_tissuemnist_nsga3/nsga3/exp1_repeat_1,146_17,front,44.2,248840,364503552,13783.8,18
C,C2_medmnist,tissuemnist,nsga3,exp1_repeat_1,medmnist/NSGA/experiment_tissuemnist_nsga3/nsga3/exp1_repeat_1,76_3,front,45.6,261480,313100800,14740.5,17
C,C2_medmnist,tissuemnist,nsga3,exp1_repeat_1,medmnist/NSGA/experiment_tissuemnist_nsga3/nsga3/exp1_repeat_1,90_0,front,48.1,262856,313119744,12323.0,17
C,C2_medmnist,tissuemnist,nsga3,exp1_repeat_1,medmnist/NSGA/experiment_tissuemnist_nsga3/nsga3/exp1_repeat_1,110_0,strat10,43.3,272968,356872192,9854.3,19
C,C2_medmnist,tissuemnist,nsga3,exp1_repeat_1,medmnist/NSGA/experiment_tissuemnist_nsga3/nsga3/exp1_repeat_1,114_3,front,48.6,278152,356956672,8776.2,17
C,C2_medmnist,tissuemnist,nsga3,exp1_repeat_1,medmnist/NSGA/experiment_tissuemnist_nsga3/nsga3/exp1_repeat_1,91_17,front,49.2,315112,414759424,13791.4,17
C,C2_medmnist,tissuemnist,nsga3,exp1_repeat_1,medmnist/NSGA/experiment_tissuemnist_nsga3/nsga3/exp1_repeat_1,78_19,front,50.4,331944,433926656,28719.2,17
C,C2_medmnist,tissuemnist,nsga3,exp1_repeat_1,medmnist/NSGA/experiment_tissuemnist_nsga3/nsga3/exp1_repeat_1,45_10,front,51.4,371592,279704576,27246.7,16
C,C2_medmnist,tissuemnist,nsga3,exp1_repeat_1,medmnist/NSGA/experiment_tissuemnist_nsga3/nsga3/exp1_repeat_1,146_12,front,50.3,373672,522838528,12224.9,16
C,C2_medmnist,tissuemnist,nsga3,exp1_repeat_1,medmnist/NSGA/experiment_tissuemnist_nsga3/nsga3/exp1_repeat_1,71_19,front,50.7,379816,248064512,22089.1,18
C,C2_medmnist,tissuemnist,nsga3,exp1_repeat_1,medmnist/NSGA/experiment_tissuemnist_nsga3/nsga3/exp1_repeat_1,93_2,strat10,49.9,384872,575242752,10705.3,20
C,C2_medmnist,tissuemnist,nsga3,exp1_repeat_1,medmnist/NSGA/experiment_tissuemnist_nsga3/nsga3/exp1_repeat_1,135_9,front,50.2,386632,542106112,7601.0,17
C,C2_medmnist,tissuemnist,nsga3,exp1_repeat_1,medmnist/NSGA/experiment_tissuemnist_nsga3/nsga3/exp1_repeat_1,135_8,front,51.1,399848,515445248,8327.6,17
C,C2_medmnist,tissuemnist,nsga3,exp1_repeat_1,medmnist/NSGA/experiment_tissuemnist_nsga3/nsga3/exp1_repeat_1,110_17,front,47.9,402248,515482624,7202.9,17
C,C2_medmnist,tissuemnist,nsga3,exp1_repeat_1,medmnist/NSGA/experiment_tissuemnist_nsga3/nsga3/exp1_repeat_1,98_19,front,45.3,403752,553968128,5436.3,16
C,C2_medmnist,tissuemnist,nsga3,exp1_repeat_1,medmnist/NSGA/experiment_tissuemnist_nsga3/nsga3/exp1_repeat_1,66_3,front,46.8,447880,672383488,6414.3,20
C,C2_medmnist,tissuemnist,nsga3,exp1_repeat_1,medmnist/NSGA/experiment_tissuemnist_nsga3/nsga3/exp1_repeat_1,134_14,front,47.3,448264,651911680,5153.5,18
C,C2_medmnist,tissuemnist,nsga3,exp1_repeat_1,medmnist/NSGA/experiment_tissuemnist_nsga3/nsga3/exp1_repeat_1,101_4,front,46.8,456456,687636992,5101.4,20
C,C2_medmnist,tissuemnist,nsga3,exp1_repeat_1,medmnist/NSGA/experiment_tissuemnist_nsga3/nsga3/exp1_repeat_1,101_1,strat10,49.1,462504,660922880,5781.5,17
C,C2_medmnist,tissuemnist,nsga3,exp1_repeat_1,medmnist/NSGA/experiment_tissuemnist_nsga3/nsga3/exp1_repeat_1,104_13,front,46.3,462888,698475008,4745.4,20
C,C2_medmnist,tissuemnist,nsga3,exp1_repeat_1,medmnist/NSGA/experiment_tissuemnist_nsga3/nsga3/exp1_repeat_1,132_2,front,49.9,467784,610880512,7427.2,17
C,C2_medmnist,tissuemnist,nsga3,exp1_repeat_1,medmnist/NSGA/experiment_tissuemnist_nsga3/nsga3/exp1_repeat_1,114_6,front,48.1,469000,672162304,4297.2,16
C,C2_medmnist,tissuemnist,nsga3,exp1_repeat_1,medmnist/NSGA/experiment_tissuemnist_nsga3/nsga3/exp1_repeat_1,90_1,front,50.5,501224,721936896,5578.6,16
C,C2_medmnist,tissuemnist,nsga3,exp1_repeat_1,medmnist/NSGA/experiment_tissuemnist_nsga3/nsga3/exp1_repeat_1,102_5,front,48.6,524232,791200256,5119.6,20
C,C2_medmnist,tissuemnist,nsga3,exp1_repeat_1,medmnist/NSGA/experiment_tissuemnist_nsga3/nsga3/exp1_repeat_1,122_15,front,51.3,533064,650500608,10804.7,17
C,C2_medmnist,tissuemnist,nsga3,exp1_repeat_1,medmnist/NSGA/experiment_tissuemnist_nsga3/nsga3/exp1_repeat_1,134_13,strat10,46.4,570792,599126528,3797.4,17
C,C2_medmnist,tissuemnist,nsga3,exp1_repeat_1,medmnist/NSGA/experiment_tissuemnist_nsga3/nsga3/exp1_repeat_1,38_19,front,51.7,612904,714916864,20571.6,20
C,C2_medmnist,tissuemnist,nsga3,exp1_repeat_1,medmnist/NSGA/experiment_tissuemnist_nsga3/nsga3/exp1_repeat_1,90_19,front,49.5,698024,1053319680,4203.2,16
C,C2_medmnist,tissuemnist,nsga3,exp1_repeat_1,medmnist/NSGA/experiment_tissuemnist_nsga3/nsga3/exp1_repeat_1,55_17,front,51.2,808360,897954304,8009.0,20
C,C2_medmnist,tissuemnist,nsga3,exp1_repeat_1,medmnist/NSGA/experiment_tissuemnist_nsga3/nsga3/exp1_repeat_1,64_8,front,49.8,820008,1248805376,4993.5,20
C,C2_medmnist,tissuemnist,nsga3,exp1_repeat_1,medmnist/NSGA/experiment_tissuemnist_nsga3/nsga3/exp1_repeat_1,74_17,front,51.3,843528,811450880,6290.0,16
C,C2_medmnist,tissuemnist,nsga3,exp1_repeat_1,medmnist/NSGA/experiment_tissuemnist_nsga3/nsga3/exp1_repeat_1,61_3,front,49.9,996584,1372819968,5296.9,20
C,C2_medmnist,tissuemnist,nsga3,exp1_repeat_1,medmnist/NSGA/experiment_tissuemnist_nsga3/nsga3/exp1_repeat_1,72_14,front,47.2,1002728,1530192384,4186.7,16
C,C2_medmnist,tissuemnist,nsga3,exp1_repeat_1,medmnist/NSGA/experiment_tissuemnist_nsga3/nsga3/exp1_repeat_1,67_17,front,50.0,1047976,1213159936,4328.3,17
C,C2_medmnist,tissuemnist,nsga3,exp1_repeat_1,medmnist/NSGA/experiment_tissuemnist_nsga3/nsga3/exp1_repeat_1,115_19,front,50.9,1098888,1606238720,4137.1,16
C,C2_medmnist,tissuemnist,nsga3,exp1_repeat_1,medmnist/NSGA/experiment_tissuemnist_nsga3/nsga3/exp1_repeat_1,75_8,front,51.6,1118920,1186591232,9206.2,18
C,C2_medmnist,tissuemnist,nsga3,exp1_repeat_1,medmnist/NSGA/experiment_tissuemnist_nsga3/nsga3/exp1_repeat_1,82_3,front,47.9,1130568,1696776704,3849.1,17
C,C2_medmnist,tissuemnist,nsga3,exp1_repeat_1,medmnist/NSGA/experiment_tissuemnist_nsga3/nsga3/exp1_repeat_1,126_18,front,51.6,1195688,1839456768,4616.0,14
C,C2_medmnist,tissuemnist,nsga3,exp1_repeat_1,medmnist/NSGA/experiment_tissuemnist_nsga3/nsga3/exp1_repeat_1,106_6,front,46.8,1240584,1846952448,3083.1,17
C,C2_medmnist,tissuemnist,nsga3,exp1_repeat_1,medmnist/NSGA/experiment_tissuemnist_nsga3/nsga3/exp1_repeat_1,86_6,front,48.3,1257608,1892141568,4105.7,19
C,C2_medmnist,tissuemnist,nsga3,exp1_repeat_1,medmnist/NSGA/experiment_tissuemnist_nsga3/nsga3/exp1_repeat_1,144_17,front,51.5,1285064,1899667968,3831.6,15
C,C2_medmnist,tissuemnist,nsga3,exp1_repeat_1,medmnist/NSGA/experiment_tissuemnist_nsga3/nsga3/exp1_repeat_1,111_0,front,49.1,1471720,2242470400,3550.0,16
C,C2_medmnist,tissuemnist,nsga3,exp1_repeat_1,medmnist/NSGA/experiment_tissuemnist_nsga3/nsga3/exp1_repeat_1,130_4,front,47.1,1496008,2308735488,3246.4,14
C,C2_medmnist,tissuemnist,nsga3,exp1_repeat_1,medmnist/NSGA/experiment_tissuemnist_nsga3/nsga3/exp1_repeat_1,112_14,front,50.6,1506344,2297061888,3359.6,16
C,C2_medmnist,tissuemnist,nsga3,exp1_repeat_1,medmnist/NSGA/experiment_tissuemnist_nsga3/nsga3/exp1_repeat_1,143_17,front,51.6,1523752,2273780224,3554.3,15
C,C2_medmnist,tissuemnist,nsga3,exp1_repeat_1,medmnist/NSGA/experiment_tissuemnist_nsga3/nsga3/exp1_repeat_1,71_8,front,52.4,1759688,2164597248,4910.8,18
C,C2_medmnist,tissuemnist,nsga3,exp1_repeat_1,medmnist/NSGA/experiment_tissuemnist_nsga3/nsga3/exp1_repeat_1,72_19,front,52.2,1768520,2214906368,3822.6,18
C,C2_medmnist,tissuemnist,nsga3,exp1_repeat_1,medmnist/NSGA/experiment_tissuemnist_nsga3/nsga3/exp1_repeat_1,48_18,best_acc,53.0,2390472,2359738880,5299.3,17
C,C2_medmnist,tissuemnist,nsga3,exp1_repeat_1,medmnist/NSGA/experiment_tissuemnist_nsga3/nsga3/exp1_repeat_1,37_12,front,52.7,2476008,3280716800,4349.1,17
C,C2_medmnist,tissuemnist,nsga3,exp1_repeat_2,medmnist/NSGA/experiment_tissuemnist_nsga3/nsga3/exp1_repeat_2,149_7,strat10,43.3,87336,128204288,24869.9,17
C,C2_medmnist,tissuemnist,nsga3,exp1_repeat_2,medmnist/NSGA/experiment_tissuemnist_nsga3/nsga3/exp1_repeat_2,85_1,front,44.4,89544,128027136,24410.7,15
C,C2_medmnist,tissuemnist,nsga3,exp1_repeat_2,medmnist/NSGA/experiment_tissuemnist_nsga3/nsga3/exp1_repeat_2,147_12,front,43.7,93480,134230016,23587.8,16
C,C2_medmnist,tissuemnist,nsga3,exp1_repeat_2,medmnist/NSGA/experiment_tissuemnist_nsga3/nsga3/exp1_repeat_2,149_13,knee,47.7,117224,174767616,23758.6,16
C,C2_medmnist,tissuemnist,nsga3,exp1_repeat_2,medmnist/NSGA/experiment_tissuemnist_nsga3/nsga3/exp1_repeat_2,57_13,front,44.4,125896,152698880,22781.2,16
C,C2_medmnist,tissuemnist,nsga3,exp1_repeat_2,medmnist/NSGA/experiment_tissuemnist_nsga3/nsga3/exp1_repeat_2,39_18,front,43.2,127432,163875328,21073.2,17
C,C2_medmnist,tissuemnist,nsga3,exp1_repeat_2,medmnist/NSGA/experiment_tissuemnist_nsga3/nsga3/exp1_repeat_2,139_14,strat10,43.4,132808,137090560,19491.7,15
C,C2_medmnist,tissuemnist,nsga3,exp1_repeat_2,medmnist/NSGA/experiment_tissuemnist_nsga3/nsga3/exp1_repeat_2,102_1,front,45.8,135816,190757376,22933.6,16
C,C2_medmnist,tissuemnist,nsga3,exp1_repeat_2,medmnist/NSGA/experiment_tissuemnist_nsga3/nsga3/exp1_repeat_2,147_16,front,46.0,144168,192851456,21615.5,16
C,C2_medmnist,tissuemnist,nsga3,exp1_repeat_2,medmnist/NSGA/experiment_tissuemnist_nsga3/nsga3/exp1_repeat_2,139_2,front,47.1,144264,192851456,16142.1,17
C,C2_medmnist,tissuemnist,nsga3,exp1_repeat_2,medmnist/NSGA/experiment_tissuemnist_nsga3/nsga3/exp1_repeat_2,131_14,front,44.9,148808,201186816,8880.5,16
C,C2_medmnist,tissuemnist,nsga3,exp1_repeat_2,medmnist/NSGA/experiment_tissuemnist_nsga3/nsga3/exp1_repeat_2,109_9,front,45.6,157512,81150464,14287.5,16
C,C2_medmnist,tissuemnist,nsga3,exp1_repeat_2,medmnist/NSGA/experiment_tissuemnist_nsga3/nsga3/exp1_repeat_2,122_16,front,47.0,171336,236510720,8778.8,16
C,C2_medmnist,tissuemnist,nsga3,exp1_repeat_2,medmnist/NSGA/experiment_tissuemnist_nsga3/nsga3/exp1_repeat_2,108_9,strat10,47.3,178024,201023488,19540.7,15
C,C2_medmnist,tissuemnist,nsga3,exp1_repeat_2,medmnist/NSGA/experiment_tissuemnist_nsga3/nsga3/exp1_repeat_2,136_15,front,47.6,187560,150637568,12567.7,16
C,C2_medmnist,tissuemnist,nsga3,exp1_repeat_2,medmnist/NSGA/experiment_tissuemnist_nsga3/nsga3/exp1_repeat_2,100_11,front,44.3,190152,265412096,6448.7,16
C,C2_medmnist,tissuemnist,nsga3,exp1_repeat_2,medmnist/NSGA/experiment_tissuemnist_nsga3/nsga3/exp1_repeat_2,120_3,front,45.8,195944,286459392,6780.4,15
C,C2_medmnist,tissuemnist,nsga3,exp1_repeat_2,medmnist/NSGA/experiment_tissuemnist_nsga3/nsga3/exp1_repeat_2,120_5,front,47.0,198760,273719296,7894.1,16
C,C2_medmnist,tissuemnist,nsga3,exp1_repeat_2,medmnist/NSGA/experiment_tissuemnist_nsga3/nsga3/exp1_repeat_2,109_11,compact,48.0,226440,170954240,12701.7,16
C,C2_medmnist,tissuemnist,nsga3,exp1_repeat_2,medmnist/NSGA/experiment_tissuemnist_nsga3/nsga3/exp1_repeat_2,147_6,strat10,48.3,227208,172158464,19988.1,17
C,C2_medmnist,tissuemnist,nsga3,exp1_repeat_2,medmnist/NSGA/experiment_tissuemnist_nsga3/nsga3/exp1_repeat_2,56_17,front,47.8,228936,277377536,8468.5,17
C,C2_medmnist,tissuemnist,nsga3,exp1_repeat_2,medmnist/NSGA/experiment_tissuemnist_nsga3/nsga3/exp1_repeat_2,52_12,front,48.5,230504,280588800,16532.7,16
C,C2_medmnist,tissuemnist,nsga3,exp1_repeat_2,medmnist/NSGA/experiment_tissuemnist_nsga3/nsga3/exp1_repeat_2,121_16,front,48.5,231656,289032192,8240.3,16
C,C2_medmnist,tissuemnist,nsga3,exp1_repeat_2,medmnist/NSGA/experiment_tissuemnist_nsga3/nsga3/exp1_repeat_2,102_14,front,45.5,239080,295856128,6692.1,15
C,C2_medmnist,tissuemnist,nsga3,exp1_repeat_2,medmnist/NSGA/experiment_tissuemnist_nsga3/nsga3/exp1_repeat_2,120_17,front,45.2,244360,290728960,5910.2,16
C,C2_medmnist,tissuemnist,nsga3,exp1_repeat_2,medmnist/NSGA/experiment_tissuemnist_nsga3/nsga3/exp1_repeat_2,118_12,strat10,49.0,249672,357986816,4264.9,16
C,C2_medmnist,tissuemnist,nsga3,exp1_repeat_2,medmnist/NSGA/experiment_tissuemnist_nsga3/nsga3/exp1_repeat_2,105_13,front,49.5,253448,212700672,15108.8,16
C,C2_medmnist,tissuemnist,nsga3,exp1_repeat_2,medmnist/NSGA/experiment_tissuemnist_nsga3/nsga3/exp1_repeat_2,52_5,front,49.2,263176,268943872,14628.0,18
C,C2_medmnist,tissuemnist,nsga3,exp1_repeat_2,medmnist/NSGA/experiment_tissuemnist_nsga3/nsga3/exp1_repeat_2,131_8,front,47.0,287944,429210112,3797.4,17
C,C2_medmnist,tissuemnist,nsga3,exp1_repeat_2,medmnist/NSGA/experiment_tissuemnist_nsga3/nsga3/exp1_repeat_2,127_13,front,49.7,293352,295741952,7478.6,17
C,C2_medmnist,tissuemnist,nsga3,exp1_repeat_2,medmnist/NSGA/experiment_tissuemnist_nsga3/nsga3/exp1_repeat_2,138_3,front,49.9,305448,293935616,16603.3,16
C,C2_medmnist,tissuemnist,nsga3,exp1_repeat_2,medmnist/NSGA/experiment_tissuemnist_nsga3/nsga3/exp1_repeat_2,67_3,front,50.4,325288,440349184,7941.7,16
C,C2_medmnist,tissuemnist,nsga3,exp1_repeat_2,medmnist/NSGA/experiment_tissuemnist_nsga3/nsga3/exp1_repeat_2,65_16,strat10,44.6,332360,505451008,3561.7,16
C,C2_medmnist,tissuemnist,nsga3,exp1_repeat_2,medmnist/NSGA/experiment_tissuemnist_nsga3/nsga3/exp1_repeat_2,75_2,front,50.6,343144,440846848,6040.2,18
C,C2_medmnist,tissuemnist,nsga3,exp1_repeat_2,medmnist/NSGA/experiment_tissuemnist_nsga3/nsga3/exp1_repeat_2,147_8,front,48.3,351560,475385856,4166.4,17
C,C2_medmnist,tissuemnist,nsga3,exp1_repeat_2,medmnist/NSGA/experiment_tissuemnist_nsga3/nsga3/exp1_repeat_2,39_2,front,44.9,416712,565639680,2954.7,18
C,C2_medmnist,tissuemnist,nsga3,exp1_repeat_2,medmnist/NSGA/experiment_tissuemnist_nsga3/nsga3/exp1_repeat_2,75_12,front,50.7,436808,622602240,5377.9,16
C,C2_medmnist,tissuemnist,nsga3,exp1_repeat_2,medmnist/NSGA/experiment_tissuemnist_nsga3/nsga3/exp1_repeat_2,30_18,front,46.7,456040,653655040,3319.5,14
C,C2_medmnist,tissuemnist,nsga3,exp1_repeat_2,medmnist/NSGA/experiment_tissuemnist_nsga3/nsga3/exp1_repeat_2,44_17,strat10,47.8,459592,647094784,3665.1,15
C,C2_medmnist,tissuemnist,nsga3,exp1_repeat_2,medmnist/NSGA/experiment_tissuemnist_nsga3/nsga3/exp1_repeat_2,42_3,front,47.3,462056,632222208,3286.7,18
C,C2_medmnist,tissuemnist,nsga3,exp1_repeat_2,medmnist/NSGA/experiment_tissuemnist_nsga3/nsga3/exp1_repeat_2,89_19,front,49.6,486632,642157056,4390.2,18
C,C2_medmnist,tissuemnist,nsga3,exp1_repeat_2,medmnist/NSGA/experiment_tissuemnist_nsga3/nsga3/exp1_repeat_2,48_16,front,50.8,502088,635985408,26734.5,17
C,C2_medmnist,tissuemnist,nsga3,exp1_repeat_2,medmnist/NSGA/experiment_tissuemnist_nsga3/nsga3/exp1_repeat_2,16_16,front,45.8,520040,761662976,2666.9,15
C,C2_medmnist,tissuemnist,nsga3,exp1_repeat_2,medmnist/NSGA/experiment_tissuemnist_nsga3/nsga3/exp1_repeat_2,32_18,front,50.9,531976,682548736,9620.0,17
C,C2_medmnist,tissuemnist,nsga3,exp1_repeat_2,medmnist/NSGA/experiment_tissuemnist_nsga3/nsga3/exp1_repeat_2,116_15,front,50.5,542376,756362240,4129.6,17
C,C2_medmnist,tissuemnist,nsga3,exp1_repeat_2,medmnist/NSGA/experiment_tissuemnist_nsga3/nsga3/exp1_repeat_2,117_13,front,50.7,584232,698860544,5168.6,16
C,C2_medmnist,tissuemnist,nsga3,exp1_repeat_2,medmnist/NSGA/experiment_tissuemnist_nsga3/nsga3/exp1_repeat_2,19_10,front,47.6,647656,935093248,3088.0,19
C,C2_medmnist,tissuemnist,nsga3,exp1_repeat_2,medmnist/NSGA/experiment_tissuemnist_nsga3/nsga3/exp1_repeat_2,31_5,front,48.2,669800,1028993536,2815.8,16
C,C2_medmnist,tissuemnist,nsga3,exp1_repeat_2,medmnist/NSGA/experiment_tissuemnist_nsga3/nsga3/exp1_repeat_2,146_8,front,51.4,706952,1019831808,8444.1,17
C,C2_medmnist,tissuemnist,nsga3,exp1_repeat_2,medmnist/NSGA/experiment_tissuemnist_nsga3/nsga3/exp1_repeat_2,130_18,front,48.4,771208,889679872,4112.9,15
C,C2_medmnist,tissuemnist,nsga3,exp1_repeat_2,medmnist/NSGA/experiment_tissuemnist_nsga3/nsga3/exp1_repeat_2,46_7,front,51.1,776968,1149938176,8260.5,16
C,C2_medmnist,tissuemnist,nsga3,exp1_repeat_2,medmnist/NSGA/experiment_tissuemnist_nsga3/nsga3/exp1_repeat_2,135_19,front,50.8,796200,1172129792,5393.8,16
C,C2_medmnist,tissuemnist,nsga3,exp1_repeat_2,medmnist/NSGA/experiment_tissuemnist_nsga3/nsga3/exp1_repeat_2,144_7,front,51.6,848008,1183058944,5805.4,16
C,C2_medmnist,tissuemnist,nsga3,exp1_repeat_2,medmnist/NSGA/experiment_tissuemnist_nsga3/nsga3/exp1_repeat_2,66_1,front,51.3,852200,1260539904,3850.7,16
C,C2_medmnist,tissuemnist,nsga3,exp1_repeat_2,medmnist/NSGA/experiment_tissuemnist_nsga3/nsga3/exp1_repeat_2,149_6,front,48.3,864392,1034738688,3657.9,15
C,C2_medmnist,tissuemnist,nsga3,exp1_repeat_2,medmnist/NSGA/experiment_tissuemnist_nsga3/nsga3/exp1_repeat_2,40_18,front,51.0,903560,1347531264,2629.3,15
C,C2_medmnist,tissuemnist,nsga3,exp1_repeat_2,medmnist/NSGA/experiment_tissuemnist_nsga3/nsga3/exp1_repeat_2,114_14,front,51.3,976968,1374124544,3701.0,15
C,C2_medmnist,tissuemnist,nsga3,exp1_repeat_2,medmnist/NSGA/experiment_tissuemnist_nsga3/nsga3/exp1_repeat_2,143_0,best_acc,52.8,1067624,1352653824,3740.9,16
C,C2_medmnist,tissuemnist,nsga3,exp1_repeat_3,medmnist/NSGA/experiment_tissuemnist_nsga3/nsga3/exp1_repeat_3,148_15,strat10,44.0,98056,80587264,28369.1,10
C,C2_medmnist,tissuemnist,nsga3,exp1_repeat_3,medmnist/NSGA/experiment_tissuemnist_nsga3/nsga3/exp1_repeat_3,108_2,front,45.3,110504,130818048,16764.0,11
C,C2_medmnist,tissuemnist,nsga3,exp1_repeat_3,medmnist/NSGA/experiment_tissuemnist_nsga3/nsga3/exp1_repeat_3,124_5,front,46.1,136200,140853248,28687.4,12
C,C2_medmnist,tissuemnist,nsga3,exp1_repeat_3,medmnist/NSGA/experiment_tissuemnist_nsga3/nsga3/exp1_repeat_3,111_7,front,47.2,141576,117671936,23126.3,14
C,C2_medmnist,tissuemnist,nsga3,exp1_repeat_3,medmnist/NSGA/experiment_tissuemnist_nsga3/nsga3/exp1_repeat_3,116_6,compact,47.8,152584,134932480,24822.7,12
C,C2_medmnist,tissuemnist,nsga3,exp1_repeat_3,medmnist/NSGA/experiment_tissuemnist_nsga3/nsga3/exp1_repeat_3,99_10,front,46.6,164328,204075008,20126.2,14
C,C2_medmnist,tissuemnist,nsga3,exp1_repeat_3,medmnist/NSGA/experiment_tissuemnist_nsga3/nsga3/exp1_repeat_3,90_6,strat10,45.5,171944,165439488,15145.7,13
C,C2_medmnist,tissuemnist,nsga3,exp1_repeat_3,medmnist/NSGA/experiment_tissuemnist_nsga3/nsga3/exp1_repeat_3,108_10,front,43.4,172904,251536896,11897.9,15
C,C2_medmnist,tissuemnist,nsga3,exp1_repeat_3,medmnist/NSGA/experiment_tissuemnist_nsga3/nsga3/exp1_repeat_3,92_8,front,46.8,179112,208289792,19616.1,13
C,C2_medmnist,tissuemnist,nsga3,exp1_repeat_3,medmnist/NSGA/experiment_tissuemnist_nsga3/nsga3/exp1_repeat_3,132_8,front,46.3,180104,227607552,12194.0,14
C,C2_medmnist,tissuemnist,nsga3,exp1_repeat_3,medmnist/NSGA/experiment_tissuemnist_nsga3/nsga3/exp1_repeat_3,107_2,front,46.9,183272,133856256,20137.5,13
C,C2_medmnist,tissuemnist,nsga3,exp1_repeat_3,medmnist/NSGA/experiment_tissuemnist_nsga3/nsga3/exp1_repeat_3,140_10,strat10,46.4,185128,235635712,13753.0,14
C,C2_medmnist,tissuemnist,nsga3,exp1_repeat_3,medmnist/NSGA/experiment_tissuemnist_nsga3/nsga3/exp1_repeat_3,81_15,front,47.4,197608,229012480,21528.5,13
C,C2_medmnist,tissuemnist,nsga3,exp1_repeat_3,medmnist/NSGA/experiment_tissuemnist_nsga3/nsga3/exp1_repeat_3,130_1,front,47.7,201512,212855808,24220.6,14
C,C2_medmnist,tissuemnist,nsga3,exp1_repeat_3,medmnist/NSGA/experiment_tissuemnist_nsga3/nsga3/exp1_repeat_3,118_0,front,47.5,201896,235435008,19042.8,13
C,C2_medmnist,tissuemnist,nsga3,exp1_repeat_3,medmnist/NSGA/experiment_tissuemnist_nsga3/nsga3/exp1_repeat_3,91_2,front,44.8,202952,296013312,11489.3,14
C,C2_medmnist,tissuemnist,nsga3,exp1_repeat_3,medmnist/NSGA/experiment_tissuemnist_nsga3/nsga3/exp1_repeat_3,104_17,front,47.2,203880,294537728,13466.1,18
C,C2_medmnist,tissuemnist,nsga3,exp1_repeat_3,medmnist/NSGA/experiment_tissuemnist_nsga3/nsga3/exp1_repeat_3,108_11,strat10,47.4,208584,222589952,12776.2,14
C,C2_medmnist,tissuemnist,nsga3,exp1_repeat_3,medmnist/NSGA/experiment_tissuemnist_nsga3/nsga3/exp1_repeat_3,87_8,front,47.6,208904,304974336,10924.7,18
C,C2_medmnist,tissuemnist,nsga3,exp1_repeat_3,medmnist/NSGA/experiment_tissuemnist_nsga3/nsga3/exp1_repeat_3,91_5,front,45.1,209544,308687360,9065.8,16
C,C2_medmnist,tissuemnist,nsga3,exp1_repeat_3,medmnist/NSGA/experiment_tissuemnist_nsga3/nsga3/exp1_repeat_3,125_1,front,44.0,214056,297402368,6862.6,15
C,C2_medmnist,tissuemnist,nsga3,exp1_repeat_3,medmnist/NSGA/experiment_tissuemnist_nsga3/nsga3/exp1_repeat_3,148_2,front,48.4,219208,136379392,21824.5,14
C,C2_medmnist,tissuemnist,nsga3,exp1_repeat_3,medmnist/NSGA/experiment_tissuemnist_nsga3/nsga3/exp1_repeat_3,106_8,front,49.0,236744,268099584,11306.5,13
C,C2_medmnist,tissuemnist,nsga3,exp1_repeat_3,medmnist/NSGA/experiment_tissuemnist_nsga3/nsga3/exp1_repeat_3,106_9,strat10,42.9,237000,315646976,6454.4,19
C,C2_medmnist,tissuemnist,nsga3,exp1_repeat_3,medmnist/NSGA/experiment_tissuemnist_nsga3/nsga3/exp1_repeat_3,136_4,front,48.6,250024,324141568,8910.3,14
C,C2_medmnist,tissuemnist,nsga3,exp1_repeat_3,medmnist/NSGA/experiment_tissuemnist_nsga3/nsga3/exp1_repeat_3,101_13,knee,50.0,263144,331772928,11808.3,13
C,C2_medmnist,tissuemnist,nsga3,exp1_repeat_3,medmnist/NSGA/experiment_tissuemnist_nsga3/nsga3/exp1_repeat_3,126_3,front,47.9,271368,356856320,7298.9,14
C,C2_medmnist,tissuemnist,nsga3,exp1_repeat_3,medmnist/NSGA/experiment_tissuemnist_nsga3/nsga3/exp1_repeat_3,125_5,front,47.6,273416,360067584,3873.6,14
C,C2_medmnist,tissuemnist,nsga3,exp1_repeat_3,medmnist/NSGA/experiment_tissuemnist_nsga3/nsga3/exp1_repeat_3,104_4,strat10,49.0,282408,413605376,6713.8,14
C,C2_medmnist,tissuemnist,nsga3,exp1_repeat_3,medmnist/NSGA/experiment_tissuemnist_nsga3/nsga3/exp1_repeat_3,104_14,front,44.5,300168,407109632,3817.9,15
C,C2_medmnist,tissuemnist,nsga3,exp1_repeat_3,medmnist/NSGA/experiment_tissuemnist_nsga3/nsga3/exp1_repeat_3,118_6,front,49.5,314056,463379968,9594.7,15
C,C2_medmnist,tissuemnist,nsga3,exp1_repeat_3,medmnist/NSGA/experiment_tissuemnist_nsga3/nsga3/exp1_repeat_3,55_3,front,50.2,328680,357458432,17593.2,16
C,C2_medmnist,tissuemnist,nsga3,exp1_repeat_3,medmnist/NSGA/experiment_tissuemnist_nsga3/nsga3/exp1_repeat_3,118_16,front,48.1,341512,528408064,4366.5,16
C,C2_medmnist,tissuemnist,nsga3,exp1_repeat_3,medmnist/NSGA/experiment_tissuemnist_nsga3/nsga3/exp1_repeat_3,134_7,front,50.4,346824,514760192,7894.5,15
C,C2_medmnist,tissuemnist,nsga3,exp1_repeat_3,medmnist/NSGA/experiment_tissuemnist_nsga3/nsga3/exp1_repeat_3,101_2,strat10,48.2,348200,491483136,5830.0,17
C,C2_medmnist,tissuemnist,nsga3,exp1_repeat_3,medmnist/NSGA/experiment_tissuemnist_nsga3/nsga3/exp1_repeat_3,104_18,front,49.5,378760,564534784,5220.2,17
C,C2_medmnist,tissuemnist,nsga3,exp1_repeat_3,medmnist/NSGA/experiment_tissuemnist_nsga3/nsga3/exp1_repeat_3,87_15,front,49.1,398600,616717824,4233.7,17
C,C2_medmnist,tissuemnist,nsga3,exp1_repeat_3,medmnist/NSGA/experiment_tissuemnist_nsga3/nsga3/exp1_repeat_3,103_9,front,50.8,408456,293981696,10677.1,17
C,C2_medmnist,tissuemnist,nsga3,exp1_repeat_3,medmnist/NSGA/experiment_tissuemnist_nsga3/nsga3/exp1_repeat_3,135_7,front,49.8,479208,721886720,6593.3,17
C,C2_medmnist,tissuemnist,nsga3,exp1_repeat_3,medmnist/NSGA/experiment_tissuemnist_nsga3/nsga3/exp1_repeat_3,99_0,front,50.3,505320,531651584,6839.8,17
C,C2_medmnist,tissuemnist,nsga3,exp1_repeat_3,medmnist/NSGA/experiment_tissuemnist_nsga3/nsga3/exp1_repeat_3,130_4,front,50.1,507336,765238784,4442.0,16
C,C2_medmnist,tissuemnist,nsga3,exp1_repeat_3,medmnist/NSGA/experiment_tissuemnist_nsga3/nsga3/exp1_repeat_3,118_7,front,50.9,516616,798610432,3589.2,15
C,C2_medmnist,tissuemnist,nsga3,exp1_repeat_3,medmnist/NSGA/experiment_tissuemnist_nsga3/nsga3/exp1_repeat_3,77_5,front,52.0,646024,914215936,3751.9,15
C,C2_medmnist,tissuemnist,nsga3,exp1_repeat_3,medmnist/NSGA/experiment_tissuemnist_nsga3/nsga3/exp1_repeat_3,27_12,front,48.7,1062280,1638472192,3421.2,18
C,C2_medmnist,tissuemnist,nsga3,exp1_repeat_3,medmnist/NSGA/experiment_tissuemnist_nsga3/nsga3/exp1_repeat_3,148_19,front,47.4,1123976,1703312384,3056.2,13
C,C2_medmnist,tissuemnist,nsga3,exp1_repeat_3,medmnist/NSGA/experiment_tissuemnist_nsga3/nsga3/exp1_repeat_3,24_5,front,49.2,1193960,1563684864,3273.2,17
C,C2_medmnist,tissuemnist,nsga3,exp1_repeat_3,medmnist/NSGA/experiment_tissuemnist_nsga3/nsga3/exp1_repeat_3,133_14,front,52.0,1394440,2128675840,3562.5,16
C,C2_medmnist,tissuemnist,nsga3,exp1_repeat_3,medmnist/NSGA/experiment_tissuemnist_nsga3/nsga3/exp1_repeat_3,29_6,front,50.4,1442056,2237357056,2488.9,14
C,C2_medmnist,tissuemnist,nsga3,exp1_repeat_3,medmnist/NSGA/experiment_tissuemnist_nsga3/nsga3/exp1_repeat_3,41_12,front,52.1,1487016,2250202112,5548.2,14
C,C2_medmnist,tissuemnist,nsga3,exp1_repeat_3,medmnist/NSGA/experiment_tissuemnist_nsga3/nsga3/exp1_repeat_3,18_11,front,52.2,1532392,1906044928,3705.4,20
C,C2_medmnist,tissuemnist,nsga3,exp1_repeat_3,medmnist/NSGA/experiment_tissuemnist_nsga3/nsga3/exp1_repeat_3,39_0,best_acc,52.4,2591272,2392711168,4191.9,20
C,C2_medmnist,tissuemnist,nsga3,exp1_repeat_3,medmnist/NSGA/experiment_tissuemnist_nsga3/nsga3/exp1_repeat_3,7_8,front,51.6,2813960,3938706432,3414.2,19
C,C2_medmnist,organamnist,moqnas,exp1_repeat_1,medmnist/moqnas_last/experiment_organamnist_medmnist/moqnas/exp1_repeat_1,129_1,strat10,92.02,14411,5168832,15393.3,10
C,C2_medmnist,organamnist,moqnas,exp1_repeat_1,medmnist/moqnas_last/experiment_organamnist_medmnist/moqnas/exp1_repeat_1,149_18,compact,95.45,21611,9407680,31831.1,9
C,C2_medmnist,organamnist,moqnas,exp1_repeat_1,medmnist/moqnas_last/experiment_organamnist_medmnist/moqnas/exp1_repeat_1,138_1,front,94.75,22603,5971648,16850.1,11
C,C2_medmnist,organamnist,moqnas,exp1_repeat_1,medmnist/moqnas_last/experiment_organamnist_medmnist/moqnas/exp1_repeat_1,112_0,front,96.77,32203,44462272,14362.1,8
C,C2_medmnist,organamnist,moqnas,exp1_repeat_1,medmnist/moqnas_last/experiment_organamnist_medmnist/moqnas/exp1_repeat_1,54_11,front,96.26,42379,11414720,13296.2,11
C,C2_medmnist,organamnist,moqnas,exp1_repeat_1,medmnist/moqnas_last/experiment_organamnist_medmnist/moqnas/exp1_repeat_1,95_9,strat10,90.61,42987,21179072,11199.1,11
C,C2_medmnist,organamnist,moqnas,exp1_repeat_1,medmnist/moqnas_last/experiment_organamnist_medmnist/moqnas/exp1_repeat_1,131_18,knee,97.47,44267,29102784,8147.4,9
C,C2_medmnist,organamnist,moqnas,exp1_repeat_1,medmnist/moqnas_last/experiment_organamnist_medmnist/moqnas/exp1_repeat_1,123_5,front,97.37,47083,29108416,6591.5,8
C,C2_medmnist,organamnist,moqnas,exp1_repeat_1,medmnist/moqnas_last/experiment_organamnist_medmnist/moqnas/exp1_repeat_1,0_15,front,92.53,68267,9036480,3757.7,11
C,C2_medmnist,organamnist,moqnas,exp1_repeat_1,medmnist/moqnas_last/experiment_organamnist_medmnist/moqnas/exp1_repeat_1,54_16,front,97.78,79947,11290304,18077.3,8
C,C2_medmnist,organamnist,moqnas,exp1_repeat_1,medmnist/moqnas_last/experiment_organamnist_medmnist/moqnas/exp1_repeat_1,106_3,strat10,95.25,89771,14023360,4530.5,13
C,C2_medmnist,organamnist,moqnas,exp1_repeat_1,medmnist/moqnas_last/experiment_organamnist_medmnist/moqnas/exp1_repeat_1,147_11,front,98.38,101259,116844224,21899.5,9
C,C2_medmnist,organamnist,moqnas,exp1_repeat_1,medmnist/moqnas_last/experiment_organamnist_medmnist/moqnas/exp1_repeat_1,123_1,front,96.67,105803,57904512,5058.5,13
C,C2_medmnist,organamnist,moqnas,exp1_repeat_1,medmnist/moqnas_last/experiment_organamnist_medmnist/moqnas/exp1_repeat_1,29_6,front,97.47,121547,16532672,14569.4,9
C,C2_medmnist,organamnist,moqnas,exp1_repeat_1,medmnist/moqnas_last/experiment_organamnist_medmnist/moqnas/exp1_repeat_1,95_5,front,96.87,129195,36129536,5740.9,11
C,C2_medmnist,organamnist,moqnas,exp1_repeat_1,medmnist/moqnas_last/experiment_organamnist_medmnist/moqnas/exp1_repeat_1,5_12,strat10,94.44,135755,210639552,4334.7,14
C,C2_medmnist,organamnist,moqnas,exp1_repeat_1,medmnist/moqnas_last/experiment_organamnist_medmnist/moqnas/exp1_repeat_1,139_0,front,98.48,138123,78033600,9155.0,11
C,C2_medmnist,organamnist,moqnas,exp1_repeat_1,medmnist/moqnas_last/experiment_organamnist_medmnist/moqnas/exp1_repeat_1,143_14,front,97.98,145771,132678016,7186.4,9
C,C2_medmnist,organamnist,moqnas,exp1_repeat_1,medmnist/moqnas_last/experiment_organamnist_medmnist/moqnas/exp1_repeat_1,90_12,front,97.88,161963,127503552,5235.8,12
C,C2_medmnist,organamnist,moqnas,exp1_repeat_1,medmnist/moqnas_last/experiment_organamnist_medmnist/moqnas/exp1_repeat_1,29_7,front,96.67,168331,84968832,4021.4,12
C,C2_medmnist,organamnist,moqnas,exp1_repeat_1,medmnist/moqnas_last/experiment_organamnist_medmnist/moqnas/exp1_repeat_1,59_5,strat10,98.69,170891,194867904,10997.7,10
C,C2_medmnist,organamnist,moqnas,exp1_repeat_1,medmnist/moqnas_last/experiment_organamnist_medmnist/moqnas/exp1_repeat_1,22_17,front,92.63,178731,5033408,3789.6,11
C,C2_medmnist,organamnist,moqnas,exp1_repeat_1,medmnist/moqnas_last/experiment_organamnist_medmnist/moqnas/exp1_repeat_1,132_8,front,98.59,185899,206684864,5582.2,12
C,C2_medmnist,organamnist,moqnas,exp1_repeat_1,medmnist/moqnas_last/experiment_organamnist_medmnist/moqnas/exp1_repeat_1,44_13,front,97.98,194027,134381248,4125.0,14
C,C2_medmnist,organamnist,moqnas,exp1_repeat_1,medmnist/moqnas_last/experiment_organamnist_medmnist/moqnas/exp1_repeat_1,0_9,strat10,91.41,205003,58609024,1883.9,11
C,C2_medmnist,organamnist,moqnas,exp1_repeat_1,medmnist/moqnas_last/experiment_organamnist_medmnist/moqnas/exp1_repeat_1,95_13,front,97.27,211819,54324928,3214.9,12
C,C2_medmnist,organamnist,moqnas,exp1_repeat_1,medmnist/moqnas_last/experiment_organamnist_medmnist/moqnas/exp1_repeat_1,141_16,front,98.48,232299,347518336,4339.3,12
C,C2_medmnist,organamnist,moqnas,exp1_repeat_1,medmnist/moqnas_last/experiment_organamnist_medmnist/moqnas/exp1_repeat_1,15_3,front,98.38,243787,351682944,3094.2,13
C,C2_medmnist,organamnist,moqnas,exp1_repeat_1,medmnist/moqnas_last/experiment_organamnist_medmnist/moqnas/exp1_repeat_1,147_0,front,98.89,247787,287468224,8332.6,11
C,C2_medmnist,organamnist,moqnas,exp1_repeat_1,medmnist/moqnas_last/experiment_organamnist_medmnist/moqnas/exp1_repeat_1,123_12,strat10,98.18,256747,389177728,1034.9,12
C,C2_medmnist,organamnist,moqnas,exp1_repeat_1,medmnist/moqnas_last/experiment_organamnist_medmnist/moqnas/exp1_repeat_1,148_0,best_acc,99.09,262219,155282816,18500.7,11
C,C2_medmnist,organamnist,moqnas,exp1_repeat_1,medmnist/moqnas_last/experiment_organamnist_medmnist/moqnas/exp1_repeat_1,120_1,front,98.28,288875,443311296,2978.0,12
C,C2_medmnist,organamnist,moqnas,exp1_repeat_1,medmnist/moqnas_last/experiment_organamnist_medmnist/moqnas/exp1_repeat_1,131_17,front,98.18,289323,156373760,948.0,12
C,C2_medmnist,organamnist,moqnas,exp1_repeat_1,medmnist/moqnas_last/experiment_organamnist_medmnist/moqnas/exp1_repeat_1,97_14,front,97.68,316075,199007936,817.0,12
C,C2_medmnist,organamnist,moqnas,exp1_repeat_1,medmnist/moqnas_last/experiment_organamnist_medmnist/moqnas/exp1_repeat_1,133_1,front,98.69,317067,257225408,5019.3,12
C,C2_medmnist,organamnist,moqnas,exp1_repeat_1,medmnist/moqnas_last/experiment_organamnist_medmnist/moqnas/exp1_repeat_1,0_7,front,98.38,323115,372616576,1244.7,14
C,C2_medmnist,organamnist,moqnas,exp1_repeat_1,medmnist/moqnas_last/experiment_organamnist_medmnist/moqnas/exp1_repeat_1,66_10,front,98.48,370123,282576256,2504.6,13
C,C2_medmnist,organamnist,moqnas,exp1_repeat_1,medmnist/moqnas_last/experiment_organamnist_medmnist/moqnas/exp1_repeat_1,31_17,front,98.79,385899,544343744,5716.3,10
C,C2_medmnist,organamnist,moqnas,exp1_repeat_1,medmnist/moqnas_last/experiment_organamnist_medmnist/moqnas/exp1_repeat_1,36_12,front,94.65,418955,594085248,776.6,10
C,C2_medmnist,organamnist,moqnas,exp1_repeat_1,medmnist/moqnas_last/experiment_organamnist_medmnist/moqnas/exp1_repeat_1,106_14,front,98.59,432811,232550080,1607.4,12
C,C2_medmnist,organamnist,moqnas,exp1_repeat_1,medmnist/moqnas_last/experiment_organamnist_medmnist/moqnas/exp1_repeat_1,133_9,front,98.59,445355,596103552,894.6,10
C,C2_medmnist,organamnist,moqnas,exp1_repeat_1,medmnist/moqnas_last/experiment_organamnist_medmnist/moqnas/exp1_repeat_1,88_6,front,98.69,521067,291955072,945.1,12
C,C2_medmnist,organamnist,moqnas,exp1_repeat_1,medmnist/moqnas_last/experiment_organamnist_medmnist/moqnas/exp1_repeat_1,89_6,front,95.25,532235,604927488,666.6,11
C,C2_medmnist,organamnist,moqnas,exp1_repeat_1,medmnist/moqnas_last/experiment_organamnist_medmnist/moqnas/exp1_repeat_1,61_14,front,99.09,580267,743545600,932.2,10
C,C2_medmnist,organamnist,moqnas,exp1_repeat_1,medmnist/moqnas_last/experiment_organamnist_medmnist/moqnas/exp1_repeat_1,18_11,front,98.08,908811,344126848,892.3,12
C,C2_medmnist,organamnist,moqnas,exp1_repeat_2,medmnist/moqnas_last/experiment_organamnist_medmnist/moqnas/exp1_repeat_2,139_7,strat10,93.54,5259,1379520,14268.1,5
C,C2_medmnist,organamnist,moqnas,exp1_repeat_2,medmnist/moqnas_last/experiment_organamnist_medmnist/moqnas/exp1_repeat_2,88_6,compact,94.85,11083,6987136,25326.1,5
C,C2_medmnist,organamnist,moqnas,exp1_repeat_2,medmnist/moqnas_last/experiment_organamnist_medmnist/moqnas/exp1_repeat_2,130_9,knee,96.16,13835,3775872,17814.1,6
C,C2_medmnist,organamnist,moqnas,exp1_repeat_2,medmnist/moqnas_last/experiment_organamnist_medmnist/moqnas/exp1_repeat_2,29_0,front,93.13,29675,3468736,11726.4,7
C,C2_medmnist,organamnist,moqnas,exp1_repeat_2,medmnist/moqnas_last/experiment_organamnist_medmnist/moqnas/exp1_repeat_2,135_18,strat10,97.47,32939,13553856,23568.5,6
C,C2_medmnist,organamnist,moqnas,exp1_repeat_2,medmnist/moqnas_last/experiment_organamnist_medmnist/moqnas/exp1_repeat_2,39_15,front,93.03,56331,21827264,9570.2,9
C,C2_medmnist,organamnist,moqnas,exp1_repeat_2,medmnist/moqnas_last/experiment_organamnist_medmnist/moqnas/exp1_repeat_2,65_1,front,96.06,57067,8416000,8673.9,6
C,C2_medmnist,organamnist,moqnas,exp1_repeat_2,medmnist/moqnas_last/experiment_organamnist_medmnist/moqnas/exp1_repeat_2,75_9,front,92.63,57963,25995968,8307.3,9
C,C2_medmnist,organamnist,moqnas,exp1_repeat_2,medmnist/moqnas_last/experiment_organamnist_medmnist/moqnas/exp1_repeat_2,11_7,strat10,97.47,65803,18235840,14547.7,7
C,C2_medmnist,organamnist,moqnas,exp1_repeat_2,medmnist/moqnas_last/experiment_organamnist_medmnist/moqnas/exp1_repeat_2,143_4,front,90.0,69419,81236352,3370.4,10
C,C2_medmnist,organamnist,moqnas,exp1_repeat_2,medmnist/moqnas_last/experiment_organamnist_medmnist/moqnas/exp1_repeat_2,118_4,front,95.05,73739,63729024,6217.3,10
C,C2_medmnist,organamnist,moqnas,exp1_repeat_2,medmnist/moqnas_last/experiment_organamnist_medmnist/moqnas/exp1_repeat_2,123_17,front,98.08,76299,29459648,26579.1,8
C,C2_medmnist,organamnist,moqnas,exp1_repeat_2,medmnist/moqnas_last/experiment_organamnist_medmnist/moqnas/exp1_repeat_2,128_11,strat10,98.08,77611,65686720,13099.7,8
C,C2_medmnist,organamnist,moqnas,exp1_repeat_2,medmnist/moqnas_last/experiment_organamnist_medmnist/moqnas/exp1_repeat_2,65_7,front,92.53,79819,12819904,3682.5,11
C,C2_medmnist,organamnist,moqnas,exp1_repeat_2,medmnist/moqnas_last/experiment_organamnist_medmnist/moqnas/exp1_repeat_2,87_17,front,97.78,82475,118327680,10437.9,7
C,C2_medmnist,organamnist,moqnas,exp1_repeat_2,medmnist/moqnas_last/experiment_organamnist_medmnist/moqnas/exp1_repeat_2,125_10,front,97.88,91403,107483328,6087.6,7
C,C2_medmnist,organamnist,moqnas,exp1_repeat_2,medmnist/moqnas_last/experiment_organamnist_medmnist/moqnas/exp1_repeat_2,149_5,strat10,98.69,110283,57987776,6601.1,8
C,C2_medmnist,organamnist,moqnas,exp1_repeat_2,medmnist/moqnas_last/experiment_organamnist_medmnist/moqnas/exp1_repeat_2,67_16,front,98.08,124683,126929600,5264.4,7
C,C2_medmnist,organamnist,moqnas,exp1_repeat_2,medmnist/moqnas_last/experiment_organamnist_medmnist/moqnas/exp1_repeat_2,150_6,front,93.43,149003,51692224,5182.9,14
C,C2_medmnist,organamnist,moqnas,exp1_repeat_2,medmnist/moqnas_last/experiment_organamnist_medmnist/moqnas/exp1_repeat_2,29_5,front,96.26,150123,27538112,4263.4,11
C,C2_medmnist,organamnist,moqnas,exp1_repeat_2,medmnist/moqnas_last/experiment_organamnist_medmnist/moqnas/exp1_repeat_2,92_12,front,94.14,152459,125577920,4232.5,11
C,C2_medmnist,organamnist,moqnas,exp1_repeat_2,medmnist/moqnas_last/experiment_organamnist_medmnist/moqnas/exp1_repeat_2,142_18,strat10,95.35,168843,20960000,3488.3,9
C,C2_medmnist,organamnist,moqnas,exp1_repeat_2,medmnist/moqnas_last/experiment_organamnist_medmnist/moqnas/exp1_repeat_2,29_10,front,95.35,169227,228502208,1131.3,12
C,C2_medmnist,organamnist,moqnas,exp1_repeat_2,medmnist/moqnas_last/experiment_organamnist_medmnist/moqnas/exp1_repeat_2,111_18,front,98.99,179339,30809472,23602.6,8
C,C2_medmnist,organamnist,moqnas,exp1_repeat_2,medmnist/moqnas_last/experiment_organamnist_medmnist/moqnas/exp1_repeat_2,91_10,front,98.48,203595,290403008,4807.9,9
C,C2_medmnist,organamnist,moqnas,exp1_repeat_2,medmnist/moqnas_last/experiment_organamnist_medmnist/moqnas/exp1_repeat_2,11_12,strat10,97.78,212363,278462848,1083.8,14
C,C2_medmnist,organamnist,moqnas,exp1_repeat_2,medmnist/moqnas_last/experiment_organamnist_medmnist/moqnas/exp1_repeat_2,122_3,front,91.31,214091,331865472,1062.3,13
C,C2_medmnist,organamnist,moqnas,exp1_repeat_2,medmnist/moqnas_last/experiment_organamnist_medmnist/moqnas/exp1_repeat_2,79_13,front,98.99,215211,292883648,6848.5,11
C,C2_medmnist,organamnist,moqnas,exp1_repeat_2,medmnist/moqnas_last/experiment_organamnist_medmnist/moqnas/exp1_repeat_2,80_0,front,98.48,219115,184983232,3899.9,12
C,C2_medmnist,organamnist,moqnas,exp1_repeat_2,medmnist/moqnas_last/experiment_organamnist_medmnist/moqnas/exp1_repeat_2,106_10,front,98.28,237515,280217280,1168.9,13
C,C2_medmnist,organamnist,moqnas,exp1_repeat_2,medmnist/moqnas_last/experiment_organamnist_medmnist/moqnas/exp1_repeat_2,12_12,front,98.89,254987,310473408,5633.6,11
C,C2_medmnist,organamnist,moqnas,exp1_repeat_2,medmnist/moqnas_last/experiment_organamnist_medmnist/moqnas/exp1_repeat_2,76_18,front,98.79,268747,301112512,1024.9,13
C,C2_medmnist,organamnist,moqnas,exp1_repeat_2,medmnist/moqnas_last/experiment_organamnist_medmnist/moqnas/exp1_repeat_2,48_0,front,97.27,296299,254461312,940.8,11
C,C2_medmnist,organamnist,moqnas,exp1_repeat_2,medmnist/moqnas_last/experiment_organamnist_medmnist/moqnas/exp1_repeat_2,36_0,front,98.99,345099,206631104,5925.2,8
C,C2_medmnist,organamnist,moqnas,exp1_repeat_2,medmnist/moqnas_last/experiment_organamnist_medmnist/moqnas/exp1_repeat_2,86_5,best_acc,99.19,482987,486290112,18761.5,11
C,C2_medmnist,organamnist,moqnas,exp1_repeat_2,medmnist/moqnas_last/experiment_organamnist_medmnist/moqnas/exp1_repeat_2,55_16,front,99.19,499083,692613824,13958.1,10
C,C2_medmnist,organamnist,moqnas,exp1_repeat_2,medmnist/moqnas_last/experiment_organamnist_medmnist/moqnas/exp1_repeat_2,140_16,front,97.88,1029067,1490860416,698.5,9
C,C2_medmnist,organamnist,moqnas,exp1_repeat_2,medmnist/moqnas_last/experiment_organamnist_medmnist/moqnas/exp1_repeat_2,126_0,front,98.99,1052299,1517090176,1224.1,9
C,C2_medmnist,organamnist,moqnas,exp1_repeat_3,medmnist/moqnas_last/experiment_organamnist_medmnist/moqnas/exp1_repeat_3,86_6,compact,94.85,11755,1922752,19582.5,9
C,C2_medmnist,organamnist,moqnas,exp1_repeat_3,medmnist/moqnas_last/experiment_organamnist_medmnist/moqnas/exp1_repeat_3,146_18,front,92.63,12875,3145408,18873.0,10
C,C2_medmnist,organamnist,moqnas,exp1_repeat_3,medmnist/moqnas_last/experiment_organamnist_medmnist/moqnas/exp1_repeat_3,49_8,front,92.53,12875,1924800,14449.0,10
C,C2_medmnist,organamnist,moqnas,exp1_repeat_3,medmnist/moqnas_last/experiment_organamnist_medmnist/moqnas/exp1_repeat_3,110_4,front,94.34,19371,18457792,16163.9,7
C,C2_medmnist,organamnist,moqnas,exp1_repeat_3,medmnist/moqnas_last/experiment_organamnist_medmnist/moqnas/exp1_repeat_3,104_13,strat10,92.63,24779,3168640,10118.4,12
C,C2_medmnist,organamnist,moqnas,exp1_repeat_3,medmnist/moqnas_last/experiment_organamnist_medmnist/moqnas/exp1_repeat_3,91_13,front,93.74,28363,8554880,11971.2,11
C,C2_medmnist,organamnist,moqnas,exp1_repeat_3,medmnist/moqnas_last/experiment_organamnist_medmnist/moqnas/exp1_repeat_3,122_7,front,96.36,39115,20364480,10923.0,10
C,C2_medmnist,organamnist,moqnas,exp1_repeat_3,medmnist/moqnas_last/experiment_organamnist_medmnist/moqnas/exp1_repeat_3,70_0,front,97.07,43787,25451904,20513.3,7
C,C2_medmnist,organamnist,moqnas,exp1_repeat_3,medmnist/moqnas_last/experiment_organamnist_medmnist/moqnas/exp1_repeat_3,144_9,strat10,97.17,44555,26656128,37166.5,7
C,C2_medmnist,organamnist,moqnas,exp1_repeat_3,medmnist/moqnas_last/experiment_organamnist_medmnist/moqnas/exp1_repeat_3,2_0,front,93.03,48843,4652096,5182.2,9
C,C2_medmnist,organamnist,moqnas,exp1_repeat_3,medmnist/moqnas_last/experiment_organamnist_medmnist/moqnas/exp1_repeat_3,82_17,front,96.97,49323,25771712,18480.1,8
C,C2_medmnist,organamnist,moqnas,exp1_repeat_3,medmnist/moqnas_last/experiment_organamnist_medmnist/moqnas/exp1_repeat_3,126_2,knee,97.98,54091,52970176,20742.8,10
C,C2_medmnist,organamnist,moqnas,exp1_repeat_3,medmnist/moqnas_last/experiment_organamnist_medmnist/moqnas/exp1_repeat_3,95_11,strat10,95.96,55307,11610240,8449.6,9
C,C2_medmnist,organamnist,moqnas,exp1_repeat_3,medmnist/moqnas_last/experiment_organamnist_medmnist/moqnas/exp1_repeat_3,81_19,front,97.88,59019,59414720,6891.3,10
C,C2_medmnist,organamnist,moqnas,exp1_repeat_3,medmnist/moqnas_last/experiment_organamnist_medmnist/moqnas/exp1_repeat_3,139_18,front,97.37,75467,29618560,4848.3,12
C,C2_medmnist,organamnist,moqnas,exp1_repeat_3,medmnist/moqnas_last/experiment_organamnist_medmnist/moqnas/exp1_repeat_3,53_14,front,98.28,79467,89677184,26410.5,7
C,C2_medmnist,organamnist,moqnas,exp1_repeat_3,medmnist/moqnas_last/experiment_organamnist_medmnist/moqnas/exp1_repeat_3,145_19,strat10,97.78,106219,15933952,5820.6,9
C,C2_medmnist,organamnist,moqnas,exp1_repeat_3,medmnist/moqnas_last/experiment_organamnist_medmnist/moqnas/exp1_repeat_3,101_17,front,97.98,109867,64241344,20174.4,12
C,C2_medmnist,organamnist,moqnas,exp1_repeat_3,medmnist/moqnas_last/experiment_organamnist_medmnist/moqnas/exp1_repeat_3,126_14,front,98.38,130027,30673600,26983.8,11
C,C2_medmnist,organamnist,moqnas,exp1_repeat_3,medmnist/moqnas_last/experiment_organamnist_medmnist/moqnas/exp1_repeat_3,45_13,front,97.98,144427,197025472,2494.8,11
C,C2_medmnist,organamnist,moqnas,exp1_repeat_3,medmnist/moqnas_last/experiment_organamnist_medmnist/moqnas/exp1_repeat_3,130_19,front,98.28,147595,201842368,23260.8,11
C,C2_medmnist,organamnist,moqnas,exp1_repeat_3,medmnist/moqnas_last/experiment_organamnist_medmnist/moqnas/exp1_repeat_3,128_12,strat10,98.69,154667,203297472,3985.9,9
C,C2_medmnist,organamnist,moqnas,exp1_repeat_3,medmnist/moqnas_last/experiment_organamnist_medmnist/moqnas/exp1_repeat_3,83_3,front,89.8,175531,245707136,688.1,10
C,C2_medmnist,organamnist,moqnas,exp1_repeat_3,medmnist/moqnas_last/experiment_organamnist_medmnist/moqnas/exp1_repeat_3,40_5,front,94.85,185227,180470464,1227.2,15
C,C2_medmnist,organamnist,moqnas,exp1_repeat_3,medmnist/moqnas_last/experiment_organamnist_medmnist/moqnas/exp1_repeat_3,129_5,front,97.68,222155,175230336,2421.8,12
C,C2_medmnist,organamnist,moqnas,exp1_repeat_3,medmnist/moqnas_last/experiment_organamnist_medmnist/moqnas/exp1_repeat_3,91_2,strat10,97.98,233419,144508288,703.8,10
C,C2_medmnist,organamnist,moqnas,exp1_repeat_3,medmnist/moqnas_last/experiment_organamnist_medmnist/moqnas/exp1_repeat_3,35_5,front,98.28,285611,228213120,1044.9,13
C,C2_medmnist,organamnist,moqnas,exp1_repeat_3,medmnist/moqnas_last/experiment_organamnist_medmnist/moqnas/exp1_repeat_3,126_12,front,99.29,326283,238621376,13864.3,10
C,C2_medmnist,organamnist,moqnas,exp1_repeat_3,medmnist/moqnas_last/experiment_organamnist_medmnist/moqnas/exp1_repeat_3,101_4,front,99.09,327499,427104448,8369.3,10
C,C2_medmnist,organamnist,moqnas,exp1_repeat_3,medmnist/moqnas_last/experiment_organamnist_medmnist/moqnas/exp1_repeat_3,137_13,strat10,98.69,467307,414720704,3286.5,11
C,C2_medmnist,organamnist,moqnas,exp1_repeat_3,medmnist/moqnas_last/experiment_organamnist_medmnist/moqnas/exp1_repeat_3,74_1,best_acc,99.49,479915,471158976,16034.3,10
C,C2_medmnist,organamnist,moqnas,exp1_repeat_3,medmnist/moqnas_last/experiment_organamnist_medmnist/moqnas/exp1_repeat_3,36_10,front,98.38,482603,598806720,718.5,8
C,C2_medmnist,organamnist,moqnas,exp1_repeat_3,medmnist/moqnas_last/experiment_organamnist_medmnist/moqnas/exp1_repeat_3,122_4,front,98.79,523051,220770688,4642.4,12
C,C2_medmnist,organamnist,moqnas,exp1_repeat_3,medmnist/moqnas_last/experiment_organamnist_medmnist/moqnas/exp1_repeat_3,74_3,front,98.79,582763,899762368,2511.8,10
C,C2_medmnist,organamnist,moqnas,exp1_repeat_3,medmnist/moqnas_last/experiment_organamnist_medmnist/moqnas/exp1_repeat_3,90_19,front,98.89,611019,846603968,4602.6,11
C,C2_medmnist,organamnist,moqnas,exp1_repeat_3,medmnist/moqnas_last/experiment_organamnist_medmnist/moqnas/exp1_repeat_3,37_12,front,99.19,663499,777533632,7337.9,11
C,C2_medmnist,organamnist,moqnas,exp1_repeat_3,medmnist/moqnas_last/experiment_organamnist_medmnist/moqnas/exp1_repeat_3,117_1,front,98.48,695947,364679872,1504.7,14
C,C2_medmnist,organamnist,moqnas,exp1_repeat_3,medmnist/moqnas_last/experiment_organamnist_medmnist/moqnas/exp1_repeat_3,11_19,front,98.69,1153771,370049728,1075.4,14
C,C2_medmnist,organamnist,nsga2,exp1_repeat_1,medmnist/NSGA/experiment_organamnist_nsga2/nsga2/exp1_repeat_1,133_7,strat10,89.6,15371,1828288,21872.7,14
C,C2_medmnist,organamnist,nsga2,exp1_repeat_1,medmnist/NSGA/experiment_organamnist_nsga2/nsga2/exp1_repeat_1,128_14,front,89.49,27307,4548992,10500.4,16
C,C2_medmnist,organamnist,nsga2,exp1_repeat_1,medmnist/NSGA/experiment_organamnist_nsga2/nsga2/exp1_repeat_1,145_10,front,92.32,27307,3582336,10754.7,17
C,C2_medmnist,organamnist,nsga2,exp1_repeat_1,medmnist/NSGA/experiment_organamnist_nsga2/nsga2/exp1_repeat_1,105_10,knee,95.05,32523,8551872,17810.4,15
C,C2_medmnist,organamnist,nsga2,exp1_repeat_1,medmnist/NSGA/experiment_organamnist_nsga2/nsga2/exp1_repeat_1,123_14,front,94.34,33355,4206976,14081.3,16
C,C2_medmnist,organamnist,nsga2,exp1_repeat_1,medmnist/NSGA/experiment_organamnist_nsga2/nsga2/exp1_repeat_1,53_1,strat10,90.2,45259,19926400,8501.1,17
C,C2_medmnist,organamnist,nsga2,exp1_repeat_1,medmnist/NSGA/experiment_organamnist_nsga2/nsga2/exp1_repeat_1,100_9,front,94.24,46123,40224448,12510.4,16
C,C2_medmnist,organamnist,nsga2,exp1_repeat_1,medmnist/NSGA/experiment_organamnist_nsga2/nsga2/exp1_repeat_1,79_6,front,94.65,47979,24191360,15287.5,17
C,C2_medmnist,organamnist,nsga2,exp1_repeat_1,medmnist/NSGA/experiment_organamnist_nsga2/nsga2/exp1_repeat_1,120_19,front,90.81,59755,29002432,10566.9,15
C,C2_medmnist,organamnist,nsga2,exp1_repeat_1,medmnist/NSGA/experiment_organamnist_nsga2/nsga2/exp1_repeat_1,123_6,front,95.56,73739,68255104,11323.4,16
C,C2_medmnist,organamnist,nsga2,exp1_repeat_1,medmnist/NSGA/experiment_organamnist_nsga2/nsga2/exp1_repeat_1,140_0,front,93.43,84715,33660288,9809.2,15
C,C2_medmnist,organamnist,nsga2,exp1_repeat_1,medmnist/NSGA/experiment_organamnist_nsga2/nsga2/exp1_repeat_1,42_16,strat10,95.86,87723,42776960,10650.4,18
C,C2_medmnist,organamnist,nsga2,exp1_repeat_1,medmnist/NSGA/experiment_organamnist_nsga2/nsga2/exp1_repeat_1,46_14,front,96.16,88747,47092096,14664.5,18
C,C2_medmnist,organamnist,nsga2,exp1_repeat_1,medmnist/NSGA/experiment_organamnist_nsga2/nsga2/exp1_repeat_1,62_11,front,94.24,89483,45291904,10218.0,17
C,C2_medmnist,organamnist,nsga2,exp1_repeat_1,medmnist/NSGA/experiment_organamnist_nsga2/nsga2/exp1_repeat_1,142_19,front,96.57,93867,4073856,10523.1,16
C,C2_medmnist,organamnist,nsga2,exp1_repeat_1,medmnist/NSGA/experiment_organamnist_nsga2/nsga2/exp1_repeat_1,60_19,front,97.07,97515,34427584,21090.4,17
C,C2_medmnist,organamnist,nsga2,exp1_repeat_1,medmnist/NSGA/experiment_organamnist_nsga2/nsga2/exp1_repeat_1,120_15,strat10,90.4,107051,27550080,8439.5,16
C,C2_medmnist,organamnist,nsga2,exp1_repeat_1,medmnist/NSGA/experiment_organamnist_nsga2/nsga2/exp1_repeat_1,125_13,front,97.47,115211,50511552,10324.0,17
C,C2_medmnist,organamnist,nsga2,exp1_repeat_1,medmnist/NSGA/experiment_organamnist_nsga2/nsga2/exp1_repeat_1,93_4,front,97.58,120907,46320832,16849.8,18
C,C2_medmnist,organamnist,nsga2,exp1_repeat_1,medmnist/NSGA/experiment_organamnist_nsga2/nsga2/exp1_repeat_1,120_13,front,91.92,140555,216259968,6421.6,18
C,C2_medmnist,organamnist,nsga2,exp1_repeat_1,medmnist/NSGA/experiment_organamnist_nsga2/nsga2/exp1_repeat_1,42_8,front,94.65,145387,138741440,6002.4,19
C,C2_medmnist,organamnist,nsga2,exp1_repeat_1,medmnist/NSGA/experiment_organamnist_nsga2/nsga2/exp1_repeat_1,43_10,strat10,97.88,151371,51063488,17087.4,18
C,C2_medmnist,organamnist,nsga2,exp1_repeat_1,medmnist/NSGA/experiment_organamnist_nsga2/nsga2/exp1_repeat_1,67_5,front,95.05,151819,85588672,7461.4,16
C,C2_medmnist,organamnist,nsga2,exp1_repeat_1,medmnist/NSGA/experiment_organamnist_nsga2/nsga2/exp1_repeat_1,132_8,front,97.27,157419,223784320,8561.6,15
C,C2_medmnist,organamnist,nsga2,exp1_repeat_1,medmnist/NSGA/experiment_organamnist_nsga2/nsga2/exp1_repeat_1,142_10,front,93.23,163339,24340864,5539.3,16
C,C2_medmnist,organamnist,nsga2,exp1_repeat_1,medmnist/NSGA/experiment_organamnist_nsga2/nsga2/exp1_repeat_1,41_3,front,97.68,163371,199785152,11447.6,14
C,C2_medmnist,organamnist,nsga2,exp1_repeat_1,medmnist/NSGA/experiment_organamnist_nsga2/nsga2/exp1_repeat_1,46_10,front,95.45,178635,146013888,6541.1,17
C,C2_medmnist,organamnist,nsga2,exp1_repeat_1,medmnist/NSGA/experiment_organamnist_nsga2/nsga2/exp1_repeat_1,31_3,strat10,97.47,195499,211325632,9373.9,17
C,C2_medmnist,organamnist,nsga2,exp1_repeat_1,medmnist/NSGA/experiment_organamnist_nsga2/nsga2/exp1_repeat_1,39_4,front,97.98,201067,219755200,20859.3,13
C,C2_medmnist,organamnist,nsga2,exp1_repeat_1,medmnist/NSGA/experiment_organamnist_nsga2/nsga2/exp1_repeat_1,120_4,front,97.78,203019,81561344,8274.1,15
C,C2_medmnist,organamnist,nsga2,exp1_repeat_1,medmnist/NSGA/experiment_organamnist_nsga2/nsga2/exp1_repeat_1,61_14,front,97.17,210251,294432448,3931.0,16
C,C2_medmnist,organamnist,nsga2,exp1_repeat_1,medmnist/NSGA/experiment_organamnist_nsga2/nsga2/exp1_repeat_1,99_3,front,97.47,213995,287063232,5381.4,16
C,C2_medmnist,organamnist,nsga2,exp1_repeat_1,medmnist/NSGA/experiment_organamnist_nsga2/nsga2/exp1_repeat_1,138_2,strat10,98.38,219915,133538176,9377.7,18
C,C2_medmnist,organamnist,nsga2,exp1_repeat_1,medmnist/NSGA/experiment_organamnist_nsga2/nsga2/exp1_repeat_1,41_15,front,98.38,253483,302846656,7079.4,14
C,C2_medmnist,organamnist,nsga2,exp1_repeat_1,medmnist/NSGA/experiment_organamnist_nsga2/nsga2/exp1_repeat_1,142_15,front,98.38,292171,206676352,4511.5,19
C,C2_medmnist,organamnist,nsga2,exp1_repeat_1,medmnist/NSGA/experiment_organamnist_nsga2/nsga2/exp1_repeat_1,110_0,front,98.48,292811,401778048,7598.7,15
C,C2_medmnist,organamnist,nsga2,exp1_repeat_1,medmnist/NSGA/experiment_organamnist_nsga2/nsga2/exp1_repeat_1,15_7,front,98.69,295755,388095680,11102.3,14
C,C2_medmnist,organamnist,nsga2,exp1_repeat_1,medmnist/NSGA/experiment_organamnist_nsga2/nsga2/exp1_repeat_1,105_7,strat10,98.89,302283,408567488,10457.7,16
C,C2_medmnist,organamnist,nsga2,exp1_repeat_1,medmnist/NSGA/experiment_organamnist_nsga2/nsga2/exp1_repeat_1,99_12,front,98.48,318091,449232064,3457.2,16
C,C2_medmnist,organamnist,nsga2,exp1_repeat_1,medmnist/NSGA/experiment_organamnist_nsga2/nsga2/exp1_repeat_1,46_0,front,90.3,328555,218599808,3208.5,17
C,C2_medmnist,organamnist,nsga2,exp1_repeat_1,medmnist/NSGA/experiment_organamnist_nsga2/nsga2/exp1_repeat_1,110_7,front,96.77,396907,547420864,3289.8,16
C,C2_medmnist,organamnist,nsga2,exp1_repeat_1,medmnist/NSGA/experiment_organamnist_nsga2/nsga2/exp1_repeat_1,89_13,front,98.69,408203,592334016,8865.7,16
C,C2_medmnist,organamnist,nsga2,exp1_repeat_1,medmnist/NSGA/experiment_organamnist_nsga2/nsga2/exp1_repeat_1,112_5,front,98.99,409643,584820096,6393.0,15
C,C2_medmnist,organamnist,nsga2,exp1_repeat_1,medmnist/NSGA/experiment_organamnist_nsga2/nsga2/exp1_repeat_1,116_1,best_acc,99.19,450475,658315456,3639.5,15
C,C2_medmnist,organamnist,nsga2,exp1_repeat_1,medmnist/NSGA/experiment_organamnist_nsga2/nsga2/exp1_repeat_1,61_12,front,93.94,614763,716166656,3033.9,16
C,C2_medmnist,organamnist,nsga2,exp1_repeat_1,medmnist/NSGA/experiment_organamnist_nsga2/nsga2/exp1_repeat_1,49_0,front,98.99,961739,1457568960,3523.8,16
C,C2_medmnist,organamnist,nsga2,exp1_repeat_1,medmnist/NSGA/experiment_organamnist_nsga2/nsga2/exp1_repeat_1,48_18,front,98.08,1113227,1650774720,3435.5,15
C,C2_medmnist,organamnist,nsga2,exp1_repeat_1,medmnist/NSGA/experiment_organamnist_nsga2/nsga2/exp1_repeat_1,70_4,front,99.09,1245035,1876494720,3054.1,16
C,C2_medmnist,organamnist,nsga2,exp1_repeat_1,medmnist/NSGA/experiment_organamnist_nsga2/nsga2/exp1_repeat_1,148_9,front,99.19,1373387,1831540416,3542.9,16
C,C2_medmnist,organamnist,nsga2,exp1_repeat_2,medmnist/NSGA/experiment_organamnist_nsga2/nsga2/exp1_repeat_2,62_16,strat10,91.01,25323,3593664,22485.3,16
C,C2_medmnist,organamnist,nsga2,exp1_repeat_2,medmnist/NSGA/experiment_organamnist_nsga2/nsga2/exp1_repeat_2,131_12,front,92.53,29387,8065728,32860.2,16
C,C2_medmnist,organamnist,nsga2,exp1_repeat_2,medmnist/NSGA/experiment_organamnist_nsga2/nsga2/exp1_repeat_2,75_14,front,93.54,30091,4102528,13503.0,15
C,C2_medmnist,organamnist,nsga2,exp1_repeat_2,medmnist/NSGA/experiment_organamnist_nsga2/nsga2/exp1_repeat_2,124_3,compact,95.05,36587,5852864,19978.5,15
C,C2_medmnist,organamnist,nsga2,exp1_repeat_2,medmnist/NSGA/experiment_organamnist_nsga2/nsga2/exp1_repeat_2,143_9,front,91.72,38187,559232,10246.3,18
C,C2_medmnist,organamnist,nsga2,exp1_repeat_2,medmnist/NSGA/experiment_organamnist_nsga2/nsga2/exp1_repeat_2,26_19,front,93.84,49099,7329472,15152.8,16
C,C2_medmnist,organamnist,nsga2,exp1_repeat_2,medmnist/NSGA/experiment_organamnist_nsga2/nsga2/exp1_repeat_2,100_8,strat10,95.76,60459,12275392,19964.5,15
C,C2_medmnist,organamnist,nsga2,exp1_repeat_2,medmnist/NSGA/experiment_organamnist_nsga2/nsga2/exp1_repeat_2,54_16,front,96.26,64747,40396480,29719.3,15
C,C2_medmnist,organamnist,nsga2,exp1_repeat_2,medmnist/NSGA/experiment_organamnist_nsga2/nsga2/exp1_repeat_2,21_9,front,96.57,65387,34381504,20629.6,16
C,C2_medmnist,organamnist,nsga2,exp1_repeat_2,medmnist/NSGA/experiment_organamnist_nsga2/nsga2/exp1_repeat_2,26_18,front,95.25,65931,36020608,13750.4,17
C,C2_medmnist,organamnist,nsga2,exp1_repeat_2,medmnist/NSGA/experiment_organamnist_nsga2/nsga2/exp1_repeat_2,56_17,knee,97.68,66219,40399232,24076.7,15
C,C2_medmnist,organamnist,nsga2,exp1_repeat_2,medmnist/NSGA/experiment_organamnist_nsga2/nsga2/exp1_repeat_2,22_4,front,96.97,70411,36388544,19035.8,16
C,C2_medmnist,organamnist,nsga2,exp1_repeat_2,medmnist/NSGA/experiment_organamnist_nsga2/nsga2/exp1_repeat_2,26_3,strat10,97.68,76171,34402688,14371.5,16
C,C2_medmnist,organamnist,nsga2,exp1_repeat_2,medmnist/NSGA/experiment_organamnist_nsga2/nsga2/exp1_repeat_2,118_19,front,92.32,83307,1658304,5359.7,18
C,C2_medmnist,organamnist,nsga2,exp1_repeat_2,medmnist/NSGA/experiment_organamnist_nsga2/nsga2/exp1_repeat_2,57_11,front,94.85,85387,68597120,7470.9,15
C,C2_medmnist,organamnist,nsga2,exp1_repeat_2,medmnist/NSGA/experiment_organamnist_nsga2/nsga2/exp1_repeat_2,96_19,front,94.95,120715,17068736,12683.6,15
C,C2_medmnist,organamnist,nsga2,exp1_repeat_2,medmnist/NSGA/experiment_organamnist_nsga2/nsga2/exp1_repeat_2,8_10,front,98.38,125259,52154048,19272.1,16
C,C2_medmnist,organamnist,nsga2,exp1_repeat_2,medmnist/NSGA/experiment_organamnist_nsga2/nsga2/exp1_repeat_2,109_7,front,97.07,129291,91325120,12349.3,15
C,C2_medmnist,organamnist,nsga2,exp1_repeat_2,medmnist/NSGA/experiment_organamnist_nsga2/nsga2/exp1_repeat_2,49_16,strat10,96.97,148075,107646656,11996.0,14
C,C2_medmnist,organamnist,nsga2,exp1_repeat_2,medmnist/NSGA/experiment_organamnist_nsga2/nsga2/exp1_repeat_2,57_5,front,96.87,158923,128351936,9192.9,17
C,C2_medmnist,organamnist,nsga2,exp1_repeat_2,medmnist/NSGA/experiment_organamnist_nsga2/nsga2/exp1_repeat_2,39_11,front,98.48,161803,77656768,33003.6,15
C,C2_medmnist,organamnist,nsga2,exp1_repeat_2,medmnist/NSGA/experiment_organamnist_nsga2/nsga2/exp1_repeat_2,14_8,front,98.08,185899,82853248,13297.2,16
C,C2_medmnist,organamnist,nsga2,exp1_repeat_2,medmnist/NSGA/experiment_organamnist_nsga2/nsga2/exp1_repeat_2,49_14,front,97.27,191307,66050432,5437.6,13
C,C2_medmnist,organamnist,nsga2,exp1_repeat_2,medmnist/NSGA/experiment_organamnist_nsga2/nsga2/exp1_repeat_2,21_10,front,97.78,197163,253451648,9974.5,16
C,C2_medmnist,organamnist,nsga2,exp1_repeat_2,medmnist/NSGA/experiment_organamnist_nsga2/nsga2/exp1_repeat_2,22_2,strat10,98.28,198411,108603776,13073.5,16
C,C2_medmnist,organamnist,nsga2,exp1_repeat_2,medmnist/NSGA/experiment_organamnist_nsga2/nsga2/exp1_repeat_2,22_13,front,98.38,231467,98163072,14829.1,16
C,C2_medmnist,organamnist,nsga2,exp1_repeat_2,medmnist/NSGA/experiment_organamnist_nsga2/nsga2/exp1_repeat_2,21_2,front,98.08,245099,203670720,10060.1,16
C,C2_medmnist,organamnist,nsga2,exp1_repeat_2,medmnist/NSGA/experiment_organamnist_nsga2/nsga2/exp1_repeat_2,45_18,front,98.38,251627,190129536,10969.3,14
C,C2_medmnist,organamnist,nsga2,exp1_repeat_2,medmnist/NSGA/experiment_organamnist_nsga2/nsga2/exp1_repeat_2,6_2,front,98.79,256459,221332672,9375.0,16
C,C2_medmnist,organamnist,nsga2,exp1_repeat_2,medmnist/NSGA/experiment_organamnist_nsga2/nsga2/exp1_repeat_2,47_11,front,98.48,325611,204992192,9315.1,14
C,C2_medmnist,organamnist,nsga2,exp1_repeat_2,medmnist/NSGA/experiment_organamnist_nsga2/nsga2/exp1_repeat_2,102_19,strat10,97.98,336011,369709440,7966.9,16
C,C2_medmnist,organamnist,nsga2,exp1_repeat_2,medmnist/NSGA/experiment_organamnist_nsga2/nsga2/exp1_repeat_2,14_1,front,98.89,422827,141251776,13485.8,16
C,C2_medmnist,organamnist,nsga2,exp1_repeat_2,medmnist/NSGA/experiment_organamnist_nsga2/nsga2/exp1_repeat_2,101_12,front,98.48,428427,599102144,7570.2,16
C,C2_medmnist,organamnist,nsga2,exp1_repeat_2,medmnist/NSGA/experiment_organamnist_nsga2/nsga2/exp1_repeat_2,6_10,front,97.88,560427,696750272,5458.5,17
C,C2_medmnist,organamnist,nsga2,exp1_repeat_2,medmnist/NSGA/experiment_organamnist_nsga2/nsga2/exp1_repeat_2,7_16,front,96.26,599083,838337728,4491.4,17
C,C2_medmnist,organamnist,nsga2,exp1_repeat_2,medmnist/NSGA/experiment_organamnist_nsga2/nsga2/exp1_repeat_2,147_17,front,98.69,671819,870660288,4084.0,14
C,C2_medmnist,organamnist,nsga2,exp1_repeat_2,medmnist/NSGA/experiment_organamnist_nsga2/nsga2/exp1_repeat_2,72_4,strat10,98.99,760235,965571264,19950.7,17
C,C2_medmnist,organamnist,nsga2,exp1_repeat_2,medmnist/NSGA/experiment_organamnist_nsga2/nsga2/exp1_repeat_2,126_8,front,98.99,760555,725546368,12214.8,14
C,C2_medmnist,organamnist,nsga2,exp1_repeat_2,medmnist/NSGA/experiment_organamnist_nsga2/nsga2/exp1_repeat_2,42_16,front,98.59,791915,1169085120,3174.5,16
C,C2_medmnist,organamnist,nsga2,exp1_repeat_2,medmnist/NSGA/experiment_organamnist_nsga2/nsga2/exp1_repeat_2,42_0,front,98.28,939307,1171242688,3054.8,16
C,C2_medmnist,organamnist,nsga2,exp1_repeat_2,medmnist/NSGA/experiment_organamnist_nsga2/nsga2/exp1_repeat_2,88_12,front,95.66,993931,1427564224,2320.0,17
C,C2_medmnist,organamnist,nsga2,exp1_repeat_2,medmnist/NSGA/experiment_organamnist_nsga2/nsga2/exp1_repeat_2,25_18,front,98.89,1022379,1463467712,11545.9,17
C,C2_medmnist,organamnist,nsga2,exp1_repeat_2,medmnist/NSGA/experiment_organamnist_nsga2/nsga2/exp1_repeat_2,58_7,front,98.79,1157739,1298489024,7666.7,15
C,C2_medmnist,organamnist,nsga2,exp1_repeat_2,medmnist/NSGA/experiment_organamnist_nsga2/nsga2/exp1_repeat_2,44_18,front,98.69,1169867,1317204672,3150.6,16
C,C2_medmnist,organamnist,nsga2,exp1_repeat_2,medmnist/NSGA/experiment_organamnist_nsga2/nsga2/exp1_repeat_2,49_0,front,99.29,1250283,1442995904,5664.9,16
C,C2_medmnist,organamnist,nsga2,exp1_repeat_2,medmnist/NSGA/experiment_organamnist_nsga2/nsga2/exp1_repeat_2,86_2,front,96.87,1268171,1979094720,2989.5,18
C,C2_medmnist,organamnist,nsga2,exp1_repeat_2,medmnist/NSGA/experiment_organamnist_nsga2/nsga2/exp1_repeat_2,44_1,best_acc,99.49,1582987,1886774464,3188.2,17
C,C2_medmnist,organamnist,nsga2,exp1_repeat_2,medmnist/NSGA/experiment_organamnist_nsga2/nsga2/exp1_repeat_2,80_3,front,95.76,1645867,2566707904,2583.4,16
C,C2_medmnist,organamnist,nsga2,exp1_repeat_2,medmnist/NSGA/experiment_organamnist_nsga2/nsga2/exp1_repeat_2,49_10,front,96.77,1692491,2551199424,2934.6,18
C,C2_medmnist,organamnist,nsga2,exp1_repeat_2,medmnist/NSGA/experiment_organamnist_nsga2/nsga2/exp1_repeat_2,88_8,front,97.98,1765803,2705951424,2496.5,16
C,C2_medmnist,organamnist,nsga2,exp1_repeat_2,medmnist/NSGA/experiment_organamnist_nsga2/nsga2/exp1_repeat_2,81_10,front,98.89,2087531,3201088192,3091.5,16
C,C2_medmnist,organamnist,nsga2,exp1_repeat_2,medmnist/NSGA/experiment_organamnist_nsga2/nsga2/exp1_repeat_2,55_19,front,98.08,2115371,3249148608,2761.3,17
C,C2_medmnist,organamnist,nsga2,exp1_repeat_2,medmnist/NSGA/experiment_organamnist_nsga2/nsga2/exp1_repeat_2,119_17,front,98.99,2409547,3714288320,1113.8,16
C,C2_medmnist,organamnist,nsga2,exp1_repeat_2,medmnist/NSGA/experiment_organamnist_nsga2/nsga2/exp1_repeat_2,121_17,front,98.89,2813099,4353530560,1106.7,16
C,C2_medmnist,organamnist,nsga2,exp1_repeat_2,medmnist/NSGA/experiment_organamnist_nsga2/nsga2/exp1_repeat_2,123_1,front,99.19,2814219,4353532608,1203.8,16
C,C2_medmnist,organamnist,nsga2,exp1_repeat_3,medmnist/NSGA/experiment_organamnist_nsga2/nsga2/exp1_repeat_3,145_0,strat10,89.6,12875,6674112,11782.0,15
C,C2_medmnist,organamnist,nsga2,exp1_repeat_3,medmnist/NSGA/experiment_organamnist_nsga2/nsga2/exp1_repeat_3,90_19,front,92.83,27531,4317888,28601.4,15
C,C2_medmnist,organamnist,nsga2,exp1_repeat_3,medmnist/NSGA/experiment_organamnist_nsga2/nsga2/exp1_repeat_3,66_9,front,91.82,38219,6292160,15941.3,16
C,C2_medmnist,organamnist,nsga2,exp1_repeat_3,medmnist/NSGA/experiment_organamnist_nsga2/nsga2/exp1_repeat_3,146_14,front,93.74,44875,4243136,12639.8,16
C,C2_medmnist,organamnist,nsga2,exp1_repeat_3,medmnist/NSGA/experiment_organamnist_nsga2/nsga2/exp1_repeat_3,137_4,front,94.24,46347,7741184,19731.0,15
C,C2_medmnist,organamnist,nsga2,exp1_repeat_3,medmnist/NSGA/experiment_organamnist_nsga2/nsga2/exp1_repeat_3,31_16,compact,95.45,51915,22283648,29590.0,17
C,C2_medmnist,organamnist,nsga2,exp1_repeat_3,medmnist/NSGA/experiment_organamnist_nsga2/nsga2/exp1_repeat_3,46_0,knee,96.46,57419,7688896,12475.5,17
C,C2_medmnist,organamnist,nsga2,exp1_repeat_3,medmnist/NSGA/experiment_organamnist_nsga2/nsga2/exp1_repeat_3,105_1,front,93.74,75499,33361600,11307.9,16
C,C2_medmnist,organamnist,nsga2,exp1_repeat_3,medmnist/NSGA/experiment_organamnist_nsga2/nsga2/exp1_repeat_3,103_5,front,91.01,117035,24531072,9883.5,14
C,C2_medmnist,organamnist,nsga2,exp1_repeat_3,medmnist/NSGA/experiment_organamnist_nsga2/nsga2/exp1_repeat_3,54_0,front,96.67,123659,21892480,15962.7,17
C,C2_medmnist,organamnist,nsga2,exp1_repeat_3,medmnist/NSGA/experiment_organamnist_nsga2/nsga2/exp1_repeat_3,33_4,strat10,96.77,143819,72441216,15131.9,18
C,C2_medmnist,organamnist,nsga2,exp1_repeat_3,medmnist/NSGA/experiment_organamnist_nsga2/nsga2/exp1_repeat_3,129_14,front,96.26,148299,26368384,12373.0,16
C,C2_medmnist,organamnist,nsga2,exp1_repeat_3,medmnist/NSGA/experiment_organamnist_nsga2/nsga2/exp1_repeat_3,148_9,front,98.08,163307,141713088,19190.2,16
C,C2_medmnist,organamnist,nsga2,exp1_repeat_3,medmnist/NSGA/experiment_organamnist_nsga2/nsga2/exp1_repeat_3,33_19,front,97.07,163755,54779264,12697.3,18
C,C2_medmnist,organamnist,nsga2,exp1_repeat_3,medmnist/NSGA/experiment_organamnist_nsga2/nsga2/exp1_repeat_3,89_18,front,89.6,165547,2345664,4865.1,14
C,C2_medmnist,organamnist,nsga2,exp1_repeat_3,medmnist/NSGA/experiment_organamnist_nsga2/nsga2/exp1_repeat_3,109_7,front,90.1,171755,206199552,7694.7,15
C,C2_medmnist,organamnist,nsga2,exp1_repeat_3,medmnist/NSGA/experiment_organamnist_nsga2/nsga2/exp1_repeat_3,53_2,strat10,97.68,182315,211050688,16895.1,16
C,C2_medmnist,organamnist,nsga2,exp1_repeat_3,medmnist/NSGA/experiment_organamnist_nsga2/nsga2/exp1_repeat_3,103_16,front,92.53,200139,73079552,10561.4,16
C,C2_medmnist,organamnist,nsga2,exp1_repeat_3,medmnist/NSGA/experiment_organamnist_nsga2/nsga2/exp1_repeat_3,29_2,front,98.28,204747,74830016,27303.2,15
C,C2_medmnist,organamnist,nsga2,exp1_repeat_3,medmnist/NSGA/experiment_organamnist_nsga2/nsga2/exp1_repeat_3,136_6,front,92.63,230635,321774976,9888.9,16
C,C2_medmnist,organamnist,nsga2,exp1_repeat_3,medmnist/NSGA/experiment_organamnist_nsga2/nsga2/exp1_repeat_3,131_6,front,95.45,237803,156243328,8808.2,16
C,C2_medmnist,organamnist,nsga2,exp1_repeat_3,medmnist/NSGA/experiment_organamnist_nsga2/nsga2/exp1_repeat_3,61_4,strat10,96.26,248203,356284096,11398.2,17
C,C2_medmnist,organamnist,nsga2,exp1_repeat_3,medmnist/NSGA/experiment_organamnist_nsga2/nsga2/exp1_repeat_3,58_4,front,98.18,275147,90990272,22216.7,18
C,C2_medmnist,organamnist,nsga2,exp1_repeat_3,medmnist/NSGA/experiment_organamnist_nsga2/nsga2/exp1_repeat_3,131_1,front,97.47,314027,159794880,9987.7,16
C,C2_medmnist,organamnist,nsga2,exp1_repeat_3,medmnist/NSGA/experiment_organamnist_nsga2/nsga2/exp1_repeat_3,78_0,front,96.46,399339,50272640,9381.1,17
C,C2_medmnist,organamnist,nsga2,exp1_repeat_3,medmnist/NSGA/experiment_organamnist_nsga2/nsga2/exp1_repeat_3,123_15,front,99.19,405387,413187456,12239.6,13
C,C2_medmnist,organamnist,nsga2,exp1_repeat_3,medmnist/NSGA/experiment_organamnist_nsga2/nsga2/exp1_repeat_3,105_10,strat10,97.78,466283,250183872,9476.7,13
C,C2_medmnist,organamnist,nsga2,exp1_repeat_3,medmnist/NSGA/experiment_organamnist_nsga2/nsga2/exp1_repeat_3,103_8,front,95.66,509835,590368448,6652.9,18
C,C2_medmnist,organamnist,nsga2,exp1_repeat_3,medmnist/NSGA/experiment_organamnist_nsga2/nsga2/exp1_repeat_3,139_8,front,97.37,535275,638289280,8971.5,16
C,C2_medmnist,organamnist,nsga2,exp1_repeat_3,medmnist/NSGA/experiment_organamnist_nsga2/nsga2/exp1_repeat_3,49_3,front,98.08,553739,855607488,11840.0,18
C,C2_medmnist,organamnist,nsga2,exp1_repeat_3,medmnist/NSGA/experiment_organamnist_nsga2/nsga2/exp1_repeat_3,136_0,front,97.27,620875,639878848,8257.1,16
C,C2_medmnist,organamnist,nsga2,exp1_repeat_3,medmnist/NSGA/experiment_organamnist_nsga2/nsga2/exp1_repeat_3,119_13,strat10,91.11,665771,879088320,5641.3,15
C,C2_medmnist,organamnist,nsga2,exp1_repeat_3,medmnist/NSGA/experiment_organamnist_nsga2/nsga2/exp1_repeat_3,122_6,front,97.17,689003,760836608,7655.3,16
C,C2_medmnist,organamnist,nsga2,exp1_repeat_3,medmnist/NSGA/experiment_organamnist_nsga2/nsga2/exp1_repeat_3,6_9,front,98.28,773483,935069888,11266.1,19
C,C2_medmnist,organamnist,nsga2,exp1_repeat_3,medmnist/NSGA/experiment_organamnist_nsga2/nsga2/exp1_repeat_3,78_6,front,95.56,781515,75715712,6520.9,14
C,C2_medmnist,organamnist,nsga2,exp1_repeat_3,medmnist/NSGA/experiment_organamnist_nsga2/nsga2/exp1_repeat_3,81_12,front,96.97,785067,82301312,7338.3,14
C,C2_medmnist,organamnist,nsga2,exp1_repeat_3,medmnist/NSGA/experiment_organamnist_nsga2/nsga2/exp1_repeat_3,100_1,front,97.88,864171,1014494976,7633.9,15
C,C2_medmnist,organamnist,nsga2,exp1_repeat_3,medmnist/NSGA/experiment_organamnist_nsga2/nsga2/exp1_repeat_3,28_13,strat10,98.59,920203,939128512,12044.8,20
C,C2_medmnist,organamnist,nsga2,exp1_repeat_3,medmnist/NSGA/experiment_organamnist_nsga2/nsga2/exp1_repeat_3,89_14,front,98.69,978379,1009484480,5917.8,16
C,C2_medmnist,organamnist,nsga2,exp1_repeat_3,medmnist/NSGA/experiment_organamnist_nsga2/nsga2/exp1_repeat_3,32_5,front,97.47,1201963,1429514944,5869.7,18
C,C2_medmnist,organamnist,nsga2,exp1_repeat_3,medmnist/NSGA/experiment_organamnist_nsga2/nsga2/exp1_repeat_3,94_8,front,98.89,1230059,1752472320,10905.3,15
C,C2_medmnist,organamnist,nsga2,exp1_repeat_3,medmnist/NSGA/experiment_organamnist_nsga2/nsga2/exp1_repeat_3,140_19,front,98.99,1253259,1943429504,5912.1,16
C,C2_medmnist,organamnist,nsga2,exp1_repeat_3,medmnist/NSGA/experiment_organamnist_nsga2/nsga2/exp1_repeat_3,84_4,front,97.17,1375531,2059224448,5680.4,16
C,C2_medmnist,organamnist,nsga2,exp1_repeat_3,medmnist/NSGA/experiment_organamnist_nsga2/nsga2/exp1_repeat_3,136_19,best_acc,99.29,1441579,1960413952,7308.0,16
C,C2_medmnist,organamnist,nsga2,exp1_repeat_3,medmnist/NSGA/experiment_organamnist_nsga2/nsga2/exp1_repeat_3,141_3,front,98.89,1531883,2245300992,4373.1,15
C,C2_medmnist,organamnist,nsga2,exp1_repeat_3,medmnist/NSGA/experiment_organamnist_nsga2/nsga2/exp1_repeat_3,142_8,front,99.19,1902315,2965213568,6669.9,16
C,C2_medmnist,organamnist,nsga2,exp1_repeat_3,medmnist/NSGA/experiment_organamnist_nsga2/nsga2/exp1_repeat_3,99_3,front,98.59,1983403,3096869056,2027.8,16
C,C2_medmnist,organamnist,nsga2,exp1_repeat_3,medmnist/NSGA/experiment_organamnist_nsga2/nsga2/exp1_repeat_3,75_15,front,98.99,2299915,3588198784,1352.6,16
C,C2_medmnist,organamnist,nsga3,exp1_repeat_1,medmnist/NSGA/experiment_organamnist_nsga3/nsga3/exp1_repeat_1,135_9,compact,94.75,29675,25574080,15015.0,13
C,C2_medmnist,organamnist,nsga3,exp1_repeat_1,medmnist/NSGA/experiment_organamnist_nsga3/nsga3/exp1_repeat_1,135_1,front,95.05,35691,19524800,18546.6,14
C,C2_medmnist,organamnist,nsga3,exp1_repeat_1,medmnist/NSGA/experiment_organamnist_nsga3/nsga3/exp1_repeat_1,149_9,front,93.64,37771,32918208,14861.0,14
C,C2_medmnist,organamnist,nsga3,exp1_repeat_1,medmnist/NSGA/experiment_organamnist_nsga3/nsga3/exp1_repeat_1,144_1,knee,97.78,39499,15848640,24308.8,12
C,C2_medmnist,organamnist,nsga3,exp1_repeat_1,medmnist/NSGA/experiment_organamnist_nsga3/nsga3/exp1_repeat_1,134_3,front,96.57,40043,19574976,21009.7,13
C,C2_medmnist,organamnist,nsga3,exp1_repeat_1,medmnist/NSGA/experiment_organamnist_nsga3/nsga3/exp1_repeat_1,121_3,strat10,94.34,40587,55802048,6167.5,13
C,C2_medmnist,organamnist,nsga3,exp1_repeat_1,medmnist/NSGA/experiment_organamnist_nsga3/nsga3/exp1_repeat_1,139_15,front,96.57,44747,38318784,16715.1,13
C,C2_medmnist,organamnist,nsga3,exp1_repeat_1,medmnist/NSGA/experiment_organamnist_nsga3/nsga3/exp1_repeat_1,137_13,front,96.97,48651,16442048,20492.0,12
C,C2_medmnist,organamnist,nsga3,exp1_repeat_1,medmnist/NSGA/experiment_organamnist_nsga3/nsga3/exp1_repeat_1,148_13,front,97.37,51947,60217536,12485.5,13
C,C2_medmnist,organamnist,nsga3,exp1_repeat_1,medmnist/NSGA/experiment_organamnist_nsga3/nsga3/exp1_repeat_1,133_9,strat10,95.45,60203,73743040,9420.9,16
C,C2_medmnist,organamnist,nsga3,exp1_repeat_1,medmnist/NSGA/experiment_organamnist_nsga3/nsga3/exp1_repeat_1,134_17,front,96.06,68683,52243136,11051.5,15
C,C2_medmnist,organamnist,nsga3,exp1_repeat_1,medmnist/NSGA/experiment_organamnist_nsga3/nsga3/exp1_repeat_1,135_7,front,97.68,70667,36839104,18221.5,16
C,C2_medmnist,organamnist,nsga3,exp1_repeat_1,medmnist/NSGA/experiment_organamnist_nsga3/nsga3/exp1_repeat_1,146_9,front,96.57,73579,82323136,12437.7,14
C,C2_medmnist,organamnist,nsga3,exp1_repeat_1,medmnist/NSGA/experiment_organamnist_nsga3/nsga3/exp1_repeat_1,149_12,front,97.58,78603,92759744,4920.3,14
C,C2_medmnist,organamnist,nsga3,exp1_repeat_1,medmnist/NSGA/experiment_organamnist_nsga3/nsga3/exp1_repeat_1,145_10,strat10,98.08,84715,94738624,10166.4,13
C,C2_medmnist,organamnist,nsga3,exp1_repeat_1,medmnist/NSGA/experiment_organamnist_nsga3/nsga3/exp1_repeat_1,139_8,front,97.27,102219,122034368,4202.5,14
C,C2_medmnist,organamnist,nsga3,exp1_repeat_1,medmnist/NSGA/experiment_organamnist_nsga3/nsga3/exp1_repeat_1,137_16,front,98.18,103179,35133120,18429.3,15
C,C2_medmnist,organamnist,nsga3,exp1_repeat_1,medmnist/NSGA/experiment_organamnist_nsga3/nsga3/exp1_repeat_1,137_19,front,97.88,114667,116806336,9225.7,15
C,C2_medmnist,organamnist,nsga3,exp1_repeat_1,medmnist/NSGA/experiment_organamnist_nsga3/nsga3/exp1_repeat_1,125_0,front,98.28,117675,146118848,4786.7,16
C,C2_medmnist,organamnist,nsga3,exp1_repeat_1,medmnist/NSGA/experiment_organamnist_nsga3/nsga3/exp1_repeat_1,75_13,strat10,95.56,125899,190022848,3823.6,14
C,C2_medmnist,organamnist,nsga3,exp1_repeat_1,medmnist/NSGA/experiment_organamnist_nsga3/nsga3/exp1_repeat_1,134_8,front,98.38,127275,76273856,12130.2,16
C,C2_medmnist,organamnist,nsga3,exp1_repeat_1,medmnist/NSGA/experiment_organamnist_nsga3/nsga3/exp1_repeat_1,124_15,front,96.67,163883,226027200,3668.0,16
C,C2_medmnist,organamnist,nsga3,exp1_repeat_1,medmnist/NSGA/experiment_organamnist_nsga3/nsga3/exp1_repeat_1,135_4,front,98.69,172043,231217344,4929.9,15
C,C2_medmnist,organamnist,nsga3,exp1_repeat_1,medmnist/NSGA/experiment_organamnist_nsga3/nsga3/exp1_repeat_1,149_11,strat10,98.18,175211,266139840,3676.6,14
C,C2_medmnist,organamnist,nsga3,exp1_repeat_1,medmnist/NSGA/experiment_organamnist_nsga3/nsga3/exp1_repeat_1,73_17,front,91.11,205739,315105984,3536.0,18
C,C2_medmnist,organamnist,nsga3,exp1_repeat_1,medmnist/NSGA/experiment_organamnist_nsga3/nsga3/exp1_repeat_1,139_2,front,98.28,260683,388569280,4594.5,17
C,C2_medmnist,organamnist,nsga3,exp1_repeat_1,medmnist/NSGA/experiment_organamnist_nsga3/nsga3/exp1_repeat_1,75_8,front,95.35,284011,235099520,3585.5,18
C,C2_medmnist,organamnist,nsga3,exp1_repeat_1,medmnist/NSGA/experiment_organamnist_nsga3/nsga3/exp1_repeat_1,132_11,front,98.28,284907,393815744,3360.3,14
C,C2_medmnist,organamnist,nsga3,exp1_repeat_1,medmnist/NSGA/experiment_organamnist_nsga3/nsga3/exp1_repeat_1,138_8,strat10,97.07,287147,319170048,3353.0,15
C,C2_medmnist,organamnist,nsga3,exp1_repeat_1,medmnist/NSGA/experiment_organamnist_nsga3/nsga3/exp1_repeat_1,141_0,front,98.48,294475,422287552,4107.3,16
C,C2_medmnist,organamnist,nsga3,exp1_repeat_1,medmnist/NSGA/experiment_organamnist_nsga3/nsga3/exp1_repeat_1,135_5,front,98.28,349035,442364288,3167.2,17
C,C2_medmnist,organamnist,nsga3,exp1_repeat_1,medmnist/NSGA/experiment_organamnist_nsga3/nsga3/exp1_repeat_1,108_10,front,98.89,424587,511554240,7655.7,15
C,C2_medmnist,organamnist,nsga3,exp1_repeat_1,medmnist/NSGA/experiment_organamnist_nsga3/nsga3/exp1_repeat_1,115_15,front,98.69,435275,528614080,4093.2,17
C,C2_medmnist,organamnist,nsga3,exp1_repeat_1,medmnist/NSGA/experiment_organamnist_nsga3/nsga3/exp1_repeat_1,109_6,strat10,98.89,467307,538125696,5598.3,15
C,C2_medmnist,organamnist,nsga3,exp1_repeat_1,medmnist/NSGA/experiment_organamnist_nsga3/nsga3/exp1_repeat_1,72_19,front,98.38,475051,481222336,3350.2,17
C,C2_medmnist,organamnist,nsga3,exp1_repeat_1,medmnist/NSGA/experiment_organamnist_nsga3/nsga3/exp1_repeat_1,142_15,front,97.88,526603,792815296,2945.9,15
C,C2_medmnist,organamnist,nsga3,exp1_repeat_1,medmnist/NSGA/experiment_organamnist_nsga3/nsga3/exp1_repeat_1,107_19,front,98.99,615243,680086208,6318.0,17
C,C2_medmnist,organamnist,nsga3,exp1_repeat_1,medmnist/NSGA/experiment_organamnist_nsga3/nsga3/exp1_repeat_1,99_19,front,98.48,641995,854603968,3048.8,16
C,C2_medmnist,organamnist,nsga3,exp1_repeat_1,medmnist/NSGA/experiment_organamnist_nsga3/nsga3/exp1_repeat_1,80_2,front,98.38,891979,1377538240,2695.1,14
C,C2_medmnist,organamnist,nsga3,exp1_repeat_1,medmnist/NSGA/experiment_organamnist_nsga3/nsga3/exp1_repeat_1,147_2,front,98.79,995403,1528194752,3590.6,15
C,C2_medmnist,organamnist,nsga3,exp1_repeat_1,medmnist/NSGA/experiment_organamnist_nsga3/nsga3/exp1_repeat_1,8_3,front,98.99,1032523,1081819648,4112.3,17
C,C2_medmnist,organamnist,nsga3,exp1_repeat_1,medmnist/NSGA/experiment_organamnist_nsga3/nsga3/exp1_repeat_1,87_5,front,96.97,1105995,1591885184,2605.2,15
C,C2_medmnist,organamnist,nsga3,exp1_repeat_1,medmnist/NSGA/experiment_organamnist_nsga3/nsga3/exp1_repeat_1,44_19,best_acc,99.09,1369995,1610072576,4141.7,18
C,C2_medmnist,organamnist,nsga3,exp1_repeat_2,medmnist/NSGA/experiment_organamnist_nsga3/nsga3/exp1_repeat_2,149_13,compact,94.65,24331,13001920,20651.1,14
C,C2_medmnist,organamnist,nsga3,exp1_repeat_2,medmnist/NSGA/experiment_organamnist_nsga3/nsga3/exp1_repeat_2,124_6,front,96.67,33547,31968448,13850.9,13
C,C2_medmnist,organamnist,nsga3,exp1_repeat_2,medmnist/NSGA/experiment_organamnist_nsga3/nsga3/exp1_repeat_2,113_15,front,95.66,35563,44763328,11956.0,13
C,C2_medmnist,organamnist,nsga3,exp1_repeat_2,medmnist/NSGA/experiment_organamnist_nsga3/nsga3/exp1_repeat_2,112_3,front,92.83,39915,44722880,7507.9,14
C,C2_medmnist,organamnist,nsga3,exp1_repeat_2,medmnist/NSGA/experiment_organamnist_nsga3/nsga3/exp1_repeat_2,125_0,knee,97.78,40555,22642048,17130.0,14
C,C2_medmnist,organamnist,nsga3,exp1_repeat_2,medmnist/NSGA/experiment_organamnist_nsga3/nsga3/exp1_repeat_2,90_17,front,94.75,41995,49586560,11846.3,13
C,C2_medmnist,organamnist,nsga3,exp1_repeat_2,medmnist/NSGA/experiment_organamnist_nsga3/nsga3/exp1_repeat_2,91_11,front,93.43,42987,37497536,4918.1,13
C,C2_medmnist,organamnist,nsga3,exp1_repeat_2,medmnist/NSGA/experiment_organamnist_nsga3/nsga3/exp1_repeat_2,134_5,strat10,96.06,44875,45967552,7975.0,14
C,C2_medmnist,organamnist,nsga3,exp1_repeat_2,medmnist/NSGA/experiment_organamnist_nsga3/nsga3/exp1_repeat_2,124_11,front,96.77,45899,50282688,4778.3,13
C,C2_medmnist,organamnist,nsga3,exp1_repeat_2,medmnist/NSGA/experiment_organamnist_nsga3/nsga3/exp1_repeat_2,103_0,front,97.07,52331,38547840,16866.2,14
C,C2_medmnist,organamnist,nsga3,exp1_repeat_2,medmnist/NSGA/experiment_organamnist_nsga3/nsga3/exp1_repeat_2,133_10,front,97.78,57163,44763328,8419.1,12
C,C2_medmnist,organamnist,nsga3,exp1_repeat_2,medmnist/NSGA/experiment_organamnist_nsga3/nsga3/exp1_repeat_2,124_8,strat10,97.98,57259,54397120,2879.1,13
C,C2_medmnist,organamnist,nsga3,exp1_repeat_2,medmnist/NSGA/experiment_organamnist_nsga3/nsga3/exp1_repeat_2,115_16,front,98.48,68715,48281984,13666.2,14
C,C2_medmnist,organamnist,nsga3,exp1_repeat_2,medmnist/NSGA/experiment_organamnist_nsga3/nsga3/exp1_repeat_2,143_7,front,98.38,71467,63284608,13170.4,14
C,C2_medmnist,organamnist,nsga3,exp1_repeat_2,medmnist/NSGA/experiment_organamnist_nsga3/nsga3/exp1_repeat_2,102_13,front,98.59,76203,63177920,22322.1,14
C,C2_medmnist,organamnist,nsga3,exp1_repeat_2,medmnist/NSGA/experiment_organamnist_nsga3/nsga3/exp1_repeat_2,109_1,strat10,98.38,80747,71886528,12182.1,14
C,C2_medmnist,organamnist,nsga3,exp1_repeat_2,medmnist/NSGA/experiment_organamnist_nsga3/nsga3/exp1_repeat_2,107_3,front,98.48,99339,133775552,7400.8,14
C,C2_medmnist,organamnist,nsga3,exp1_repeat_2,medmnist/NSGA/experiment_organamnist_nsga3/nsga3/exp1_repeat_2,141_16,front,98.89,99723,74480000,7940.1,14
C,C2_medmnist,organamnist,nsga3,exp1_repeat_2,medmnist/NSGA/experiment_organamnist_nsga3/nsga3/exp1_repeat_2,91_9,strat10,98.38,112811,73824960,5297.1,14
C,C2_medmnist,organamnist,nsga3,exp1_repeat_2,medmnist/NSGA/experiment_organamnist_nsga3/nsga3/exp1_repeat_2,112_1,front,98.48,149515,212451520,3604.9,14
C,C2_medmnist,organamnist,nsga3,exp1_repeat_2,medmnist/NSGA/experiment_organamnist_nsga3/nsga3/exp1_repeat_2,124_10,front,98.79,154539,195793088,4799.2,14
C,C2_medmnist,organamnist,nsga3,exp1_repeat_2,medmnist/NSGA/experiment_organamnist_nsga3/nsga3/exp1_repeat_2,56_7,front,98.99,166251,209039552,26167.1,15
C,C2_medmnist,organamnist,nsga3,exp1_repeat_2,medmnist/NSGA/experiment_organamnist_nsga3/nsga3/exp1_repeat_2,121_8,strat10,98.99,174091,220881088,3583.3,14
C,C2_medmnist,organamnist,nsga3,exp1_repeat_2,medmnist/NSGA/experiment_organamnist_nsga3/nsga3/exp1_repeat_2,91_4,front,98.38,175211,252592320,3458.5,15
C,C2_medmnist,organamnist,nsga3,exp1_repeat_2,medmnist/NSGA/experiment_organamnist_nsga3/nsga3/exp1_repeat_2,104_2,front,98.59,190219,260018368,3524.8,14
C,C2_medmnist,organamnist,nsga3,exp1_repeat_2,medmnist/NSGA/experiment_organamnist_nsga3/nsga3/exp1_repeat_2,138_13,front,95.25,195595,272722624,2661.4,13
C,C2_medmnist,organamnist,nsga3,exp1_repeat_2,medmnist/NSGA/experiment_organamnist_nsga3/nsga3/exp1_repeat_2,144_14,strat10,98.79,203435,301670784,2942.8,13
C,C2_medmnist,organamnist,nsga3,exp1_repeat_2,medmnist/NSGA/experiment_organamnist_nsga3/nsga3/exp1_repeat_2,143_15,front,92.63,218027,322349760,1900.8,13
C,C2_medmnist,organamnist,nsga3,exp1_repeat_2,medmnist/NSGA/experiment_organamnist_nsga3/nsga3/exp1_repeat_2,87_0,front,97.47,218635,297800896,2874.7,13
C,C2_medmnist,organamnist,nsga3,exp1_repeat_2,medmnist/NSGA/experiment_organamnist_nsga3/nsga3/exp1_repeat_2,104_18,strat10,97.37,219147,322898624,2081.3,13
C,C2_medmnist,organamnist,nsga3,exp1_repeat_2,medmnist/NSGA/experiment_organamnist_nsga3/nsga3/exp1_repeat_2,114_12,front,99.09,247659,364986560,2622.2,13
C,C2_medmnist,organamnist,nsga3,exp1_repeat_2,medmnist/NSGA/experiment_organamnist_nsga3/nsga3/exp1_repeat_2,128_7,front,98.08,257995,367495360,2371.1,13
C,C2_medmnist,organamnist,nsga3,exp1_repeat_2,medmnist/NSGA/experiment_organamnist_nsga3/nsga3/exp1_repeat_2,126_1,front,98.59,327819,490225856,2243.8,13
C,C2_medmnist,organamnist,nsga3,exp1_repeat_2,medmnist/NSGA/experiment_organamnist_nsga3/nsga3/exp1_repeat_2,83_10,best_acc,99.19,909515,256668352,8182.4,15
C,C2_medmnist,organamnist,nsga3,exp1_repeat_3,medmnist/NSGA/experiment_organamnist_nsga3/nsga3/exp1_repeat_3,103_7,compact,95.76,20427,14767808,15114.8,16
C,C2_medmnist,organamnist,nsga3,exp1_repeat_3,medmnist/NSGA/experiment_organamnist_nsga3/nsga3/exp1_repeat_3,94_12,front,93.64,23019,14772608,10104.5,16
C,C2_medmnist,organamnist,nsga3,exp1_repeat_3,medmnist/NSGA/experiment_organamnist_nsga3/nsga3/exp1_repeat_3,89_16,knee,97.27,28043,6543744,12028.9,16
C,C2_medmnist,organamnist,nsga3,exp1_repeat_3,medmnist/NSGA/experiment_organamnist_nsga3/nsga3/exp1_repeat_3,90_13,front,96.57,28043,11962752,11738.8,16
C,C2_medmnist,organamnist,nsga3,exp1_repeat_3,medmnist/NSGA/experiment_organamnist_nsga3/nsga3/exp1_repeat_3,90_10,front,92.63,33451,29658816,8318.4,17
C,C2_medmnist,organamnist,nsga3,exp1_repeat_3,medmnist/NSGA/experiment_organamnist_nsga3/nsga3/exp1_repeat_3,90_9,strat10,95.25,38123,38889152,7824.1,17
C,C2_medmnist,organamnist,nsga3,exp1_repeat_3,medmnist/NSGA/experiment_organamnist_nsga3/nsga3/exp1_repeat_3,90_1,front,95.25,39595,40194432,5970.0,16
C,C2_medmnist,organamnist,nsga3,exp1_repeat_3,medmnist/NSGA/experiment_organamnist_nsga3/nsga3/exp1_repeat_3,116_3,front,97.88,47243,19318464,22147.8,16
C,C2_medmnist,organamnist,nsga3,exp1_repeat_3,medmnist/NSGA/experiment_organamnist_nsga3/nsga3/exp1_repeat_3,90_17,front,90.0,47819,32865984,5700.2,17
C,C2_medmnist,organamnist,nsga3,exp1_repeat_3,medmnist/NSGA/experiment_organamnist_nsga3/nsga3/exp1_repeat_3,87_5,front,90.71,49867,36077248,3799.3,17
C,C2_medmnist,organamnist,nsga3,exp1_repeat_3,medmnist/NSGA/experiment_organamnist_nsga3/nsga3/exp1_repeat_3,94_7,strat10,96.06,50603,8210112,9385.8,16
C,C2_medmnist,organamnist,nsga3,exp1_repeat_3,medmnist/NSGA/experiment_organamnist_nsga3/nsga3/exp1_repeat_3,95_19,front,96.46,55915,24444608,10966.9,17
C,C2_medmnist,organamnist,nsga3,exp1_repeat_3,medmnist/NSGA/experiment_organamnist_nsga3/nsga3/exp1_repeat_3,87_14,front,96.97,55979,27402624,8728.9,16
C,C2_medmnist,organamnist,nsga3,exp1_repeat_3,medmnist/NSGA/experiment_organamnist_nsga3/nsga3/exp1_repeat_3,89_17,front,95.35,57291,42577600,7795.5,17
C,C2_medmnist,organamnist,nsga3,exp1_repeat_3,medmnist/NSGA/experiment_organamnist_nsga3/nsga3/exp1_repeat_3,88_1,strat10,91.82,58667,58506624,5803.1,17
C,C2_medmnist,organamnist,nsga3,exp1_repeat_3,medmnist/NSGA/experiment_organamnist_nsga3/nsga3/exp1_repeat_3,84_14,front,97.88,62027,37036416,11481.5,17
C,C2_medmnist,organamnist,nsga3,exp1_repeat_3,medmnist/NSGA/experiment_organamnist_nsga3/nsga3/exp1_repeat_3,99_5,front,91.52,63531,60379520,5257.0,17
C,C2_medmnist,organamnist,nsga3,exp1_repeat_3,medmnist/NSGA/experiment_organamnist_nsga3/nsga3/exp1_repeat_3,91_9,front,89.29,63979,91823488,3145.5,16
C,C2_medmnist,organamnist,nsga3,exp1_repeat_3,medmnist/NSGA/experiment_organamnist_nsga3/nsga3/exp1_repeat_3,90_0,front,94.75,66251,37682880,5163.5,17
C,C2_medmnist,organamnist,nsga3,exp1_repeat_3,medmnist/NSGA/experiment_organamnist_nsga3/nsga3/exp1_repeat_3,90_7,strat10,90.91,66347,72003264,3413.5,17
C,C2_medmnist,organamnist,nsga3,exp1_repeat_3,medmnist/NSGA/experiment_organamnist_nsga3/nsga3/exp1_repeat_3,88_8,front,95.35,72427,62977216,5970.9,17
C,C2_medmnist,organamnist,nsga3,exp1_repeat_3,medmnist/NSGA/experiment_organamnist_nsga3/nsga3/exp1_repeat_3,89_4,front,98.28,74507,29177536,7478.2,17
C,C2_medmnist,organamnist,nsga3,exp1_repeat_3,medmnist/NSGA/experiment_organamnist_nsga3/nsga3/exp1_repeat_3,87_3,front,95.66,76747,64878976,6450.6,16
C,C2_medmnist,organamnist,nsga3,exp1_repeat_3,medmnist/NSGA/experiment_organamnist_nsga3/nsga3/exp1_repeat_3,93_3,front,93.23,79243,74813824,4221.2,17
C,C2_medmnist,organamnist,nsga3,exp1_repeat_3,medmnist/NSGA/experiment_organamnist_nsga3/nsga3/exp1_repeat_3,87_16,strat10,97.17,85963,67387072,3563.2,17
C,C2_medmnist,organamnist,nsga3,exp1_repeat_3,medmnist/NSGA/experiment_organamnist_nsga3/nsga3/exp1_repeat_3,89_12,front,97.98,86731,38184640,7224.8,17
C,C2_medmnist,organamnist,nsga3,exp1_repeat_3,medmnist/NSGA/experiment_organamnist_nsga3/nsga3/exp1_repeat_3,93_8,front,97.47,86731,68591296,6249.3,17
C,C2_medmnist,organamnist,nsga3,exp1_repeat_3,medmnist/NSGA/experiment_organamnist_nsga3/nsga3/exp1_repeat_3,89_19,front,97.98,90475,74417344,3312.6,14
C,C2_medmnist,organamnist,nsga3,exp1_repeat_3,medmnist/NSGA/experiment_organamnist_nsga3/nsga3/exp1_repeat_3,87_2,front,90.51,107307,165129920,3045.3,16
C,C2_medmnist,organamnist,nsga3,exp1_repeat_3,medmnist/NSGA/experiment_organamnist_nsga3/nsga3/exp1_repeat_3,85_7,strat10,98.38,115275,107884736,6577.1,16
C,C2_medmnist,organamnist,nsga3,exp1_repeat_3,medmnist/NSGA/experiment_organamnist_nsga3/nsga3/exp1_repeat_3,110_2,front,98.08,132203,64420608,5799.5,17
C,C2_medmnist,organamnist,nsga3,exp1_repeat_3,medmnist/NSGA/experiment_organamnist_nsga3/nsga3/exp1_repeat_3,89_6,front,97.98,147531,74743168,3181.1,17
C,C2_medmnist,organamnist,nsga3,exp1_repeat_3,medmnist/NSGA/experiment_organamnist_nsga3/nsga3/exp1_repeat_3,95_5,front,98.18,151371,199255232,4074.8,16
C,C2_medmnist,organamnist,nsga3,exp1_repeat_3,medmnist/NSGA/experiment_organamnist_nsga3/nsga3/exp1_repeat_3,123_9,strat10,98.69,163275,242613632,4514.4,16
C,C2_medmnist,organamnist,nsga3,exp1_repeat_3,medmnist/NSGA/experiment_organamnist_nsga3/nsga3/exp1_repeat_3,89_7,front,98.28,172203,181087936,2590.5,17
C,C2_medmnist,organamnist,nsga3,exp1_repeat_3,medmnist/NSGA/experiment_organamnist_nsga3/nsga3/exp1_repeat_3,112_14,front,98.79,203883,229484288,17827.7,18
C,C2_medmnist,organamnist,nsga3,exp1_repeat_3,medmnist/NSGA/experiment_organamnist_nsga3/nsga3/exp1_repeat_3,67_11,front,98.89,210283,292306624,16962.1,16
C,C2_medmnist,organamnist,nsga3,exp1_repeat_3,medmnist/NSGA/experiment_organamnist_nsga3/nsga3/exp1_repeat_3,114_16,front,98.89,249867,184194816,14300.0,18
C,C2_medmnist,organamnist,nsga3,exp1_repeat_3,medmnist/NSGA/experiment_organamnist_nsga3/nsga3/exp1_repeat_3,137_5,front,95.76,512299,710894272,2103.6,14
C,C2_medmnist,organamnist,nsga3,exp1_repeat_3,medmnist/NSGA/experiment_organamnist_nsga3/nsga3/exp1_repeat_3,110_5,front,98.38,514955,397077888,2875.3,15
C,C2_medmnist,organamnist,nsga3,exp1_repeat_3,medmnist/NSGA/experiment_organamnist_nsga3/nsga3/exp1_repeat_3,36_14,best_acc,99.19,558891,860380544,3727.2,18
C,C2_medmnist,organamnist,nsga3,exp1_repeat_3,medmnist/NSGA/experiment_organamnist_nsga3/nsga3/exp1_repeat_3,137_11,front,98.08,654187,929265856,2380.6,12
C,C2_medmnist,organamnist,nsga3,exp1_repeat_3,medmnist/NSGA/experiment_organamnist_nsga3/nsga3/exp1_repeat_3,148_0,front,98.59,893643,1282636544,2959.4,13
C,C2_medmnist,organamnist,nsga3,exp1_repeat_3,medmnist/NSGA/experiment_organamnist_nsga3/nsga3/exp1_repeat_3,16_11,front,98.69,1085099,1346943360,3442.9,18
D,C3_fairness_two,person_bin_96,moqnas,exp3_repeat_1,moqnas/experiment_personbin_qfamily/moqnas/exp3_repeat_1,86_12,front,94.1,452578,2218189824,11112.4,12
D,C3_fairness_two,person_bin_96,moqnas,exp3_repeat_1,moqnas/experiment_personbin_qfamily/moqnas/exp3_repeat_1,75_15,front,93.3,553698,2363719936,862.1,14
D,C3_fairness_two,person_bin_96,moqnas,exp3_repeat_1,moqnas/experiment_personbin_qfamily/moqnas/exp3_repeat_1,95_3,front,94.0,652930,2417340672,16361.5,16
D,C3_fairness_two,person_bin_96,moqnas,exp3_repeat_1,moqnas/experiment_personbin_qfamily/moqnas/exp3_repeat_1,54_9,front,93.8,757378,3615630336,11638.6,11
D,C3_fairness_two,person_bin_96,moqnas,exp3_repeat_1,moqnas/experiment_personbin_qfamily/moqnas/exp3_repeat_1,98_21,front,93.5,768258,2558511360,10391.2,12
D,C3_fairness_two,person_bin_96,moqnas,exp3_repeat_1,moqnas/experiment_personbin_qfamily/moqnas/exp3_repeat_1,94_11,best_mean_tpr,93.7,1074754,4457922816,8251.0,15
D,C3_fairness_two,person_bin_96,moqnas,exp3_repeat_1,moqnas/experiment_personbin_qfamily/moqnas/exp3_repeat_1,95_15,front,95.1,1167938,4167993600,7521.0,15
D,C3_fairness_two,person_bin_96,moqnas,exp3_repeat_2,moqnas/experiment_personbin_qfamily/moqnas/exp3_repeat_2,56_16,front,94.7,249794,1678346496,11433.5,12
D,C3_fairness_two,person_bin_96,moqnas,exp3_repeat_2,moqnas/experiment_personbin_qfamily/moqnas/exp3_repeat_2,49_11,front,95.1,262946,1668649088,3681.7,13
D,C3_fairness_two,person_bin_96,moqnas,exp3_repeat_2,moqnas/experiment_personbin_qfamily/moqnas/exp3_repeat_2,22_20,front,94.5,304258,1726120192,816.6,13
D,C3_fairness_two,person_bin_96,moqnas,exp3_repeat_2,moqnas/experiment_personbin_qfamily/moqnas/exp3_repeat_2,20_16,balanced+fairness_prioritized,94.4,355490,1727041664,3702.1,14
D,C3_fairness_two,person_bin_96,moqnas,exp3_repeat_2,moqnas/experiment_personbin_qfamily/moqnas/exp3_repeat_2,77_12,front,94.9,379234,874258560,8176.7,17
D,C3_fairness_two,person_bin_96,moqnas,exp3_repeat_2,moqnas/experiment_personbin_qfamily/moqnas/exp3_repeat_2,81_0,front,95.2,471810,2643887232,9937.5,16
D,C3_fairness_two,person_bin_96,moqnas,exp3_repeat_2,moqnas/experiment_personbin_qfamily/moqnas/exp3_repeat_2,40_1,front,94.6,503522,2024312960,5776.7,16
D,C3_fairness_two,person_bin_96,moqnas,exp3_repeat_2,moqnas/experiment_personbin_qfamily/moqnas/exp3_repeat_2,88_12,front,94.8,529954,2175307904,12373.4,16
D,C3_fairness_two,person_bin_96,moqnas,exp3_repeat_2,moqnas/experiment_personbin_qfamily/moqnas/exp3_repeat_2,72_11,front,94.6,566594,6303081600,2626.2,14
D,C3_fairness_two,person_bin_96,moqnas,exp3_repeat_2,moqnas/experiment_personbin_qfamily/moqnas/exp3_repeat_2,79_10,front,95.1,1112066,2011894272,7635.1,13
D,C3_fairness_two,person_bin_96,moqnas,exp3_repeat_3,moqnas/experiment_personbin_qfamily/moqnas/exp3_repeat_3,80_17,front,95.0,508898,1972962432,10213.4,13
D,C3_fairness_two,person_bin_96,moqnas,exp3_repeat_3,moqnas/experiment_personbin_qfamily/moqnas/exp3_repeat_3,84_10,best_accuracy,95.2,603394,3613853952,17832.8,12
D,C3_fairness_two,person_bin_96,moqnas,exp3_repeat_3,moqnas/experiment_personbin_qfamily/moqnas/exp3_repeat_3,86_0,front,93.6,752226,6418171008,11715.6,17
D,C3_fairness_two,person_bin_96,moqnas,exp3_repeat_3,moqnas/experiment_personbin_qfamily/moqnas/exp3_repeat_3,41_19,front,94.5,924130,2210807936,13014.9,14
D,C3_fairness_two,person_bin_96,moqnas,exp3_repeat_3,moqnas/experiment_personbin_qfamily/moqnas/exp3_repeat_3,40_11,front,95.2,1008386,2211122176,7680.7,16
D,C3_fairness_two,person_bin_96,moqnas,exp3_repeat_3,moqnas/experiment_personbin_qfamily/moqnas/exp3_repeat_3,92_19,front,93.0,1139938,2657321088,11146.5,18
D,C3_fairness_two,person_bin_96,moqnas,exp3_repeat_3,moqnas/experiment_personbin_qfamily/moqnas/exp3_repeat_3,74_15,lowest_dgroup,92.7,1518946,6630948864,2497.1,15
D,C3_fairness_three,person_bin_96,moqnas,exp2_repeat_1,moqnas/experiment_personbin_qfamily/moqnas/exp2_repeat_1,43_22,front,94.1,343362,1053463680,7885.4,14
D,C3_fairness_three,person_bin_96,moqnas,exp2_repeat_1,moqnas/experiment_personbin_qfamily/moqnas/exp2_repeat_1,71_18,front,94.8,402274,1965183104,853.8,14
D,C3_fairness_three,person_bin_96,moqnas,exp2_repeat_1,moqnas/experiment_personbin_qfamily/moqnas/exp2_repeat_1,4_22,front,93.1,456482,5816259072,14709.2,13
D,C3_fairness_three,person_bin_96,moqnas,exp2_repeat_1,moqnas/experiment_personbin_qfamily/moqnas/exp2_repeat_1,40_16,front,89.8,602690,41812224,8670.2,13
D,C3_fairness_three,person_bin_96,moqnas,exp2_repeat_1,moqnas/experiment_personbin_qfamily/moqnas/exp2_repeat_1,64_15,front,94.1,672866,3024029952,9284.9,16
D,C3_fairness_three,person_bin_96,moqnas,exp2_repeat_1,moqnas/experiment_personbin_qfamily/moqnas/exp2_repeat_1,43_0,front,92.4,698722,5781901824,12843.9,12
D,C3_fairness_three,person_bin_96,moqnas,exp2_repeat_1,moqnas/experiment_personbin_qfamily/moqnas/exp2_repeat_1,20_2,front,93.7,800130,6286362624,17595.1,13
D,C3_fairness_three,person_bin_96,moqnas,exp2_repeat_1,moqnas/experiment_personbin_qfamily/moqnas/exp2_repeat_1,13_17,front,94.0,820226,2141291520,13440.0,15
D,C3_fairness_three,person_bin_96,moqnas,exp2_repeat_1,moqnas/experiment_personbin_qfamily/moqnas/exp2_repeat_1,68_3,best_mean_tpr,92.7,875266,2900646144,27114.0,15
D,C3_fairness_three,person_bin_96,moqnas,exp2_repeat_1,moqnas/experiment_personbin_qfamily/moqnas/exp2_repeat_1,75_4,fairness_prioritized,93.6,885058,3075823872,15811.4,15
D,C3_fairness_three,person_bin_96,moqnas,exp2_repeat_1,moqnas/experiment_personbin_qfamily/moqnas/exp2_repeat_1,49_0,front,94.2,899970,5053925376,8839.2,12
D,C3_fairness_three,person_bin_96,moqnas,exp2_repeat_1,moqnas/experiment_personbin_qfamily/moqnas/exp2_repeat_1,64_10,front,93.7,982050,6045345920,31730.5,18
D,C3_fairness_three,person_bin_96,moqnas,exp2_repeat_1,moqnas/experiment_personbin_qfamily/moqnas/exp2_repeat_1,23_22,front,91.6,1073122,2991498240,1024.2,12
D,C3_fairness_three,person_bin_96,moqnas,exp2_repeat_1,moqnas/experiment_personbin_qfamily/moqnas/exp2_repeat_1,61_14,front,94.3,1073602,5947801728,27258.4,15
D,C3_fairness_three,person_bin_96,moqnas,exp2_repeat_1,moqnas/experiment_personbin_qfamily/moqnas/exp2_repeat_1,61_4,front,92.8,1082978,5948082432,42056.8,12
D,C3_fairness_three,person_bin_96,moqnas,exp2_repeat_1,moqnas/experiment_personbin_qfamily/moqnas/exp2_repeat_1,58_16,front,95.0,1213026,5950439680,2548.4,14
D,C3_fairness_three,person_bin_96,moqnas,exp2_repeat_1,moqnas/experiment_personbin_qfamily/moqnas/exp2_repeat_1,50_0,front,94.4,1227650,9379862784,3297.7,15
D,C3_fairness_three,person_bin_96,moqnas,exp2_repeat_1,moqnas/experiment_personbin_qfamily/moqnas/exp2_repeat_1,15_8,front,94.4,1288834,5963360384,1984.7,15
D,C3_fairness_three,person_bin_96,moqnas,exp2_repeat_1,moqnas/experiment_personbin_qfamily/moqnas/exp2_repeat_1,47_4,balanced,94.5,1306626,7080841728,24489.3,14
D,C3_fairness_three,person_bin_96,moqnas,exp2_repeat_1,moqnas/experiment_personbin_qfamily/moqnas/exp2_repeat_1,38_6,front,95.1,1360802,5948375552,13347.1,13
D,C3_fairness_three,person_bin_96,moqnas,exp2_repeat_1,moqnas/experiment_personbin_qfamily/moqnas/exp2_repeat_1,91_2,front,94.1,1482178,10573194240,36762.2,13
D,C3_fairness_three,person_bin_96,moqnas,exp2_repeat_1,moqnas/experiment_personbin_qfamily/moqnas/exp2_repeat_1,56_8,front,94.6,1504578,6066433152,11141.0,15
D,C3_fairness_three,person_bin_96,moqnas,exp2_repeat_1,moqnas/experiment_personbin_qfamily/moqnas/exp2_repeat_1,18_9,front,94.5,1549410,5955305984,26374.8,15
D,C3_fairness_three,person_bin_96,moqnas,exp2_repeat_1,moqnas/experiment_personbin_qfamily/moqnas/exp2_repeat_1,81_17,front,95.0,1650594,6818736384,37991.2,15
D,C3_fairness_three,person_bin_96,moqnas,exp2_repeat_1,moqnas/experiment_personbin_qfamily/moqnas/exp2_repeat_1,46_10,front,94.1,1654306,3233417472,28899.4,13
D,C3_fairness_three,person_bin_96,moqnas,exp2_repeat_1,moqnas/experiment_personbin_qfamily/moqnas/exp2_repeat_1,97_18,front,94.8,1768194,4037354496,13722.4,12
D,C3_fairness_three,person_bin_96,moqnas,exp2_repeat_1,moqnas/experiment_personbin_qfamily/moqnas/exp2_repeat_1,21_18,front,94.4,1804642,6000871680,2353.9,13
D,C3_fairness_three,person_bin_96,moqnas,exp2_repeat_1,moqnas/experiment_personbin_qfamily/moqnas/exp2_repeat_1,93_0,front,94.8,1953442,6122967552,28316.2,13
D,C3_fairness_three,person_bin_96,moqnas,exp2_repeat_1,moqnas/experiment_personbin_qfamily/moqnas/exp2_repeat_1,80_23,front,94.5,2003938,11302212096,4686.5,13
D,C3_fairness_three,person_bin_96,moqnas,exp2_repeat_1,moqnas/experiment_personbin_qfamily/moqnas/exp2_repeat_1,29_14,front,94.0,2132258,7523804160,12044.7,14
D,C3_fairness_three,person_bin_96,moqnas,exp2_repeat_1,moqnas/experiment_personbin_qfamily/moqnas/exp2_repeat_1,48_8,front,94.0,2198818,7699564800,12117.3,15
D,C3_fairness_three,person_bin_96,moqnas,exp2_repeat_2,moqnas/experiment_personbin_qfamily/moqnas/exp2_repeat_2,32_20,front,94.3,253154,1260972288,21111.3,16
D,C3_fairness_three,person_bin_96,moqnas,exp2_repeat_2,moqnas/experiment_personbin_qfamily/moqnas/exp2_repeat_2,79_17,front,93.2,273506,209242368,3614.2,13
D,C3_fairness_three,person_bin_96,moqnas,exp2_repeat_2,moqnas/experiment_personbin_qfamily/moqnas/exp2_repeat_2,17_0,front,93.5,354562,1211802624,17672.7,15
D,C3_fairness_three,person_bin_96,moqnas,exp2_repeat_2,moqnas/experiment_personbin_qfamily/moqnas/exp2_repeat_2,16_23,front,94.3,428002,1172867328,1588.6,18
D,C3_fairness_three,person_bin_96,moqnas,exp2_repeat_2,moqnas/experiment_personbin_qfamily/moqnas/exp2_repeat_2,72_17,front,92.7,518274,1190338560,6017.3,13
D,C3_fairness_three,person_bin_96,moqnas,exp2_repeat_2,moqnas/experiment_personbin_qfamily/moqnas/exp2_repeat_2,81_14,front,94.5,522722,653083136,1247.4,16
D,C3_fairness_three,person_bin_96,moqnas,exp2_repeat_2,moqnas/experiment_personbin_qfamily/moqnas/exp2_repeat_2,34_5,front,92.7,525058,1064060928,11988.4,11
D,C3_fairness_three,person_bin_96,moqnas,exp2_repeat_2,moqnas/experiment_personbin_qfamily/moqnas/exp2_repeat_2,21_9,front,92.9,558178,1347305472,15384.9,14
D,C3_fairness_three,person_bin_96,moqnas,exp2_repeat_2,moqnas/experiment_personbin_qfamily/moqnas/exp2_repeat_2,92_9,front,93.1,567394,1046794752,14330.8,13
D,C3_fairness_three,person_bin_96,moqnas,exp2_repeat_2,moqnas/experiment_personbin_qfamily/moqnas/exp2_repeat_2,21_8,front,93.2,574882,1313542656,13170.1,16
D,C3_fairness_three,person_bin_96,moqnas,exp2_repeat_2,moqnas/experiment_personbin_qfamily/moqnas/exp2_repeat_2,26_15,front,94.3,590786,2639614464,16471.7,17
D,C3_fairness_three,person_bin_96,moqnas,exp2_repeat_2,moqnas/experiment_personbin_qfamily/moqnas/exp2_repeat_2,38_1,front,92.1,627266,6929270784,22556.9,13
D,C3_fairness_three,person_bin_96,moqnas,exp2_repeat_2,moqnas/experiment_personbin_qfamily/moqnas/exp2_repeat_2,83_21,best_accuracy,95.5,670210,3768463872,18585.9,15
D,C3_fairness_three,person_bin_96,moqnas,exp2_repeat_2,moqnas/experiment_personbin_qfamily/moqnas/exp2_repeat_2,12_16,front,94.8,673090,3017101824,2715.9,17
D,C3_fairness_three,person_bin_96,moqnas,exp2_repeat_2,moqnas/experiment_personbin_qfamily/moqnas/exp2_repeat_2,8_22,front,94.4,703074,4106649856,1202.3,12
D,C3_fairness_three,person_bin_96,moqnas,exp2_repeat_2,moqnas/experiment_personbin_qfamily/moqnas/exp2_repeat_2,84_9,front,95.0,714434,3771634176,11499.6,16
D,C3_fairness_three,person_bin_96,moqnas,exp2_repeat_2,moqnas/experiment_personbin_qfamily/moqnas/exp2_repeat_2,39_18,front,95.1,716962,1240107264,8145.7,15
D,C3_fairness_three,person_bin_96,moqnas,exp2_repeat_2,moqnas/experiment_personbin_qfamily/moqnas/exp2_repeat_2,55_12,front,93.9,751586,1882423808,9883.7,16
D,C3_fairness_three,person_bin_96,moqnas,exp2_repeat_2,moqnas/experiment_personbin_qfamily/moqnas/exp2_repeat_2,49_17,front,94.8,761634,1979236608,1575.4,15
D,C3_fairness_three,person_bin_96,moqnas,exp2_repeat_2,moqnas/experiment_personbin_qfamily/moqnas/exp2_repeat_2,82_6,front,91.5,853570,3297189888,13943.0,11
D,C3_fairness_three,person_bin_96,moqnas,exp2_repeat_2,moqnas/experiment_personbin_qfamily/moqnas/exp2_repeat_2,76_18,front,94.2,961698,626690304,16298.7,16
D,C3_fairness_three,person_bin_96,moqnas,exp2_repeat_2,moqnas/experiment_personbin_qfamily/moqnas/exp2_repeat_2,16_10,front,93.2,1050882,1676429568,12656.9,15
D,C3_fairness_three,person_bin_96,moqnas,exp2_repeat_2,moqnas/experiment_personbin_qfamily/moqnas/exp2_repeat_2,91_23,front,94.5,1161186,1482232320,4381.5,16
D,C3_fairness_three,person_bin_96,moqnas,exp2_repeat_2,moqnas/experiment_personbin_qfamily/moqnas/exp2_repeat_2,96_6,front,94.3,1372482,4072662016,17592.3,18
D,C3_fairness_three,person_bin_96,moqnas,exp2_repeat_2,moqnas/experiment_personbin_qfamily/moqnas/exp2_repeat_2,18_23,front,94.4,1506786,5143873664,2082.4,16
D,C3_fairness_three,person_bin_96,moqnas,exp2_repeat_2,moqnas/experiment_personbin_qfamily/moqnas/exp2_repeat_2,88_21,front,95.0,1572418,13911589888,32095.4,15
D,C3_fairness_three,person_bin_96,moqnas,exp2_repeat_2,moqnas/experiment_personbin_qfamily/moqnas/exp2_repeat_2,98_3,front,90.2,1996354,30430236672,25894.0,19
D,C3_fairness_three,person_bin_96,moqnas,exp2_repeat_3,moqnas/experiment_personbin_qfamily/moqnas/exp2_repeat_3,66_15,front,92.7,177570,526795008,5713.2,15
D,C3_fairness_three,person_bin_96,moqnas,exp2_repeat_3,moqnas/experiment_personbin_qfamily/moqnas/exp2_repeat_3,55_18,front,93.3,190690,449597952,6598.7,13
D,C3_fairness_three,person_bin_96,moqnas,exp2_repeat_3,moqnas/experiment_personbin_qfamily/moqnas/exp2_repeat_3,26_3,front,93.1,191074,1619970176,13463.2,16
D,C3_fairness_three,person_bin_96,moqnas,exp2_repeat_3,moqnas/experiment_personbin_qfamily/moqnas/exp2_repeat_3,57_5,front,93.1,245282,422388224,10931.0,16
D,C3_fairness_three,person_bin_96,moqnas,exp2_repeat_3,moqnas/experiment_personbin_qfamily/moqnas/exp2_repeat_3,38_23,front,93.8,331810,1542693888,965.2,13
D,C3_fairness_three,person_bin_96,moqnas,exp2_repeat_3,moqnas/experiment_personbin_qfamily/moqnas/exp2_repeat_3,49_11,front,92.7,338882,4037953536,25424.6,13
D,C3_fairness_three,person_bin_96,moqnas,exp2_repeat_3,moqnas/experiment_personbin_qfamily/moqnas/exp2_repeat_3,34_3,front,94.2,373506,1637942400,8058.1,16
D,C3_fairness_three,person_bin_96,moqnas,exp2_repeat_3,moqnas/experiment_personbin_qfamily/moqnas/exp2_repeat_3,33_16,front,94.3,378722,464045184,9288.7,14
D,C3_fairness_three,person_bin_96,moqnas,exp2_repeat_3,moqnas/experiment_personbin_qfamily/moqnas/exp2_repeat_3,25_10,front,93.5,379170,4336611840,24611.8,15
D,C3_fairness_three,person_bin_96,moqnas,exp2_repeat_3,moqnas/experiment_personbin_qfamily/moqnas/exp2_repeat_3,40_4,front,93.9,470882,2664107136,17187.0,13
D,C3_fairness_three,person_bin_96,moqnas,exp2_repeat_3,moqnas/experiment_personbin_qfamily/moqnas/exp2_repeat_3,63_14,front,94.9,492194,7428023424,30822.0,15
D,C3_fairness_three,person_bin_96,moqnas,exp2_repeat_3,moqnas/experiment_personbin_qfamily/moqnas/exp2_repeat_3,53_4,front,93.5,515106,1093847040,12636.1,13
D,C3_fairness_three,person_bin_96,moqnas,exp2_repeat_3,moqnas/experiment_personbin_qfamily/moqnas/exp2_repeat_3,100_1,front,92.4,519138,7429653504,28063.6,16
D,C3_fairness_three,person_bin_96,moqnas,exp2_repeat_3,moqnas/experiment_personbin_qfamily/moqnas/exp2_repeat_3,69_16,front,94.8,531170,7428690432,17799.3,16
D,C3_fairness_three,person_bin_96,moqnas,exp2_repeat_3,moqnas/experiment_personbin_qfamily/moqnas/exp2_repeat_3,28_16,front,94.7,534338,623333504,4040.4,15
D,C3_fairness_three,person_bin_96,moqnas,exp2_repeat_3,moqnas/experiment_personbin_qfamily/moqnas/exp2_repeat_3,60_15,front,93.5,565186,4885586176,7870.5,17
D,C3_fairness_three,person_bin_96,moqnas,exp2_repeat_3,moqnas/experiment_personbin_qfamily/moqnas/exp2_repeat_3,45_4,front,93.3,583042,583244928,10388.0,14
D,C3_fairness_three,person_bin_96,moqnas,exp2_repeat_3,moqnas/experiment_personbin_qfamily/moqnas/exp2_repeat_3,91_22,front,92.5,586146,9909340416,4810.9,14
D,C3_fairness_three,person_bin_96,moqnas,exp2_repeat_3,moqnas/experiment_personbin_qfamily/moqnas/exp2_repeat_3,83_3,front,94.1,602530,565053696,11872.5,11
D,C3_fairness_three,person_bin_96,moqnas,exp2_repeat_3,moqnas/experiment_personbin_qfamily/moqnas/exp2_repeat_3,32_21,front,94.0,608450,6461010432,12519.1,15
D,C3_fairness_three,person_bin_96,moqnas,exp2_repeat_3,moqnas/experiment_personbin_qfamily/moqnas/exp2_repeat_3,93_23,front,94.4,647842,4869735552,13881.0,15
D,C3_fairness_three,person_bin_96,moqnas,exp2_repeat_3,moqnas/experiment_personbin_qfamily/moqnas/exp2_repeat_3,80_16,front,94.3,700546,7687840896,2686.3,18
D,C3_fairness_three,person_bin_96,moqnas,exp2_repeat_3,moqnas/experiment_personbin_qfamily/moqnas/exp2_repeat_3,45_2,front,94.4,790850,1537579264,9433.6,17
D,C3_fairness_three,person_bin_96,moqnas,exp2_repeat_3,moqnas/experiment_personbin_qfamily/moqnas/exp2_repeat_3,66_3,front,93.2,819842,1930641536,9745.1,16
D,C3_fairness_three,person_bin_96,moqnas,exp2_repeat_3,moqnas/experiment_personbin_qfamily/moqnas/exp2_repeat_3,3_20,front,93.8,845090,879436800,8890.1,15
D,C3_fairness_three,person_bin_96,moqnas,exp2_repeat_3,moqnas/experiment_personbin_qfamily/moqnas/exp2_repeat_3,59_15,front,94.8,871650,4312941696,17755.9,14
D,C3_fairness_three,person_bin_96,moqnas,exp2_repeat_3,moqnas/experiment_personbin_qfamily/moqnas/exp2_repeat_3,99_23,front,94.6,881378,3207614976,14399.3,13
D,C3_fairness_three,person_bin_96,moqnas,exp2_repeat_3,moqnas/experiment_personbin_qfamily/moqnas/exp2_repeat_3,58_0,lowest_dgroup,92.3,953218,4134963456,11751.5,12
D,C3_fairness_three,person_bin_96,moqnas,exp2_repeat_3,moqnas/experiment_personbin_qfamily/moqnas/exp2_repeat_3,47_6,front,92.7,1073666,1070090496,11254.8,14
D,C3_fairness_three,person_bin_96,moqnas,exp2_repeat_3,moqnas/experiment_personbin_qfamily/moqnas/exp2_repeat_3,34_4,front,94.0,1101922,1787904128,10231.3,15
D,C3_fairness_three,person_bin_96,moqnas,exp2_repeat_3,moqnas/experiment_personbin_qfamily/moqnas/exp2_repeat_3,92_19,front,94.4,1176834,3218966784,12373.3,15
D,C3_fairness_three,person_bin_96,moqnas,exp2_repeat_3,moqnas/experiment_personbin_qfamily/moqnas/exp2_repeat_3,90_7,front,94.4,1199522,4270180608,17962.7,14
D,C3_fairness_three,person_bin_96,moqnas,exp2_repeat_3,moqnas/experiment_personbin_qfamily/moqnas/exp2_repeat_3,53_15,front,94.8,1224770,10116080640,2711.6,12
D,C3_fairness_three,person_bin_96,moqnas,exp2_repeat_3,moqnas/experiment_personbin_qfamily/moqnas/exp2_repeat_3,50_21,front,93.7,1543682,3679179264,7209.3,15
D,C3_fairness_three,person_bin_96,moqnas,exp2_repeat_3,moqnas/experiment_personbin_qfamily/moqnas/exp2_repeat_3,50_16,front,92.5,1617698,3850818048,1078.6,14
D,C3_fairness_three,person_bin_96,moqnas,exp2_repeat_3,moqnas/experiment_personbin_qfamily/moqnas/exp2_repeat_3,51_16,front,93.7,1675330,16334604288,6367.5,14
D,C3_fairness_three,person_bin_96,moqnas,exp2_repeat_3,moqnas/experiment_personbin_qfamily/moqnas/exp2_repeat_3,84_5,front,93.8,1770050,4185688320,16302.3,15
D,C3_fairness_three,person_bin_96,moqnas,exp2_repeat_3,moqnas/experiment_personbin_qfamily/moqnas/exp2_repeat_3,20_19,front,94.2,1771714,3873523968,7227.9,11
D,C3_fairness_three,person_bin_96,moqnas,exp2_repeat_3,moqnas/experiment_personbin_qfamily/moqnas/exp2_repeat_3,63_11,front,93.7,2815874,4510386432,23006.4,16
